chunk_id,doc_id,page_id,pdf_page,printed_page,chunk_index_on_page,start_word_index,end_word_index_exclusive,start_char,end_char_exclusive,word_count,chunk_text_sha256,chunk_text
C_0001_001,DOC_WHO_2003,P_0001,1,,1,0,41,0,131,41,1a6dbd571b80a10556bfbdf1ed54184a36420e7f964510d348beda8322df9478,"M A N U A L
O F B A S I C
T E C H N I Q U E S



FOR A HEALTH
LABORATORY

2 n d e d i t i o n





World Health Organization
Geneva"
C_0002_001,DOC_WHO_2003,P_0002,2,,1,0,220,0,1555,220,541cb7f69925512cefe31c6966093917286500b9ff10a059b440244a90ec5d6e,"The World Health Organization was established in 1948 as a specialized agency of the United Nations serving
as the directing and coordinating authority for international health matters and public health. One of WHO’s
constitutional functions is to provide objective and reliable information and advice in the field of human
health, a responsibility that it fulfils in part through its extensive programme of publications.

The Organization seeks through its publications to support national health strategies and address the most
pressing public health concerns of populations around the world. To respond to the needs of Member States
at all levels of development, WHO publishes practical manuals, handbooks and training material for specific
categories of health workers; internationally applicable guidelines and standards; reviews and analyses of
health policies, programmes and research; and state-of-the-art consensus reports that offer technical advice
and recommendations for decision-makers. These books are closely tied to the Organization’s priority
activities, encompassing disease prevention and control, the development of equitable health systems
based on primary health care, and health promotion for individuals and communities. Progress towards
better health for all also demands the global dissemination and exchange of information that draws on the
knowledge and experience of all WHO’s Member countries and the collaboration of world leaders in public
health and the biomedical sciences.

To ensure the widest possible availability of"
C_0002_002,DOC_WHO_2003,P_0002,2,,2,180,279,1290,1973,99,621c9679b6e27bf84db73c5474b644d71a8fcd767f95cfc25e471d8cadcec470,"demands the global dissemination and exchange of information that draws on the
knowledge and experience of all WHO’s Member countries and the collaboration of world leaders in public
health and the biomedical sciences.

To ensure the widest possible availability of authoritative information and guidance on health matters, WHO
secures the broad international distribution of its publications and encourages their translation and
adaptation. By helping to promote and protect health and prevent and control disease throughout the
world, WHO’s books contribute to achieving the Organization’s principal objective – the attainment by all
people of the highest possible level of health."
C_0003_001,DOC_WHO_2003,P_0003,3,,1,0,17,0,125,17,d39f8bd924b7d2a2931a4590e03d522b1c082aafcfb5d24c33742461dbf43165,"Contents i





Manual of
basic techniques for a health
laboratory

Second edition





World Health Organization
Geneva
2003"
C_0004_001,DOC_WHO_2003,P_0004,4,,1,0,220,0,1467,220,63f4823921589f30e22cb11a2d1c91fa972853167090076cde78b13f0838fed4,"ii Manual of basic techniques for a health laboratory





WHO Library Cataloguing-in-Publication Data

Manual of basic techniques for a health laboratory. — 2nd ed.

1.Clinical laboratory techniques — handbooks 2.Technology, Medical — handbooks 3.Manuals

ISBN 92 4 154530 5 (NLM classification: QY 25)





© World Health Organization 2003

All rights reserved. Publications of the World Health Organization can be obtained from Marketing
and Dissemination, World Health Organization, 20 Avenue Appia, 1211 Geneva 27, Switzerland (tel.:
+41 22 791 2476; fax: +41 22 791 4857; e-mail: bookorders@who.int). Requests for permission to repro-
duce or translate WHO publications – whether for sale or for noncommercial distribution – should be
addressed to Publications, at the above address (fax: +41 22 791 4806; e-mail: permissions@who.int).

The designations employed and the presentation of the material in this publication do not imply the
expression of any opinion whatsoever on the part of the World Health Organization concerning the
legal status of any country, territory, city or area or of its authorities, or concerning the delimitation of
its frontiers or boundaries. Dotted lines on maps represent approximate border lines for which there
may not yet be full agreement.

The mention of specific companies or of certain manufacturers’ products does not imply that they are
endorsed or recommended by the World Health Organization in preference to others of"
C_0004_002,DOC_WHO_2003,P_0004,4,,2,180,292,1222,1927,112,eb07ff585c954c35a73dccba79f401b86101671c305e02cdda94bf6680f9cc65,"border lines for which there
may not yet be full agreement.

The mention of specific companies or of certain manufacturers’ products does not imply that they are
endorsed or recommended by the World Health Organization in preference to others of a similar na-
ture that are not mentioned. Errors and omissions excepted, the names of proprietary products are
distinguished by initial capital letters.

The World Health Organization does not warrant that the information contained in this publication is
complete and correct and shall not be liable for any damages incurred as a result of its use.



Design by minimum graphics
Typeset in Hong Kong
Printed in Malta
99/12670 — SNPBest-set/Interprint — 15000"
C_0005_001,DOC_WHO_2003,P_0005,5,iii,1,0,198,0,1252,198,b9d18dc5aebcf69679604bf12999e1ec4f15259a1220538410b3d223b5419721,"Contents iii

Contents





Preface x


1. Introduction 1

1.1 Aim of the manual 1

1.2 Reagents and equipment 1

1.2.1 Reagents 1

1.2.2 Equipment 1

1.3 The responsibility of laboratory workers 2

1.4 Units of measurement 2

1.4.1 Quantities and units in the clinical laboratory 2

1.4.2 SI units and names for quantities 2



PART I 9


2. Setting up a peripheral health laboratory 11

2.1 Plan of a peripheral medical laboratory 11

2.1.1 A one-room laboratory 11

2.1.2 A two-room laboratory 12

2.2 Electricity 12

2.2.1 Sources of electricity 13

2.2.2 Setting up simple electrical equipment 15

2.2.3 What to do in case of failure of electrical equipment 17

2.3 Plumbing: simple procedures 20

2.3.1 Tools and materials 20

2.3.2 Taps 20

2.3.3 Sink traps 22

2.4 Water for laboratory use 23

2.4.1 Clean water 24

2.4.2 Distilled water 24

2.4.3 Demineralized water 27

2.4.4 Buffered water 29

2.5 Equipment 32

2.5.1 Essential laboratory instruments 32

2.5.2 Additional items 33

2.5.3 Equipment and supplies 33

2.5.4 Making glass equipment 33

2.5.5 Specimen containers 42

2.5.6 Storage, stocktaking and ordering supplies 45

2.6 Registration of specimens and preparation of monthly reports 46

2.6.1 Registration of specimens 46



iii"
C_0006_001,DOC_WHO_2003,P_0006,6,,1,0,220,0,1497,220,dff2a50699bf45c80dfe3845a57f8710573ce90842346d248cd900027a99a073,"iv Manual of basic techniques for a health laboratory




2.6.2 Preparation of monthly reports 47

3. General laboratory procedures 53

3.1 Use of a microscope 53

3.1.1 Components of a microscope 53

3.1.2 Setting up the microscope 58

3.1.3 Focusing the objective 61

3.1.4 Use of an ocular micrometer 63

3.1.5 Dark-field microscopy 64

3.1.6 Routine maintenance 64

3.2 Weighing: use of laboratory balances 66

3.2.1 Sensitivity of a balance 67

3.2.2 Open two-pan balance 67

3.2.3 Analytical balance 68

3.2.4 Dispensary balance 69

3.3 Centrifugation 69

3.3.1 Principle 69

3.3.2 Types of centrifuge 70

3.3.3 Instructions for use 71

3.4 Measurement and dispensing of liquids 73

3.4.1 Pipettes 73

3.4.2 Volumetric flasks 75

3.4.3 Burettes 77

3.4.4 Graduated conical glasses 77

3.5 Cleaning, disinfection and sterilization 77

3.5.1 Cleaning glassware and reusable syringes and needles 77

3.5.2 Cleaning non-disposable specimen containers 81

3.5.3 Cleaning and maintenance of other laboratory equipment 83

3.5.4 Disinfectants 83

3.5.5 Sterilization 85

3.6 Disposal of laboratory waste 90

3.6.1 Disposal of specimens and contaminated material 90

3.6.2 Incineration of disposable materials 90

3.6.3 Burial of disposable materials 91

3.7 Dispatch of specimens to a reference laboratory 91

3.7.1 Packing specimens for dispatch 91

3.7.2 Fixation and dispatch of biopsy specimens for
histopathological examination 95

3.8 Safety in the laboratory 96

3.8.1 Precautions to prevent"
C_0006_002,DOC_WHO_2003,P_0006,6,,2,180,257,1225,1743,77,38add708aaa7100bed5b8d1dea416df4e99882b7c317afbd66e632996db02931,"of disposable materials 91

3.7 Dispatch of specimens to a reference laboratory 91

3.7.1 Packing specimens for dispatch 91

3.7.2 Fixation and dispatch of biopsy specimens for
histopathological examination 95

3.8 Safety in the laboratory 96

3.8.1 Precautions to prevent accidents 97

3.8.2 First aid in laboratory accidents 98

3.9 Quality assurance in the laboratory 101

3.9.1 Specimen collection 102



PART II 103


4. Parasitology 105

4.1 Introduction 105

4.2 Examination of stool specimens for parasites 107"
C_0007_001,DOC_WHO_2003,P_0007,7,,1,0,220,0,1579,220,47a0f0c3d1335688aa02320269be2c02fd0969346897ba095e52b4c9218f978b,"Contents v




4.2.1 Collection of specimens 107

4.2.2 Visual examination 107

4.2.3 Microscopic examination 107

4.2.4 Dispatch of stools for detection of parasites 109

4.3 Intestinal protozoa 111

4.3.1 Identification of motile forms (trophozoites) 111

4.3.2 Identification of cysts 118

4.4 Intestinal helminths 125

4.4.1 Identification of eggs 126

4.4.2 Identification of adult helminths 146

4.5 Techniques for concentrating parasites 152

4.5.1 Flotation technique using sodium chloride solution (Willis) 152

4.5.2 Formaldehyde–ether sedimentation technique
(Allen & Ridley) 153

4.5.3 Formaldehyde–detergent sedimentation technique 154

4.5.4 Sedimentation technique for larvae of Strongyloides
stercoralis (Harada–Mori) 156

4.6 Chemical test for occult blood in stools 157

4.6.1 Principle 157

4.6.2 Materials and reagents 157

4.6.3 Method 158

4.6.4 Results 159

4.7 Parasites of the blood and skin 159

4.7.1 Filariae 159

4.7.2 Plasmodium spp. 172

4.7.3 Trypanosoma spp. 182

4.7.4 Leishmania spp. 194


5. Bacteriology 197

5.1 Introduction 197

5.2 Preparation and fixation of smears 197

5.2.1 Principle 197

5.2.2 Materials and reagents 197

5.2.3 Preparation of smears 198

5.2.4 Fixation of smears 199

5.3 Staining techniques 199

5.3.1 Gram staining 199

5.3.2 Staining with Albert stain (for the detection of
Corynebacterium diphtheriae) 201

5.3.3 Staining with Ziehl–Neelsen stain (for the detection of
acid-fast bacilli) 202

5.3.4 Staining with Wayson stain (for the detection of Yersinia
pestis) 203

5.3.5 Staining with Loeffler methylene blue"
C_0007_002,DOC_WHO_2003,P_0007,7,,2,180,255,1299,1815,75,e8f3fc9d153ed77bd6c3a9ff0452d986c64043f5f07a4ffdaefa7654b34c876d,"with Albert stain (for the detection of
Corynebacterium diphtheriae) 201

5.3.3 Staining with Ziehl–Neelsen stain (for the detection of
acid-fast bacilli) 202

5.3.4 Staining with Wayson stain (for the detection of Yersinia
pestis) 203

5.3.5 Staining with Loeffler methylene blue (for the detection of
Bacillus anthracis) 204

5.4 Examination of sputum specimens and throat swabs 204

5.4.1 Materials and reagents 205

5.4.2 Method 205

5.4.3 Microscopic examination 206

5.4.4 Dispatch of specimens for culture 206"
C_0008_001,DOC_WHO_2003,P_0008,8,,1,0,220,0,1530,220,a1d85aedcd78703d496d35f8c82201d143613061d489233fa7a7af7056409cea,"vi Manual of basic techniques for a health laboratory




5.5 Examination of urogenital specimens for gonorrhoea 207

5.5.1 Materials and reagents 207

5.5.2 Method 207

5.5.3 Microscopic examination 208

5.5.4 Dispatch of specimens for culture 209

5.6 Examination of genital specimens for syphilis 209

5.6.1 Materials and reagents 210

5.6.2 Method 210

5.6.3 Microscopic examination 211

5.7 Examination of semen specimens 211

5.7.1 Materials and reagents 211

5.7.2 Method 212

5.7.3 Macroscopic examination 212

5.7.4 Microscopic examination 212

5.8 Examination of vaginal discharge 215

5.8.1 Materials and reagents 215

5.8.2 Method 215

5.8.3 Microscopic examination 215

5.9 Examination of watery stool specimens 216

5.9.1 Materials and reagents 216

5.9.2 Method 216

5.9.3 Microscopic examination 216

5.9.4 Dispatch of specimens for culture 216

5.10 Examination of aspirates, exudates and effusions 218

5.10.1 Materials and reagents 218

5.10.2 Method 218

5.10.3 Microscopic examination 219

5.11 Examination of pus for Bacillus anthracis 219

5.11.1 Materials and reagents 219

5.11.2 Method 220

5.11.3 Microscopic examination 220

5.12 Examination of skin smears and nasal scrapings for
Mycobacterium leprae 220

5.12.1 Materials and reagents 220

5.12.2 Method 221

5.12.3 Microscopic examination 223


6. Mycology 225

6.1 Examination of skin and hair for fungi 225

6.1.1 Materials and reagents 225

6.1.2 Method 225

6.2 Examination of pus for mycetoma 226

6.2.1 Materials and reagents 227

6.2.2 Method"
C_0008_002,DOC_WHO_2003,P_0008,8,,2,180,237,1277,1641,57,32056cb8122f780998980a79903fda34dfc5dd9f78b02cb85edc1bc645c17e79,"Method 221

5.12.3 Microscopic examination 223


6. Mycology 225

6.1 Examination of skin and hair for fungi 225

6.1.1 Materials and reagents 225

6.1.2 Method 225

6.2 Examination of pus for mycetoma 226

6.2.1 Materials and reagents 227

6.2.2 Method 227

6.3 Examination of skin for pityriasis versicolor 227

6.3.1 Materials and reagents 227

6.3.2 Method 228"
C_0009_001,DOC_WHO_2003,P_0009,9,,1,0,220,0,1506,220,f2e3ba97c6b166fc7aa0e11d39877558c13ba443688a9ab204a0044ba313e572,"Contents vii





PART III 231


7. Examination of urine 233

7.1 Collection of urine specimens 233

7.1.1 Types of urine specimen 233

7.1.2 Preservation of urine specimens 234

7.2 Examination of urine specimens 234

7.2.1 Appearance 234

7.2.2 Testing for the presence of blood 234

7.2.3 Measuring the pH 235

7.2.4 Detection of glucose 236

7.2.5 Detection and estimation of protein 236

7.2.6 Detection of ketone bodies 239

7.2.7 Detection of abnormal elements 240

7.2.8 Detection of Schistosoma haematobium infection 249

7.2.9 Detection of bacteria 251


8. Examination of cerebrospinal fluid (CSF) 255

8.1 Common reasons for investigation of CSF 255

8.2 Collection of CSF specimens 255

8.3 Examination of CSF specimens 255

8.3.1 Precautions 255

8.3.2 Direct examination 256

8.3.3 Microscopic examination 257

8.3.4 Determination of glucose concentration 261

8.3.5 Determination of protein concentration 262

8.3.6 Summary 263

8.4 Dispatch of CSF specimens for culture 263

8.4.1 Materials and reagents 263

8.4.2 Method using Stuart transport medium (for the isolation of
Neisseria meningitidis) 264


9. Haematology 265

9.1 Types of blood cell 265

9.1.1 Erythrocytes 265

9.1.2 Leukocytes 265

9.1.3 Thrombocytes 266

9.2 Collection of blood specimens 267

9.2.1 Principle 267

9.2.2 Materials and reagents 267

9.2.3 Method 267

9.3 Estimation of the haemoglobin concentration 271

9.3.1 Haemiglobincyanide photometric method 271

9.3.2 Alkaline haematin D method 276

9.4 Estimation"
C_0009_002,DOC_WHO_2003,P_0009,9,,2,180,242,1216,1665,62,1b11058e0a29a91562445b068b73095178b0f75ef54e750147b3e401a3046479,"9.1.3 Thrombocytes 266

9.2 Collection of blood specimens 267

9.2.1 Principle 267

9.2.2 Materials and reagents 267

9.2.3 Method 267

9.3 Estimation of the haemoglobin concentration 271

9.3.1 Haemiglobincyanide photometric method 271

9.3.2 Alkaline haematin D method 276

9.4 Estimation of the erythrocyte volume fraction 279

9.4.1 Micro-scale method 280

9.4.2 Macro-scale method 286

9.5 Estimation of the erythrocyte number concentration 287"
C_0010_001,DOC_WHO_2003,P_0010,10,,1,0,220,0,1563,220,a18d7654d7a993d13199db1120dabbeaf60eee1a78b4ff8b60d624a73125c57d,"viii Manual of basic techniques for a health laboratory




9.6 Estimation of the leukocyte number concentration 288

9.6.1 Principle 288

9.6.2 Materials and reagents 288

9.6.3 Method 289

9.6.4 Results 291

9.7 Measurement of the erythrocyte sedimentation rate 292

9.7.1 Principle 292

9.7.2 Materials and reagents 292

9.7.3 Method 292

9.7.4 Results 293

9.8 Measurement of the bleeding time: Duke method 295

9.8.1 Principle 295

9.8.2 Materials and reagents 295

9.8.3 Method 295

9.8.4 Results 296

9.9 Observation of clot retraction and measurement of lysis time 297

9.9.1 Principle 297

9.9.2 Materials 297

9.9.3 Method 297

9.9.4 Results 298

9.10 Preparation and staining of thin blood films 299

9.10.1 Principle 299

9.10.2 Materials and reagents 299

9.10.3 Method 300

9.10.4 Microscopic examination 305

9.11 Test for sickle-cell anaemia 314

9.11.1 Principle 314

9.11.2 Materials and reagents 314

9.11.3 Method 315

9.11.4 Microscopic examination 315

9.12 Determination of the reticulocyte number concentration/fraction 316

9.12.1 Principle 316

9.12.2 Materials and reagents 316

9.12.3 Method 317

9.12.4 Microscopic examination 318

9.13 Determination of the leukocyte type number fraction 319

9.13.1 Principle 319

9.13.2 Materials 319

9.13.3 Microscopic examination 320

9.14 Determination of the thrombocyte number concentration 321

9.14.1 Materials 321

9.14.2 Microscopic examination 321

10. Blood chemistry 322

10.1 Estimation of glucose concentration in blood: o-toluidine
method 322

10.1.1 Principle 322

10.1.2 Materials"
C_0010_002,DOC_WHO_2003,P_0010,10,,2,180,223,1252,1580,43,38b081486b0dfb6e620968aec00753e08ea5926bcbc80b9215f10d0e2b479496,"Materials 319

9.13.3 Microscopic examination 320

9.14 Determination of the thrombocyte number concentration 321

9.14.1 Materials 321

9.14.2 Microscopic examination 321

10. Blood chemistry 322

10.1 Estimation of glucose concentration in blood: o-toluidine
method 322

10.1.1 Principle 322

10.1.2 Materials and reagents 322"
C_0011_001,DOC_WHO_2003,P_0011,11,,1,0,220,0,1568,220,dcd73e14e2676d9d569bdb7e1621c4b951abfb6bac4de6fb30929e1d4afda957,"Contents ix




10.1.3 Method 322

10.1.4 Results 324

10.2 Estimation of urea concentration in blood: diacetyl monoxime/
thiosemicarbazide method 325

10.2.1 Principle 325

10.2.2 Materials and reagents 325

10.2.3 Method 326

10.2.4 Results 327


11. Immunological and serological techniques 328

11.1 Introduction to immunology 328

11.1.1 Antibodies 328

11.1.2 Antigens 329

11.1.3 Antigen–antibody interactions 330

11.2 Principle of immunochemical techniques 330

11.2.1 Primary binding tests 330

11.2.2 Secondary binding tests 332

11.3 Determination of rheumatoid factors by the latex-agglutination
technique 336

11.3.1 Materials and reagents 336

11.3.2 Method 336

11.4 Tests for the determination of anti-streptolysin O antibodies 336

11.4.1 Anti-streptolysin O test (ASOT) 336

11.4.2 Latex agglutination 338

11.5 Determination of b-human chorionic gonadotropin (b-hCG) in urine
by the agglutination inhibition technique 339

11.5.1 Materials and reagents 339

11.5.2 Method 339

11.6 Quantitative determination of IgA, IgG and IgM by radial
immunodiffusion 339

11.6.1 Materials and reagents 339

11.6.2 Method 340

11.7 Tests for the determination of HIV antibodies 341

11.7.1 ELISA 341

11.7.2 Dipstick test 342

11.8 Tests for hepatitis virus infection 342

11.8.1 ELISA for hepatitis B surface antigen 343

11.8.2 Dipstick test for hepatitis B surface antigen 344

11.9 Dipstick test for falciparum malaria 344

11.9.1 Materials and reagents 344

11.9.2 Method 345

11.10 Tests for syphilis infection 346

11.10.1 RPR test 347

11.10.2 TPHA test"
C_0011_002,DOC_WHO_2003,P_0011,11,,2,180,229,1309,1627,49,237a5e94e5ca4483542fb913667e570bbd5c10686e936f0b8317ee2996bc6c35,"surface antigen 343

11.8.2 Dipstick test for hepatitis B surface antigen 344

11.9 Dipstick test for falciparum malaria 344

11.9.1 Materials and reagents 344

11.9.2 Method 345

11.10 Tests for syphilis infection 346

11.10.1 RPR test 347

11.10.2 TPHA test 348

Annex: Reagents and their preparation 350


Index 369"
C_0012_001,DOC_WHO_2003,P_0012,12,x,1,0,177,0,1092,177,12966069a09fc109e6a22003a7cbeb3bcb378f44e48149dadd0e4adcc305ff2e,"x Manual of basic techniques for a health laboratory

Preface





This book is a revised edition of the Manual of basic techniques for a health laboratory
(WHO, 1980), major revisions having been carried out by Dr K. Engbaek, Dr C.C.
Heuck and Mr A.H. Moody. The revision was necessary because of new proce-
dures and technology that have been developed since the previous edition and that
have proved to be useful to small laboratories in developing countries. The proce-
dures have been included in the relevant sections of the manual, and some obsolete
procedures have been replaced by more up-to-date techniques.

The original objective of the manual remains unchanged. It is intended mainly for
the use of laboratory personnel in developing countries during their training and
thereafter in their work. In the selection of techniques, particular attention has
been paid to the low cost, reliability and simplicity of the methods and to the avail-
ability of resources in small laboratories.

WHO expresses its thanks to all those who have assisted in the revision of this
manual.





x"
C_0013_001,DOC_WHO_2003,P_0013,13,1,1,0,220,0,1412,220,244778d8f0bb5e04f342d289b7931ff8e4ea95bec3291234b7256e9ca0f4098f,"1. Introduction 1

1. Introduction





1.1 Aim of the manual

This manual is intended for use mainly in medical laboratories in developing coun-
tries. It is designed particularly for use in peripheral laboratories in such countries
(i.e. in small or medium-sized laboratories attached to regional hospitals) and in
dispensaries and rural health centres where the laboratory technician often has to
work alone. The language used has been kept as simple as possible although
common technical terms are employed when necessary.

The manual describes examination procedures that can be carried out with a mi-
croscope or other simple apparatus. Such procedures include the following:

— the examination of stools for helminth eggs;

— the examination of blood for malaria parasites;

— the examination of sputum for tubercle bacilli;

— the examination of urine for bile pigments;

— the examination of blood for determination of the white cell (leukocyte) type
number fraction (differential leukocyte count)

— the examination of blood for determination of the glucose concentration.

The intention is to provide an account of basic laboratory techniques that are
useful to peripheral laboratories and can be carried out with a limited range of
basic equipment.

Some laboratories may not be able to perform all the procedures described. For
example, a laboratory in a rural health centre may not be able to carry"
C_0013_002,DOC_WHO_2003,P_0013,13,1,2,180,400,1184,2553,220,b8059ce8389cfc3d9170d8ca273fd71ab967fb8e66504685c6a42201ffbfe0e0,"laboratories and can be carried out with a limited range of
basic equipment.

Some laboratories may not be able to perform all the procedures described. For
example, a laboratory in a rural health centre may not be able to carry out certain
blood chemistry or serological tests.


1.2 Reagents and equipment
1.2.1 Reagents

Each reagent has been given a number. The reagents required and their numbers
are indicated in the description of each technique. An alphabetical list of all the
reagents used, with the numbers assigned to them, their composition, methods of
preparation and storage requirements appears in the Annex at the end of the manual.
For example, one of the reagents needed for Gram staining is crystal violet, modified
Hucker (reagent no. 18). The composition of crystal violet and the method of pre-
paring it are given in the alphabetical list of reagents (see Annex).


1.2.2 Equipment

The items required for each technique are listed at the beginning of the corre-
sponding section. A list of the apparatus needed to equip a laboratory capable of
carrying out all the examinations described in this manual can be found in section
2.5.

When certain articles are not available, the technician should find an appropriate
substitute; for example, empty bottles that formerly contained antibiotics for injec-
tion (“penicillin bottles”) and other drug"
C_0013_003,DOC_WHO_2003,P_0013,13,1,3,360,408,2274,2597,48,0f687441b7cca9769a81df9880846f2238187a364f21a264c9cfeda163e39fe9,"examinations described in this manual can be found in section
2.5.

When certain articles are not available, the technician should find an appropriate
substitute; for example, empty bottles that formerly contained antibiotics for injec-
tion (“penicillin bottles”) and other drug containers can be kept; racks for test-


1"
C_0014_001,DOC_WHO_2003,P_0014,14,2,1,0,220,0,1430,220,8cb5a850f3c7c1c32bad1c824f7994b604d71ab99a8796f5ae2d2f9430505ced,"2 Manual of basic techniques for a health laboratory




tubes and slides can be made locally; and empty tins can be used to make water-
baths.


1.3 The responsibility of laboratory workers

Laboratory workers carry out laboratory examinations to provide information for
clinical staff in order to benefit patients. They therefore play an important role in
helping patients to get better. At the same time, in the course of their work, they
gain a lot of information about patients and their illnesses. Laboratory workers, like
clinical staff, must regard this information as strictly confidential; only the clinical
staff who request the examinations should receive the reports on them. When pa-
tients enquire about test results they should be told to ask the clinical staff.

In most countries there are high moral and professional standards of behaviour for
clinical staff and qualified laboratory personnel. Every laboratory worker handling
clinical materials must maintain these standards.


1.4 Units of measurement

In the laboratory you will work extensively with both quantities and units of meas-
urement, and it is important to understand the difference between them.

Any measurable physical property is called a quantity. Note that the word “quan-
tity” has two meanings; the scientific meaning just defined and the everyday mean-
ing “amount of”. In scientific usage height, length, speed, temperature and electric"
C_0014_002,DOC_WHO_2003,P_0014,14,2,2,180,400,1167,2509,220,e7bd7aa061afdf3f3300f4863bb6ac4b37392cf23b65f128f4f8cea92f83b9a7,"between them.

Any measurable physical property is called a quantity. Note that the word “quan-
tity” has two meanings; the scientific meaning just defined and the everyday mean-
ing “amount of”. In scientific usage height, length, speed, temperature and electric
current are quantities, whereas the standards in which they are measured are units.


1.4.1 Quantities and units in the clinical laboratory

Almost all your work in the laboratory will involve making measurements of quan-
tities and using units for reporting the results of those measurements. Since the
health — and even the life — of a patient may depend on the care with which you
make a measurement and the way in which you report the results, you should thor-
oughly understand:

— the quantities you measure;

— the names that are given to those quantities;

— the units that are used to measure the quantities.


1.4.2 SI units and names for quantities

A simple standardized set of units of measurement has been the goal of scientists
for almost two centuries. The metric system was introduced in 1901. Since then
this system has been gradually expanded, and in 1960 it was given the name “Système
international d’Unités” (International System of Units) and the international ab-
breviation “SI”. Units of measurement that form part of this system are called “SI
units”."
C_0014_003,DOC_WHO_2003,P_0014,14,2,3,360,526,2253,3290,166,bd90783de72fced50374a93c8b169244ff095e3b5fad12f31a9d04ba39f79d4e,"this system has been gradually expanded, and in 1960 it was given the name “Système
international d’Unités” (International System of Units) and the international ab-
breviation “SI”. Units of measurement that form part of this system are called “SI
units”. These units have been used to an increasing extent in the sciences, espe-
cially chemistry and physics, since 1901 (long before they were called SI units), but
most of them were introduced into medicine only after 1960.

To accompany the introduction of SI units, medical scientists prepared a system-
atic list of names for quantities. Some of these names are the same as the traditional
ones; in other cases, however, the traditional names were inaccurate, misleading or
ambiguous, and new names were introduced to replace them.

This manual uses SI units and the currently accepted names for quantities. How-
ever, since traditional units and names for quantities are still used in some laborato-
ries, these are also included and the relationship between the two is explained."
C_0015_001,DOC_WHO_2003,P_0015,15,3,1,0,220,0,1235,220,b6c991666f820e6d9300eae56af206a92697fc79197cbca86cd8863d7c1bc5a7,"1. Introduction 3




The following section gives a brief description of the SI units and of the quantity
names that are used in this manual.


SI units used in this manual

All SI units are based on seven SI base units. Only four of them are used in this
manual; they are listed in Table 1.1.


Table 1.1 SI base units used in this manual

Quantity Unit name Symbol

Length metre m

Mass kilogram kg

Time second s

Amount of substance mole mol



The first three of these units will be familiar to you, although the quantity names
“mass” and “amount of substance” and the unit name “mole” may need
explanation.

Mass is the correct term for what is commonly called “weight”. (There is a techni-
cal meaning of the term “weight”: it is a measure of the force with which the earth’s
gravity attracts a given mass. Mass, on the other hand, is independent of the earth’s
gravitational attraction. The two terms are mixed up in everyday usage; further-
more, we speak of measuring a mass as “weighing”.) “Amount of substance” and
its unit, mole, are important terms in medicine and they will affect your work in the
laboratory more than any other quantities or SI units. When two or more chemical
substances react together, they do not do"
C_0015_002,DOC_WHO_2003,P_0015,15,3,2,180,400,1009,2277,220,c0a4d28105dea901d346a6b75966934c880f97f7a00d1fcb364cc65ce4b752f3,"of substance” and
its unit, mole, are important terms in medicine and they will affect your work in the
laboratory more than any other quantities or SI units. When two or more chemical
substances react together, they do not do so in relation to their mass. For example:

sodium hydrochloric sodium carbon
+ Æ + + water
bicarbonate acid chloride dioxide

In this reaction 1kg (1 kilogram) of sodium bicarbonate does not react with 1kg of
hydrochloric acid; in fact, 1mol (1 mole) of sodium bicarbonate reacts with 1mol
of hydrochloric acid. Whenever chemical substances interact, they do so in relation
to their relative molecular mass (the new name for what used to be called “molecu-
lar weight”). Use of the mole, which is based on the relative molecular mass, there-
fore gives a measure of equivalent amounts of two or more different substances
(use of mass units does not).

Most of the SI units are called SI derived units. These are obtained by combining
the SI base units (by multiplication or division) as appropriate. Some common SI
derived units are shown in Table 1.2.


Table 1.2 SI derived units used in this
manual

Quantity Unit name Symbol

Area square metre m2

Volume cubic metre m3

Speed metre per second m/s or ms-1



The unit of area is metre ¥"
C_0015_003,DOC_WHO_2003,P_0015,15,3,3,360,458,2066,2573,98,3a42baf06a338690a823d29939b8a9ca712d9077ccd532dd611b5f5ce93686d3,"are shown in Table 1.2.


Table 1.2 SI derived units used in this
manual

Quantity Unit name Symbol

Area square metre m2

Volume cubic metre m3

Speed metre per second m/s or ms-1



The unit of area is metre ¥ metre = metre squared or square metre; the unit of
volume is metre ¥ metre ¥ metre = metre cubed or cubic metre; and the unit of
speed is metre divided by second = metre per second. All the SI derived units are
obtained in this simple way. In some cases, however, it is necessary to multiply and"
C_0016_001,DOC_WHO_2003,P_0016,16,4,1,0,220,0,1235,220,70734aba1a44bbdb88927cb99d83eccb0b26b0c65d43af4441d3d59d35587b15,"4 Manual of basic techniques for a health laboratory




divide several times, and the resulting expression becomes very cumbersome; for
example, the unit of pressure is kilogram divided by (metre ¥ second ¥ second). To
avoid this difficulty such units are given special names. For example, the unit of
pressure is called the pascal.

If the SI base units and derived units were the only ones available, measurements
would be difficult because these units are too large or too small for many purposes.
For example, the metre is far too large to be convenient for measurement of the
diameter of a red blood cell (erythrocyte). To overcome this difficulty, the SI incor-
porates a series of prefixes, called SI prefixes, which when added to the name of a
unit multiply or divide that unit by a certain factor, giving decimal multiples or
submultiples of the unit. The SI prefixes used in this manual are listed in Table 1.3.


Table 1.3 SI prefixes

Factor Prefix Symbol

Multiply by 1 000000 or 1 million (¥ 106) mega M

Multiply by 1000 (¥ 103) kilo k

Divide by 100 (¥ 0.01 or 10-2) centi c

Divide by 1000 (¥ 0.001 or 10-3) milli m

Divide by 1000000 (¥ 0.000001 or 10-6) micro m

Divide by 1000 million (¥ 0.000 000001 or 10-9) nano"
C_0016_002,DOC_WHO_2003,P_0016,16,4,2,180,400,1040,2317,220,56277d3676d682c11901498667912ecc32808639452b2eb44ee35fa3f79d3c06,"103) kilo k

Divide by 100 (¥ 0.01 or 10-2) centi c

Divide by 1000 (¥ 0.001 or 10-3) milli m

Divide by 1000000 (¥ 0.000001 or 10-6) micro m

Divide by 1000 million (¥ 0.000 000001 or 10-9) nano n



For example, 1 kilometre (1km) = 1000 metres (1000m); 1 centimetre (1cm) =
0.01 metre (0.01m or 10-2m); 1 millimetre (1mm) = 0.001 metre (0.001m or
10-3m); and 1 micrometre (1mm) = 0.000001 metre (0.000001m or 10-6m). These
prefixes have the same meaning when they are applied to any other unit.


Quantity names used in this manual

Certain names for quantities were introduced to accompany the change to SI units.
Most of these names are used to describe concentration and related quantities.


Units for measurement of concentration

The difficulty with concentration is that it can be expressed in different ways. Tra-
ditionally all of these were called simply “concentration”, which was misleading.
Now each different way of expressing concentration has its own special name. Be-
fore these names can be described, it is necessary to explain the unit of volume
called the “litre” (l). You are probably familiar with this unit of volume, and may
have been surprised that it has not already been mentioned. This is because the
litre is not an SI unit.

The SI derived unit"
C_0016_003,DOC_WHO_2003,P_0016,16,4,3,360,580,2101,3335,220,6d42448317a738bdd14301e7bd0d99e79c133aa2fb430d3948304a3c7e3b84a2,"volume
called the “litre” (l). You are probably familiar with this unit of volume, and may
have been surprised that it has not already been mentioned. This is because the
litre is not an SI unit.

The SI derived unit of volume is the cubic metre, but this is far too large to be
convenient for measurements of body fluids. A submultiple of the cubic metre is
therefore used; the cubic decimetre. The prefix “deci” was not listed above because
it is not used in this manual, but it means division by 10 (or multiplication by 0.1 or
10-1). A decimetre is therefore 0.1m, and a cubic decimetre is 0.1 ¥ 0.1 ¥ 0.1m3 =
0.001m3 (or 10-3m3; that is, one-thousandth of a cubic metre). The name “litre”,
although not part of the SI, has been approved for use as a special name for the
cubic decimetre. The litre and its submultiples, such as the millilitre (ml), are used
mainly for measuring relatively small volumes of liquids and sometimes gases; vol-
umes of solids and large volumes of liquids and gases are usually measured in
terms of the cubic metre or one of its multiples or submultiples. The litre is the unit
used in the clinical laboratory for reporting all concentrations and related quanti-
ties. However, you may encounter (for"
C_0016_004,DOC_WHO_2003,P_0016,16,4,4,540,585,3095,3376,45,5566296744795a56bc5a312abccb2c39840f024187e53ba8507729bdaa6b47f3,"gases are usually measured in
terms of the cubic metre or one of its multiples or submultiples. The litre is the unit
used in the clinical laboratory for reporting all concentrations and related quanti-
ties. However, you may encounter (for example, on graduated glassware) volumes"
C_0017_001,DOC_WHO_2003,P_0017,17,5,1,0,220,0,1284,220,9bc9ccd62ab96a6e13187103e5813eb2a799028ba8331553d9da32ca7fc5cea6,"1. Introduction 5




Table 1.4 SI derived units of volume

Unit name Symbol Equivalent in Unit name Symbol Equivalent in Equivalent in
cubic metres (m3) litres (l) millilitres (ml)

Cubic decimetre dm3 0.001 litre l 1 1000

— 100 cm3 0.0001 decilitrea dl 0.1 100

— 10 cm3 0.000 01 centilitrea cl 0.01 10

Cubic centimetre cm3 0.000 001 millilitre ml 0.001 1

Cubic millimetre mm3 0.000 000 001 microlitre ml 0.000 001 0.001


a Seldom used in the laboratory.


marked in terms of submultiples of the cubic metre. The equivalent submultiples of
the cubic metre and of the litre are listed in Table 1.4.

Having explained the litre, we can now return to the names for different ways of
expressing concentration. First, suppose that we have a solution of salt. The mass
of dissolved salt divided by the volume of solution is called the mass concentration. A
more general definition of mass concentration is “the mass of a given component
(e.g. a dissolved substance) divided by the volume of solution”. The unit in which
it is measured is gram (or milligram, microgram, etc.) per litre. In the SI mass
concentration is rarely used; it is used only for substances such as proteins whose
relative molecular mass is uncertain.

Now suppose that we have another solution of salt, only this"
C_0017_002,DOC_WHO_2003,P_0017,17,5,2,180,400,1043,2445,220,6bab7fd49e53aa56e99673848ddd70e4a6106cbd30ab6abbd385bb78f5fa5091,"(or milligram, microgram, etc.) per litre. In the SI mass
concentration is rarely used; it is used only for substances such as proteins whose
relative molecular mass is uncertain.

Now suppose that we have another solution of salt, only this time the amount of
dissolved salt is expressed in terms of the “amount of substance”. The amount of
substance of salt (that is, the number of moles of salt) contained in the solution
divided by the volume of the solution is called the amount of substance concentra-
tion, or, for short, the substance concentration. The unit in which substance concen-
tration is measured is mole (or millimole, micromole, etc.) per litre. When SI units
are used all concentrations are expressed in terms of substance concentration wher-
ever possible.

This use of substance concentration instead of mass concentration is the most im-
portant difference between the use of SI units and the use of traditional units.

In the traditional system mass concentration was used almost exclusively.
However, mass concentration was not, in the traditional system, always
expressed in terms of “per litre”. Sometimes “per litre” was used, sometimes
“per 100ml” (0.1 litre), and sometimes “per millilitre”. Different countries
(and even different laboratories in the same country) followed different prac-
tices, making for considerable confusion.

For particles or entities that are not"
C_0017_003,DOC_WHO_2003,P_0017,17,5,3,360,580,2158,3457,220,4e856f30cf2c3947a588b6ca9077a56652edc95e5638f03209627b65453c231c,"litre”. Sometimes “per litre” was used, sometimes
“per 100ml” (0.1 litre), and sometimes “per millilitre”. Different countries
(and even different laboratories in the same country) followed different prac-
tices, making for considerable confusion.

For particles or entities that are not dissolved, a different quantity must be used.
For example, the blood contains many different kinds of cell. These cells are sus-
pended in the blood, and we must have a way of expressing the number of cells in
each litre of blood. In this case the quantity name is the number concentration, which
is defined as “the number of specified particles or entities in a mixture divided by
the volume of the mixture”. The unit in which number concentration is measured
is number per litre.

In the traditional system number concentration was called a “count” and it
was expressed in the unit “number per cubic millimetre”.

Sometimes the quantity that is of concern is not the actual number of cells per litre
(number concentration) but the proportion of cells of a given type — that is, the
fraction of the total number that is accounted for by cells of that type. This quantity
is called the number fraction, and it is expressed as a fraction of 1.0 (unity). At first
sight this may seem a little confusing, but it is"
C_0017_004,DOC_WHO_2003,P_0017,17,5,4,540,612,3246,3657,72,c670137bb6edf4188683f3e9632afb8cb520ebbdcfd90ac50517fb154ea40272,"total number that is accounted for by cells of that type. This quantity
is called the number fraction, and it is expressed as a fraction of 1.0 (unity). At first
sight this may seem a little confusing, but it is really very simple. Unity or 1.0
represents the whole, 0.5 represents one-half, 0.2 one-fifth, 0.25 one-quarter, 0.1
one-tenth, and so on. For example, five kinds of leukocyte occur in the blood. The"
C_0018_001,DOC_WHO_2003,P_0018,18,6,1,0,220,0,1279,220,387bcfdc96115a823218ee213cd2934dc9ec156d55f78c782edaf10be022aa0b,"6 Manual of basic techniques for a health laboratory




number fraction of each type might be 0.45, 0.35, 0.10, 0.08 and 0.02. (If you add
these fractions, you will find that the total is 1.0 — the whole.)

In the traditional system this quantity had no name and results were re-
ported as percentages instead of fractions. For example, a number fraction
of 0.5 was reported as 50%, and a number fraction of 0.08 was reported as
8%. From this you will see that percentage divided by 100 gives the number
fraction.

Another quantity that is expressed as a fraction of 1.0 is the volume fraction. This is
defined as the volume of a specified component of a mixture divided by the total
volume of the mixture. For example, if the total volume occupied by all the
erythrocytes in 1 litre (1000ml) of blood is 450ml, the erythrocyte volume fraction
is 450/1000 = 0.45. The erythrocyte volume fraction is important for the diagnosis
of many diseases and you will often measure it in the laboratory.

In the traditional system volume fraction had no special name: instead, each
different volume fraction had a different name. Erythrocyte volume frac-
tion, for example, was called “packed cell volume” (which was misleading
because it did not specify what kind of cell was measured and"
C_0018_002,DOC_WHO_2003,P_0018,18,6,2,180,400,1028,2418,220,3a6fe83d6a52d70521b88b827197813d99bfef99e4826a7673fef06e4e051b6c,"fraction had no special name: instead, each
different volume fraction had a different name. Erythrocyte volume frac-
tion, for example, was called “packed cell volume” (which was misleading
because it did not specify what kind of cell was measured and because it was
reported as a percentage, not as a volume).

From the above explanation you will see that number fraction is “number per
number” and volume fraction is “volume per volume” — that is, they are both
ratios.

Table 1.5 lists metric and traditional quantity names and units, with conversion
factors.


Table 1.5 Metric and traditional quantity names and units

Quantity name SI unit Traditional quantity Traditional unit Conversion factors and examplesa
name

Erythrocyte number no. ¥ 1012/l erythrocyte count million/mm3 No conversion factor:
concentration 4.5 million/mm3 = 4.5 ¥ 1012/l
(see section 9.5) 5.0 ¥ 1012/l = 5.0 million/mm3

Erythrocyte volume fraction 1 packed cell volume % Packed cell volume 38% ¥ 0.01 =
(see section 9.4) (haematocrit) erythrocyte volume fraction 0.38

Erythrocyte volume fraction 0.4
¥ 100 = packed cell volume 40%

Leukocyte number no. ¥ 109/l leukocyte count no./mm3 8000/mm3 ¥ 0.001 = 8.0 ¥ 109/l
concentration (blood) (blood) 7.5 ¥ 109/l ¥ 1000 = 7500/mm3
(see section 9.6)

Leukocyte number no. ¥ 106/l leukocyte count (CSF) no./mm3 No conversion factor:
concentration (CSF) 27/mm3 = 27"
C_0018_003,DOC_WHO_2003,P_0018,18,6,3,360,515,2172,3060,155,f41a606bff72c947670873ceda0e8d68947143252e830fbd0304111bf277ee22,"leukocyte count no./mm3 8000/mm3 ¥ 0.001 = 8.0 ¥ 109/l
concentration (blood) (blood) 7.5 ¥ 109/l ¥ 1000 = 7500/mm3
(see section 9.6)

Leukocyte number no. ¥ 106/l leukocyte count (CSF) no./mm3 No conversion factor:
concentration (CSF) 27/mm3 = 27 ¥ 106/l
(see section 8.3.3) 25 ¥ 106/l = 25/mm3

Leukocyte type number 1 differential leukocyte % Lymphocytes 33% ¥ 0.01 =
fraction (blood and CSF) count (e.g. lymphocyte number fraction 0.33
(e.g. lymphocyte number lymphocytes) Lymphocyte number fraction
fraction; see sections 9.13 0.33 ¥ 100 = lymphocytes 33%
and 8.3.3)

Reticulocyte number no. ¥ 109/l reticulocyte count no./mm3 86 000/mm3 ¥ 0.001 = 86.0 ¥ 109/l
concentration 91.5 ¥ 109/l ¥ 1000 = 91500/mm3
(see section 9.12)

Reticulocyte number no. ¥ 10-3 reticulocyte count % 0.5% ¥ 10 = 5 ¥ 10-3
fractionb (see section 9.12) 12 ¥ 10-3 ¥ 0.1 = 1.2%

‰ 5‰ = 5 ¥ 10-3
12 ¥ 10-3 = 12‰"
C_0019_001,DOC_WHO_2003,P_0019,19,7,1,0,220,0,1405,220,613dc6785e781161e751466da9899833391ed21c7d5cd5735717225d996cc93c,"1. Introduction 7




Table 1.5 (cont.)

Quantity name SI unit Traditional quantity Traditional unit Conversion factors and examplesa
name

Thrombocyte number no. ¥ 109/l platelet count no./mm3 220000/mm3 ¥ 0.001 = 220 ¥ 109/l
concentration (see 250 ¥ 109/l ¥ 1000 = 250 000/mm3
section 9.14)

Glucose, substance mmol/l glucose, mass mg/100 ml 81 mg/100ml ¥ 0.0555 = 4.5mmol/l
concentration concentrationc (blood 4.2 mmol/l ¥ 18.02 = 75.7mg/
(blood and CSF) and CSF) 100 ml
(see sections 10.1 and 8.3.4)

Haemoglobin (Fe), mmol/l haemoglobin, mass g/100 ml Hb 13.7g/100 ml ¥ 0.621 = Hb(Fe)
substance concentration concentrationc 8.5 mmol/l
(see section 9.3) Hb(Fe) 9mmol/l ¥ 1.61 = Hb 14.5
g/100 ml

Haemoglobin, mass g/l haemoglobin, mass g/100 ml 14.8 g/100 ml ¥ 10 = 148g/l
concentration concentrationc 139g/l ¥ 0.1 = 13.9g/100 ml
(see section 9.3)

Mean erythrocyte mmol/l mean corpuscular %e 35% ¥ 0.621 = 21.7mmol/l
haemoglobin (Fe) substance haemoglobin 22 mmol/l ¥ 1.611 = 35.4%
concentration concentration (i.e. mass
(see section 9.4) concentration)d

Mean erythrocyte g/l mean corpuscular %e 35% ¥ 10 = 350g/l
haemoglobin mass haemoglobin 298g/l ¥ 0.1 = 29.8%
concentration (see section concentration (i.e. mass
9.4) concentration)

Protein, mass concentration g/l protein, mass mg/100 ml 25 mg/100ml ¥ 0.01 = 0.25g/l
(CSF) (see section 8.3.5) concentrationc 0.31 g/l ¥ 100 = 31mg/100 ml

g/l No"
C_0019_002,DOC_WHO_2003,P_0019,19,7,2,180,400,1156,2492,220,7dd8d78bb4dcce7dd160f8b22bd7ad26cde8a2c795cc47dffccbcc9dc846c057,"¥ 0.1 = 29.8%
concentration (see section concentration (i.e. mass
9.4) concentration)

Protein, mass concentration g/l protein, mass mg/100 ml 25 mg/100ml ¥ 0.01 = 0.25g/l
(CSF) (see section 8.3.5) concentrationc 0.31 g/l ¥ 100 = 31mg/100 ml

g/l No change

Urea, substance mmol/l urea, mass mg/100 ml 15 mg/100ml ¥ 0.167 = 2.5mmol/l
concentration (blood) concentrationc 2.9 mmol/l ¥ 6.01 = 17.4mg/100 ml
(see section 10.2) urea nitrogen,e mass mg/100 ml urea nitrogen 7mg/100 ml
concentration ¥ 0.357 = urea 2.5mmol/l

CSF: cerebrospinal fluid.
a The examples show first the conversion of actual numerical values in traditional units into values in SI units, and then the conversion from SI
into traditional units. The conversion factor is underlined.
b In this case, the number fraction is reported not as a fraction of 1, but as a fraction of 1000, in order to avoid inconveniently small numerical
values.
c Mass concentration is what was measured, but the term “mass concentration” was not usually used.
d Mean corpuscular haemoglobin concentration was sometimes expressed as a decimal fraction rather than a percentage, e.g. 0.35 instead of
35%. In this case, each of the conversion factors listed must be multiplied or divided by 100, as in the following examples:
0.35 ¥ 62.1 = 21.7 mmol/l
22 mmol/l ¥ 0.01611 = 0.354
0.35 ¥ 1000"
C_0019_003,DOC_WHO_2003,P_0019,19,7,3,360,436,2286,2680,76,7ee949d11ce70462366ae2ebf96a330e601369e1ecab271ebb16546b2847a3a8,"0.35 instead of
35%. In this case, each of the conversion factors listed must be multiplied or divided by 100, as in the following examples:
0.35 ¥ 62.1 = 21.7 mmol/l
22 mmol/l ¥ 0.01611 = 0.354
0.35 ¥ 1000 = 350 g/l
298 g/l ¥ 0.001 = 0.298
e In the traditional system urea was sometimes reported in terms of urea and sometimes in terms of urea nitrogen (i.e. the nitrogen content of
the urea)."
C_0020_001,DOC_WHO_2003,P_0020,20,8,1,0,9,0,52,9,9becc7e3bffe6b7bbc67fad6707514c5f9aef749d2c3c41d81950e944534f3f8,8 Manual of basic techniques for a health laboratory
C_0021_001,DOC_WHO_2003,P_0021,21,9,1,0,10,0,54,10,381e85a2e7d441e132b459339d52487b69a6d239233c469a1b9b2aecb095748b,"2. Setting up a peripheral health laboratory 9

Part I"
C_0022_001,DOC_WHO_2003,P_0022,22,10,1,0,9,0,53,9,827dacecb3c49e471ffd0182c8effb208fa91fd5d4eeec13320834596e44e950,10 Manual of basic techniques for a health laboratory
C_0023_001,DOC_WHO_2003,P_0023,23,11,1,0,117,0,721,117,7c04128faf971ffd3a6793609acddf06502caeca4b048749c143c1ef4aa1542e,"2. Setting up a peripheral health laboratory 11

2. Setting up a peripheral
health laboratory





2.1 Plan of a peripheral medical laboratory
2.1.1 A one-room laboratory

Figure 2.1 sets out the possible arrangement of a peripheral medical laboratory
attached to a health centre. It shows a laboratory suitable for carrying out some or
all of the techniques described in the manual. The plan is limited to one room,
since often this is all the space that is available for the laboratory. The room should
measure at least 5m ¥ 6m.

Figure 2.2 indicates another possible arrangement of a peripheral laboratory. It can
obviously be modified to suit different circumstances.





Fig. 2.1 Plan for a one-room laboratory


11"
C_0024_001,DOC_WHO_2003,P_0024,24,12,1,0,178,0,1168,178,cf52184525773c5264c8b0edcf88ee6ec381851d7eac3a9c08dcfc4c228ac885,"12 Manual of basic techniques for a health laboratory





Fig. 2.2 Alternative plan for a one-room laboratory
1: outpatient’s table; 2: hand-operated centrifuge; 3: microscopes; 4: haematology area; 5: colorimeter; 6: water-
bath; 7: electric centrifuge; 8: syphilis serology and biochemistry area; 9: reagent refrigerator; 10: reagent shelf;
11: glassware shelf; 12: balance; 13: staining box; 14: area for examination of sputum specimens; 15: Bunsen
burner; 16: sinks; 17: waste sink; 18: bed for patients; 19: record-keeping area; 20: area for examination of stool
specimens; 21: area for examination of urine specimens; 22: area for reception of specimens; 23: gas bottle.


2.1.2 A two-room laboratory

If two rooms are available, it is recommended that the second be used for washing
and sterilization. Dirty and/or contaminated material should be removed from the
laboratory working area as quickly as possible, both for the safety of the workers
and to avoid errors and cross-contamination.


2.2 Electricity

A reliable energy supply should be available to ensure continuity of the work in a
laboratory. The energy can be provided from the following sources:"
C_0025_001,DOC_WHO_2003,P_0025,25,13,1,0,220,0,1358,220,a18775c41968a775bd1294595741e81ec1b33573f3dc3ab0f07834a372c15d77,"2. Setting up a peripheral health laboratory 13




— mains electricity supply

— generators

— solar energy supply system.

Remote laboratories often have problems in ensuring a continuous supply of elec-
trical power and may need to generate electricity by using a local generator or a
solar energy supply system.


2.2.1 Sources of electricity

Generators

Electrical energy can be provided by a fuel generator. It is possible to use the com-
bustion engine of a motor car or a purpose-built generator. A purpose-built genera-
tor produces an alternating current of 110 volts (V) or 220V and can usually generate
more energy than a car engine. A car engine provides a direct current of 12V or
24V, which can be fed into rechargeable batteries (see below).

The type of current available will limit the selection of laboratory equipment; for
example, an instrument that requires direct current can be supplied with energy from:

— batteries

— a direct current network with a transformer

— an alternating current network with a converter.

The installation of a direct current network is simple and it is safe to operate.
However, for instruments that require a low-voltage (6V, 12V or 24V) direct cur-
rent, the high voltage produced from the direct current network must be converted
by means of a transformer. Alternatively, for instruments that require"
C_0025_002,DOC_WHO_2003,P_0025,25,13,2,180,400,1105,2500,220,e0906751ab38867617973093974b529e3a2dfafefc70aaf31795e7a5f6c4dfee,"is safe to operate.
However, for instruments that require a low-voltage (6V, 12V or 24V) direct cur-
rent, the high voltage produced from the direct current network must be converted
by means of a transformer. Alternatively, for instruments that require alternating
current (110V, 220V or 240V), the direct current must be converted into alternat-
ing current by means of an inverter. Inverters are heavy and expensive and significant
energy losses occur in the conversion process. It is therefore preferable to use either
direct current or alternating current appliances, depending on your supply, and
avoid the need for conversion.

If no generator is available or if a mains power supply is accessible, but the electri-
cal current fluctuates or is prone to frequent breakdowns, a solar energy supply
may be preferable (see below).


Solar energy supply systems (photovoltaic systems)

A laboratory with a few instruments with low energy requirements can work with a
small energy supply. For laboratories located in remote areas, a solar energy supply
system may be more suitable than a generator since there are no problems of fuel
supplies and it can be easily maintained.

A solar energy supply system has three components:

— solar panel(s)

— an electronic charge regulator

— batteries.


Solar panels

Two different types of solar panel are commercially available:

— panels with cells"
C_0025_003,DOC_WHO_2003,P_0025,25,13,3,360,426,2241,2687,66,295ee5d8ab38a6d1a8fff7d49c2ff58778e4fff0120a4065ba64870c25c9394f,"supplies and it can be easily maintained.

A solar energy supply system has three components:

— solar panel(s)

— an electronic charge regulator

— batteries.


Solar panels

Two different types of solar panel are commercially available:

— panels with cells of crystalline silicon

— panels with cells of amorphous silicon.

Amorphous silicon panels are less expensive, but produce solar energy less efficiently
than crystalline silicon panels."
C_0026_001,DOC_WHO_2003,P_0026,26,14,1,0,220,0,1358,220,4f32466347b07e9b1691c20878d1b4e6e476eefeba7126c496ec379c2784c8d1,"14 Manual of basic techniques for a health laboratory




Solar panels must be installed so that they are exposed to direct light, since shade
reduces the efficiency of energy production. They should be inclined at an angle of
15°. The underside of the panel must be freely ventilated. The minimum distance
of the underside of the panel from the surface of the supporting construction must
be more than 5cm to avoid heating of the panel, which would reduce the efficiency
of energy production.


Electronic charge regulators

A charge regulator controls the charging and discharging of the batteries automati-
cally. When the battery voltage falls below a threshold value during discharge, the
laboratory instrument will be disconnected from the battery. On the other hand, if
the voltage increases above a threshold value (e.g. when the battery is recharged),
the solar panel will be disconnected from the battery. A good charge regulator
adapts the maximal voltage of the battery to the change in the temperature of the
ambient environment. This prevents the loss of water in the battery by evaporation.
It is important to keep a spare charge regulator in stock in case of breakdown. The
charge regulator chosen should be stable under tropical conditions. It is advisable
to choose a charge regulator with an integrated digital display that allows the bat-"
C_0026_002,DOC_WHO_2003,P_0026,26,14,2,180,400,1112,2636,220,e76f5c089f0ed448c6858d3813f56e2a79ada830b1871a699b7fce4232e028eb,"important to keep a spare charge regulator in stock in case of breakdown. The
charge regulator chosen should be stable under tropical conditions. It is advisable
to choose a charge regulator with an integrated digital display that allows the bat-
tery charge to be monitored easily.


Batteries

Lead batteries
Solar energy systems require rechargeable batteries, which may be either lead or
nickel–cadmium (Ni–Cd) batteries. Lead batteries are preferred and many types
are available commercially (see Table 2.1). High-efficiency batteries have practical
advantages, although they are more expensive than normal batteries.

When purchasing batteries choose 12V batteries with the highest capacity (1000
ampere-hours (Ah)).

Several types of maintenance-free lead batteries are commercially available, but
they are expensive and less efficient than those that require maintenance. The de-
velopment of this type of battery is still in progress; it has not been thoroughly
tested in tropical climates. Therefore, the maintenance-free batteries are not rec-
ommended.


Transport of lead batteries
Lead batteries should be emptied before being transported. It is important to re-
member that if lead batteries are to be transported by air they must be empty of
electrolyte solution, which should be replaced on arrival at the destination.


Table 2.1 Specifications for batteries used for solar power supply

Specification Type of battery

Nickel–cadmium Lead–calcium Lead–calcium Lead–calcium
antimony (2%) antimony (6%)

Type"
C_0026_003,DOC_WHO_2003,P_0026,26,14,3,360,455,2344,3039,95,69d3022fd4d26eb29e006c78838891e30baa8ae454fdcc3af171c9f0087464da,"air they must be empty of
electrolyte solution, which should be replaced on arrival at the destination.


Table 2.1 Specifications for batteries used for solar power supply

Specification Type of battery

Nickel–cadmium Lead–calcium Lead–calcium Lead–calcium
antimony (2%) antimony (6%)

Type of electrolyte liquid liquid liquid liquid

Maximum discharge 100% 80% 80% 50%

Discharge during normal operation 20% 20% 20% 20%

Voltage/cell 1.2V 2V 2V 2V

Self-discharge rate high low medium low

Topping up required minimal infrequent frequent infrequent

Capital costs high mid-range mid-range low

Suitability for photovoltaic use highly highly recommended not
recommended recommended recommended"
C_0027_001,DOC_WHO_2003,P_0027,27,15,1,0,220,0,1390,220,35b3432ee02b5225d58a90ad1e300b0fd39892888945ee4f77e0d8a9d0649238,"2. Setting up a peripheral health laboratory 15




Maintenance of lead batteries
The daily discharge of lead batteries should not exceed 20% of the batteries’ ca-
pacity, otherwise the lifetime of the batteries (normally about 1100 recharge cy-
cles), will be shortened. If the batteries are repeatedly discharged to 40% of their
capacity, they will last for only about 600 cycles. (There are some special lead
batteries available that can be discharged by 40%, but will last for about 3000
recharge cycles.) For maintenance the level of fluid must be checked regularly and
when necessary refilled with the distilled water that is used for car batteries.

High-efficiency batteries cannot be replaced by normal car batteries in case of a
breakdown. When only car batteries are available to replace a defective high-efficiency
battery, all the batteries in the energy storage system must be replaced with car batteries.


Nickel–cadmium (Ni–Cd) batteries
Ni–Cd batteries can be recharged by a solar panel. Some Ni–Cd batteries are the
same size, but have different capacities. The AA-size Ni–Cd battery is available with
a capacity from 0.5Ah up to 0.7Ah. Choose the batteries with the highest capacity.
The small Ni–Cd batteries, type AAA to D, for use in laboratory instruments should
be recharged in advance to enable continuous operation in a laboratory. The lifespan
of Ni–Cd batteries"
C_0027_002,DOC_WHO_2003,P_0027,27,15,2,180,400,1143,2542,220,276c3010cb933ac61ea5f6039b46e46ad12d4c728be2802754d0cbcd5ec44d85,"up to 0.7Ah. Choose the batteries with the highest capacity.
The small Ni–Cd batteries, type AAA to D, for use in laboratory instruments should
be recharged in advance to enable continuous operation in a laboratory. The lifespan
of Ni–Cd batteries may be 1000 recharging cycles, depending on their quality.


Maintenance of Ni–Cd batteries
Ni–Cd batteries appear to work unreliably in tropical countries. This apparent
unreliability is caused by an increased rate of discharge rather than inefficient re-
charging of the battery at high ambient temperatures (see below). Such problems
may be partially overcome as follows:

G Ni–Cd batteries should be recharged at a low ambient temperature (e.g. in a
refrigerator or in a specially constructed recharging box) shortly prior to being
used. (For example, only 62% of the energy can be made available from a Ni–Cd
battery that was charged at 40°C.)

G Recharged Ni–Cd batteries should be stored under cool, dry conditions to mini-
mize their rate of self-discharge. (For example, a Ni–Cd battery stored for 2
weeks at 40°C will have a residual capacity of only 32%.) High humidity will
also accelerate the self-discharge of the battery.


2.2.2 Setting up simple electrical equipment

If the laboratory has an electricity supply the following equipment can be used:

— an electric lamp for the microscope (stable illumination makes adjustment
easier);"
C_0027_003,DOC_WHO_2003,P_0027,27,15,3,360,491,2263,3127,131,aec393f6117632ce98e34db099d20d33e78f0a7ea2aaf28425097bd974687d22,"humidity will
also accelerate the self-discharge of the battery.


2.2.2 Setting up simple electrical equipment

If the laboratory has an electricity supply the following equipment can be used:

— an electric lamp for the microscope (stable illumination makes adjustment
easier);

— an electric centrifuge (much faster than the manually operated type);

— a microhaematocrit centrifuge (for detection of anaemia);

— a spectrophotometer or colorimeter (allows accurate estimation of haemo-
globin);

— a water-bath, refrigerator etc.

You may have to make simple connections or repairs to this equipment in the labo-
ratory. The explanations given below are intended to help the laboratory technician
to do this and are limited to the steps to follow in each case. Inexperienced persons
should start by carrying out the procedures in the presence of an instructor."
C_0028_001,DOC_WHO_2003,P_0028,28,16,1,0,220,0,1270,220,95a838c4c2c5cca3805b7b5f3fa363686cabe246eef830213bf498d5161f60cc,"16 Manual of basic techniques for a health laboratory




The electricity meter (Fig. 2.3)

An electricity meter measures and records the amount of
electricity used. It indicates:

— the voltage, measured in volts (220V, 110V, etc.);

— the strength of the current, measured in amperes (A);

— the frequency of the alternating current, e.g. 50 hertz
(Hz) (cycles per second).

Some types of meter have switches or buttons:

— a flip-switch that can be flipped one way to cut off the
electricity supply to the whole building (the mains
fuse) and the other way to restore it;

— a button marked “OFF” that can be pushed to cut off
the electricity supply;
ON — a button marked “ON” that can be pushed to restore
the electricity supply.
OFF The flip-switch or “OFF” button also acts as a circuit-
breaker, automatically cutting off the current when the cir-
cuit is overloaded. When this happens, first find and correct
Fig. 2.3 An electricity meter the fault that caused the cut-off, then press the “ON” but-
ton or flip the switch to restore the current.


Setting up new electrical equipment

Voltage

Check that the voltage marked on the instrument is the same as that of your elec-
tricity supply. The instrument has a label on it stating the voltage with which it
must"
C_0028_002,DOC_WHO_2003,P_0028,28,16,2,180,340,1040,1987,160,1cf73c4ac616e7ab5d6086d9f30972ddabae8df44558552cd1d85cc177f7429b,"the current.


Setting up new electrical equipment

Voltage

Check that the voltage marked on the instrument is the same as that of your elec-
tricity supply. The instrument has a label on it stating the voltage with which it
must be used. The voltage of your electricity supply is marked on your electricity
meter.


Dual-voltage equipment

Dual-voltage instruments can be used with two different voltage supplies.

There is a device on the instrument that enables you to select the appropriate
voltage, i.e. the voltage marked on your electricity meter. Depending on the instru-
ment, this device may be:

— a lever or switch that can be moved to the 110V position or the 220V posi-
tion (Fig. 2.4(a));

— an unwired plug that can be transferred from the 110V position to the 220V
position (Fig. 2.4(b));

— a screw that can be turned to the 110V position or the 220V position (Fig.
2.4(c)).

(c)


(a)
(b)





Fig. 2.4 Dual-voltage instruments"
C_0029_001,DOC_WHO_2003,P_0029,29,17,1,0,220,0,1289,220,18e15d311a345172c7c3d23b80d2ea821a82f5e605f608ceac1421928226b275,"2. Setting up a peripheral health laboratory 17




The electrical power of the instrument

The electrical power is measured in watts (W) and is marked on the plate that
shows the correct voltage for the instrument. Each piece of electrical equipment in
the laboratory uses a certain amount of power. The total power used at any one
time must not exceed the power of your electricity supply. You can work out how
much power is available from the figures shown on the meter: multiply the voltage
(V) by the current (A). For example, if the voltage is 220V and the current is 30A,
the electrical power supplied will be 220 ¥ 30 = 6600 watts or 6.6kW.


Using a transformer

If an instrument is intended for use with a voltage different from that of the labora-
tory electricity supply, it can be used with a transformer. For example, if the centri-
fuge provided only works at 110V and the voltage of your electricity supply is
220V, ask for a 110–220V transformer, indicating the wattage of the centrifuge.
Plug the centrifuge into the 110V connection of the transformer supplied, then
plug the 220V lead from the transformer into the laboratory electricity supply (wall
socket).


Switching off electrical equipment

After an instrument has been switched off, it must be unplugged from the"
C_0029_002,DOC_WHO_2003,P_0029,29,17,2,180,347,1026,1997,167,6d1de1fb7549da725135ed1ba18dd13251db978ba2c967c26742ad62a7aa8a95,"into the 110V connection of the transformer supplied, then
plug the 220V lead from the transformer into the laboratory electricity supply (wall
socket).


Switching off electrical equipment

After an instrument has been switched off, it must be unplugged from the wall
socket. If left plugged in, it is a fire risk.


2.2.3 What to do in case of failure of electrical equipment

If an instrument does not work, check the following:

— the fuses

— the plug at the end of the cable

— the cable

— the wall socket

— the voltage of the instrument and that of the electricity supply.

Before doing anything, cut off the electricity supply:

— either by pressing the button or the switch marked “OFF” on the meter

— or by removing the mains fuse (Fig. 2.5).


Tools (Fig. 2.6)

G Screwdriver

G Wire-cutters

G Flat-nose or taper-nose pliers

G Fuse wire

G Various spare parts: plugs, switches, etc.





Fig. 2.5 Removing the mains fuse Fig. 2.6 Tools for electrical work"
C_0030_001,DOC_WHO_2003,P_0030,30,18,1,0,220,0,1172,220,d424060aa5a1a6e4630048ed71fa25a6efae46e3f5d025ca660153037de7e7ce,"18 Manual of basic techniques for a health laboratory




Changing the fuse

Remove the cover from the fuse box.

If it is a screw-type fuse, the fuse wire is stretched between two screws.
If the wire is broken or melted, the current no longer passes: the fuse
has blown. Loosen the two screws (Fig. 2.7). Remove the old fuse
wire. Replace it with new fuse wire of the same gauge (thickness), or
with thinner wire if the same size is not available. Fix the wire in an
“S” shape, with a loop at either end. The wire must pass beneath
the small washers under the screws.Fig. 2.7 Removing fuse wire from a blown
fuse If it is a two-pin fuse, fix the fuse wire to the base of the pins, and
then tighten the pins with pliers (Fig. 2.8).

Once the fuse has been repaired, check the whole circuit before
switching on the electricity supply.


Checking the plug

If a fault is suspected in a plug, it must be repaired or replaced.
There are many different types of plug; some have a screw on the
outside that can be unscrewed so that the cover can be removed.


Fig. 2.8 Changing a two-pin fuse Two-pin plug (Fig. 2.9)

Inside the plug, the two wires of the cable are fixed to the"
C_0030_002,DOC_WHO_2003,P_0030,30,18,2,180,400,968,2172,220,0cc7c750e389398b75fc1d13bc0d485092e11c61a2b87d26a74c3b259f769276,"have a screw on the
outside that can be unscrewed so that the cover can be removed.


Fig. 2.8 Changing a two-pin fuse Two-pin plug (Fig. 2.9)

Inside the plug, the two wires of the cable are fixed to the terminal
screws (T) of the contact pins (P). Check that the terminal screws
are tightened. Sometimes this is all that is needed to repair the plug.


Fitting a new plug
To fit a new plug, remove the insulating material along a length of
1.0–1.5cm from the end of each of the two wires making up the
cable. This can be done by scraping with a knife but take care not to
damage the wire inside. Twist the exposed ends of both wires to
allow them to fit neatly into the terminal once the screw has been
Fig. 2.9 A two-pin plug loosened (Fig. 2.10).

Insert one exposed end into each of the terminals of the plug. Tighten
the terminal screws and replace the terminals (Fig. 2.11). The screws
should hold the wires firmly; check by pulling the wires gently.





Fig. 2.10 Twist the exposed ends of both Fig. 2.11 After inserting the wires into the
wires plug terminals, tighten the
terminal screws



Three-pin plug (Fig. 2.12)

Two of the pins are connected to the electricity supply; one is “live” and"
C_0030_003,DOC_WHO_2003,P_0030,30,18,3,360,454,1936,2489,94,a4fea5074b3fa35896b0e4d3298d0cd6c3ec2b83af45f56b6294ee46dd210c71,"2.10 Twist the exposed ends of both Fig. 2.11 After inserting the wires into the
wires plug terminals, tighten the
terminal screws



Three-pin plug (Fig. 2.12)

Two of the pins are connected to the electricity supply; one is “live” and one is
“neutral”. The third (usually the middle) pin is connected to the “ground” or “earth”.
It is most important to connect each of the three wires in the cable to the correct
pin, and the plug usually contains instructions that should be strictly followed. If
there is the slightest doubt, consult an electrician."
C_0031_001,DOC_WHO_2003,P_0031,31,19,1,0,220,0,1191,220,48ed3aeb215b086a913ff1884b36d0c157fd8f9c4267913782f48beb51b28ed8,"2. Setting up a peripheral health laboratory 19





Fig. 2.12 A three-pin plug


The ground or earth wire is covered in green or green and yellow insulating material.
It provides an escape for the electric current in case of poor insulation, thus avoid-
ing passage of the current through the human body.


Checking the cable or switch

Check to see whether the cable is burned or broken. If so, it should be replaced.

There are many different types of switch. They have to be unscrewed and opened if
you want to check that they are working properly. Make sure that the two incoming
wires and the two outgoing wires are firmly fixed in their respective terminals
(Fig. 2.13).





Fig. 2.13 A switch


Extension lead

An extension lead is a cable with a male plug (M) on one
end and a female plug (F) on the other (Fig. 2.14). The fe-
male plug is fixed to the cable by two terminals inside the
plug, just as in the normal male plug.


Checking the wall socket

To check a wall socket, plug in a lamp that you know to be
working. Some sockets are fitted with a small replaceable fuse.
If this is not the case, it is usually wise to call in an electrician
to repair a wall socket. Fig. 2.14"
C_0031_002,DOC_WHO_2003,P_0031,31,19,2,180,251,993,1411,71,ab808c4cbbbfe5b6aa81fc480ef1aaa2d2b0b71ca777066b069a8840bb700fd4,"in a lamp that you know to be
working. Some sockets are fitted with a small replaceable fuse.
If this is not the case, it is usually wise to call in an electrician
to repair a wall socket. Fig. 2.14 An extension lead


Precautions

G Never take electrical equipment apart without first disconnecting the electricity
supply.

G Never touch electrical equipment with wet hands (water is a good conductor of
electricity)."
C_0032_001,DOC_WHO_2003,P_0032,32,20,1,0,220,0,1274,220,b795fc74f01dd4ccf7dd864af381aecdc88af1d904556592f5f736f11204fb9e,"20 Manual of basic techniques for a health laboratory




G Never plug a new piece of equipment into the electricity supply without first
checking the plate to see whether the voltage marked is the same as that of the
laboratory supply (110V, 220V, etc.).

G Never remove a plug from a socket by pulling the cable.

G Never replace fuse wire with wire that is thicker.


2.3 Plumbing: simple procedures

A fault in the plumbing of the laboratory (a dripping tap, a blocked sink, etc.) can
hamper laboratory work considerably. Some simple remedies are described below,
in case a plumber is not readily available.


2.3.1 Tools and materials (Fig. 2.15)

G Adjustable wrench

G Pipe wrench

G Set of screwdrivers

G Bottle brush

G Rubber washers for taps

G Rubber stoppers such as those used in penicillin
bottles

G Plunger for clearing blocked pipes

G Tow and jointing compound for sealing joints, if
Fig. 2.15 Tools and materials for plumbing repairs
available.

Important: Before starting any plumbing operation, cut off
the water at the mains.


2.3.2 Taps

A tap is made up of two parts (Fig. 2.16):

— the body (B), through which the water flows

— the head (H), which controls the flow of water by means of a rubber
washer (W).

Between the head and the body, there"
C_0032_002,DOC_WHO_2003,P_0032,32,20,2,180,250,1073,1418,70,a41a71f47bb4c81b87e5b124243c591037b42238223807b4088deb94aa2d2001,"made up of two parts (Fig. 2.16):

— the body (B), through which the water flows

— the head (H), which controls the flow of water by means of a rubber
washer (W).

Between the head and the body, there is a joint (J) of rubber or tow.





Fig. 2.16 Components of a tap Fig. 2.17 Removing the head of a tap
B: body; H: head; J: joint; W: washer."
C_0033_001,DOC_WHO_2003,P_0033,33,21,1,0,220,0,1151,220,c8ed34722648e32ac5a48063f7721c290228413fb3d095d9fcf53a3fa2d6e941,"2. Setting up a peripheral health laboratory 21




What to do if water flows when the tap is
turned off

If water continues to flow when the tap is turned off, the
washer needs to be replaced.

1. Unscrew the head of the tap using an adjustable wrench
(turn in an anticlockwise direction) (Fig. 2.17).

2. Remove the worn washer from the base of the head (B).
If the washer is embedded (Fig. 2.18(a)), pull it out. If it
is screwed on (Fig. 2.18(b)), unscrew it.

3. Replace it with a new washer of the same type.

4. If the tap continues to leak after the washer has been re-
placed, the seating (S) that receives the washer (Fig.
2.19(a)) is probably faulty. In this case place a rubber Fig. 2.18 Removing the washer
B: base of the head of the tap.
stopper in the hole (Fig. 2.19(b)).

This will act as a temporary seal until a plumber can be
called in.



(a) (b)





Fig. 2.19 Repairing the seating for the washer
S: seating.


What to do if water leaks out of the head of
the tap

If water leaks out of the head of the tap, the joint needs to be replaced.

1. Unscrew the head of the tap using an adjustable wrench.

2. Replace the joint with a"
C_0033_002,DOC_WHO_2003,P_0033,33,21,2,180,350,960,1854,170,e5f4873e2daa24c35684fb542c1e3e4812d31a7765f6ede64b149e211f239303,"out of the head of
the tap

If water leaks out of the head of the tap, the joint needs to be replaced.

1. Unscrew the head of the tap using an adjustable wrench.

2. Replace the joint with a new one of the same type.

If the joint is made of tow:

1. Remove the old joint, scraping the screw thread with a pointed knife (Fig. 2.20).

2. Wind new tow around the screw thread, starting at the top and winding in a
clockwise direction (Fig. 2.21).

3. Smear jointing compound over the tow (Fig. 2.22).

4. Replace the head of the tap on the body and screw down as far as it will go.


Replacing the whole tap

Unscrew the faulty tap, using a pipe wrench (turn in an anticlockwise direction).
Fig. 2.20 Removing the tow
Take the new tap; the body ends in a large screw (S) (Fig. 2.23(a)). Wind tow from around the
around the thread and smear with jointing compound as described above. screw thread"
C_0034_001,DOC_WHO_2003,P_0034,34,22,1,0,168,0,906,168,66aed194a6354470f6d88877493e5d3fca5e1ff42fc59fcaa7f8a9a7118fd70e,"22 Manual of basic techniques for a health laboratory





Fig. 2.21 Winding new tow around the screw Fig. 2.22 Applying jointing compound to the tow





Fig. 2.23 Replacing a tap
S: screw.


Screw the new tap into the water pipe in the wall in place of the old one
(Fig. 2.23(b)). Tighten with the wrench.


2.3.3 Sink traps

Components of a sink trap (Fig. 2.24)

The sink trap consists of:

— the body, fixed to the sink outflow by a joint (J1);

— the swan neck of the U-shaped trap, fixed to the body by a joint
(J2).

The whole trap is attached to the waste pipe by a joint (J3).

The wastewater flows into the trap, which is permanently filled with water
(the seal). This prevents foul air from the waste pipes and sewers from
Fig. 2.24 Components of a sink trap coming up into the sink. Sink traps may become blocked so that wastewater
J1, J2, J3: joints. from the sink or basin cannot drain away."
C_0035_001,DOC_WHO_2003,P_0035,35,23,1,0,220,0,1267,220,c21d28b9448d366c763a10513fb5a5bb5aa6fe801db7ce01ef02595cf5af99bc,"2. Setting up a peripheral health laboratory 23




Unblocking with a plunger

Place the plunger over the waste pipe. Let a little water
flow around it to help it stick. Press down on the wooden
handle to flatten the plunger (Fig. 2.25).

Pull it up and then push it down hard again. Repeat this
procedure several times, as fast as you can. The suction
caused may break up whatever is blocking the sink.


Unblocking with chemicals

Use a commercial product intended for the purpose. Al-
Fig. 2.25 Unblocking a sink with a plungerternatively, use 250g of sodium hydroxide pellets. Put the
pellets in the bottom of the sink or basin, over the waste
pipe. Pour 2 litres of boiling water on to the pellets (avoid splashing). Leave for 5
minutes, then rinse the sink thoroughly with cold water from the tap.

Warning: Sodium hydroxide solution is highly corrosive and should be used with
extreme care. If it is splashed on the skin or in the eyes, wash the affected areas
immediately with large quantities of water.


Unblocking by emptying the sink trap

Place a bucket beneath the trap. Unscrew joint J2 using an adjustable spanner (Fig.
2.26).

Clean the trap with a bottle brush or piece of wire. Clear away all waste material. If
there is a white deposit (limescale)"
C_0035_002,DOC_WHO_2003,P_0035,35,23,2,180,371,1041,2113,191,c3561ba85d252ff90b2a8efbf5d670eabddb51e45e1b6cbb4a60bdb60804b3b2,"sink trap

Place a bucket beneath the trap. Unscrew joint J2 using an adjustable spanner (Fig.
2.26).

Clean the trap with a bottle brush or piece of wire. Clear away all waste material. If
there is a white deposit (limescale) in the trap, take it apart completely. Heat the
components in diluted acetic acid (20ml of acid per litre of water).

Reassemble the sink trap.


What to do if the sink trap is leaking

If foul smells come up through the waste pipe of the sink, the permanent reservoir
of water (the seal) at the bottom of the trap must have leaked because of a fault in
joint J2. Screw the joint down tightly, or replace it with a new one (Fig. 2.27).

Important: Never pour strong acids down a sink, since they can cause corrosion.





Fig. 2.26 Unblocking a sink by emptying the sink trap Fig. 2.27 Replacing the seal at the bottom of a sink


2.4 Water for laboratory use

The medical laboratory needs an adequate water supply for its work. It requires:

— clean water

— distilled water

— demineralized water (if possible)

— buffered water (if possible)."
C_0036_001,DOC_WHO_2003,P_0036,36,24,1,0,220,0,1253,220,bc86ee5d5b75ef45b5ba7a211e195d85de83de852b034bb6dda95e80846314e0,"24 Manual of basic techniques for a health laboratory



2.4.1 Clean water

To check whether the water supply is clean, fill a bottle with water and let it stand
for 3 hours. Examine the bottom of the bottle. If there is a deposit, the water needs
to be filtered.


Filtering

Using a porous unglazed porcelain or sintered glass filter

This type of filter can be attached to a tap. Alternatively, it can
be kept immersed in a container of the water to be filtered (Fig.
2.28).

Important: Filters of this type must be dismantled once a month
and washed in boiling filtered water.


Using a sand filter

A sand filter can be made in the laboratory. You will need the
following (see Fig. 2.29):

— a filter reservoir (a large container such as a metal drum, a
big earthenware pot or a perforated bucket)Fig. 2.28 Filtering water using a porous unglazed
porcelain or sintered glass filter — sand (S)

— gravel (G).

Note: Water that has been filtered through a sand filter is almost
free of particles, but it may contain water-soluble chemical com-
pounds and bacteria.


Storage of water

If water is scarce or comes from a tank or well, always keep a
large supply in reserve, preferably in glass or plastic containers.

Decant water that has been stored"
C_0036_002,DOC_WHO_2003,P_0036,36,24,2,180,359,1011,2054,179,6910dbba25555d0f679101d74282255e545a90567df5ee39a2991c3f28a923fb,"contain water-soluble chemical com-
pounds and bacteria.


Storage of water

If water is scarce or comes from a tank or well, always keep a
large supply in reserve, preferably in glass or plastic containers.

Decant water that has been stored before filtering it.


Water supply

If there is no running water in the laboratory, set up a distributor
as follows (see Fig. 2.30):

1. Place the container of water on a high shelf.

2. Attach a length of rubber tubing to the container so that the
water can flow down.
Fig. 2.29 Filtering water using a sand filter
G: gravel; S: sand. 3. Clamp the rubber tubing with a Mohr clip or a small screw
clamp.


2.4.2 Distilled water

Distilled water is free from nonvolatile compounds (e.g. miner-
als) but it may contain volatile organic compounds.


Preparation

Distilled water is prepared using a still, in which ordinary water
is heated to boiling point, and the steam produced is cooled as it
Fig. 2.30 A water distributor passes through a cooling tube where it condenses to form dis-
tilled water."
C_0037_001,DOC_WHO_2003,P_0037,37,25,1,0,175,0,1043,175,7d8203a16075bf5eb6d230678c7351913907268456b6bb34b1496b5c0cc1815e,"2. Setting up a peripheral health laboratory 25




The following types of still are available:

— copper or stainless steel stills (alembics)

— glass stills

— solar stills.

They are heated by gas, kerosene, electricity or solar energy, depending on the type
of still.


Copper or stainless steel alembics (Fig. 2.31)

1. Fill the reservoir (R) with the water to be distilled.

2. Connect the cold-water tube (T) to a tap.

3. Heat the reservoir with a Bunsen burner (B) or kerosene heater.

The still can produce 1 or 2 litres of distilled water per hour, depending on the
efficiency of the heating system.





Fig. 2.31 Components of a copper or stainless steel alembic
B: Bunsen burner; C: cooling column; R: reservoir; T: cold-water tube.


Glass stills (Fig. 2.32)

Glass stills are more fragile, but almost always produce purer water than metal
stills. The distillation method is the same. Make sure that the running water circu-
lates freely round the condenser (C). The water can be heated in the flask by the
electric element (E)."
C_0038_001,DOC_WHO_2003,P_0038,38,26,1,0,134,0,808,134,49c8249467f2c5416674c6fd38e85ff3547373f6c6f0eed834ee91e4ed3851b0,"26 Manual of basic techniques for a health laboratory





Fig. 2.32 Components of a glass still
C: condenser; D: distillate; E: electric element.





Fig. 2.33 Components of a solar still


Solar stills (Fig. 2.33)

For laboratories in remote areas and with limited resources, a simple solar-
powered water still can be easily constructed using a clean plastic container with
two compartments (one large and one small) and a large surface area, over which is
placed a glass cover in a sloping position.

The water is poured into the large compartment from which it is evaporated by the
sun. It condenses on the glass cover and drops into the small compartment. The
small compartment has an outlet at the bottom through which the distilled water
can pass into a glass bottle placed underneath the container."
C_0039_001,DOC_WHO_2003,P_0039,39,27,1,0,220,0,1354,220,3b4e14e97039071ca612d2910835fd65014ab69d7711376a88fe1be14da56264,"2. Setting up a peripheral health laboratory 27




In tropical climates 2–7 litres of distilled water can be produced daily from a solar
still with a surface area of 1m2.

Important:

G Collect the distilled water in a glass or plastic container.

G Do not distil the last quarter of the water heated; it contains residues.


Quality control

The pH of distilled water is normally between 5.0 and 5.5 (i.e. it is acid).

Use a 1.7% solution of silver nitrate (AgNO3) (reagent no. 49) to check for the
absence of chloride compounds (e.g. calcium chloride).

Put in a beaker:

— 10ml of distilled water;

— 2 drops of nitric acid;

— 1ml of silver nitrate solution.

The water should remain perfectly clear.

If a slight whitish turbidity appears, the distillation process should be repeated.


Uses

Distilled water is used for the preparation of reagents and as a final rinse for some
glassware before drying.

Important:

G Do not use commercial distilled water (the type sold for filling car batteries) for
the preparation of laboratory reagents.

G Freshly prepared distilled water is preferable; if this is not available, use distilled
water stored in glass or plastic containers, which should be washed periodically.

G Always use distilled water prepared the same week.


2.4.3 Demineralized water

Principle

Demineralized water is free from ions"
C_0039_002,DOC_WHO_2003,P_0039,39,27,2,180,360,1086,2214,180,89f9627eea72d28b72e6ac268bf3a3967a0ebe33132cb20d4261b478ddb5dfdc,"is preferable; if this is not available, use distilled
water stored in glass or plastic containers, which should be washed periodically.

G Always use distilled water prepared the same week.


2.4.3 Demineralized water

Principle

Demineralized water is free from ions but not necessarily free from organic com-
pounds.


Preparation

Demineralized water is prepared by passing ordinary water through a column of
ion-exchange resin. The apparatus consists of a long cartridge filled with ion-
exchange resin granules. The water filters through the column of granules, which
retain all the mineral ions (i.e. all the dissolved mineral salts). Some demineralizers
have two cartridges through which the water passes successively (Fig. 2.34).

1. Check that the cartridge is completely filled with ion-exchange resin granules.

2. Connect the inlet tube of the apparatus to the water supply (a tap or a small tank
placed above the apparatus). In some models the water flows in at the top of the
column, in others it flows in at the bottom.

3. Let the water flow in slowly.

4. Collect the demineralized water in a closed container."
C_0040_001,DOC_WHO_2003,P_0040,40,28,1,0,220,0,1310,220,dddde18e5fe96c9df8d9dec0bf3443b2d6af9d5171397973d4027eff8ca39ead,"28 Manual of basic techniques for a health laboratory





Fig. 2.34 A demineralizer


Quality control

Apparatus with a control dial

The dial registers the resistivity of the water resulting from the presence of ions.
The more complete the demineralization, the higher the electrical resistivity of the
water.

1. Check that the control system is fitted with a battery in good working order.

2. To check that the battery is charged, press the button marked “zero test”; the
needle on the dial should swing to zero (Fig. 2.35(a)).

3. Let water flow into the cartridge.

4. When demineralized water begins to flow out at the other end, press the button
marked “water test”. The needle should register a resistivity of over 2 megaohms/
cm (2MW/cm) (Fig. 2.35(b)).

5. If the needle stops at a point below 2MW/cm or stays at zero, the cartridge of
ion-exchange resin granules has been used for too long and must be replaced or
reactivated.

The apparatus may indicate the resistivity (MW/cm) or the reciprocal value, the
conductivity (cm/MW or Siemens, S).


Apparatus without a control dial

Using an indicator paper, determine:

— the pH of the water supply flowing into the apparatus, and

— the pH of the demineralized water that flows out at the other end.

If the pH remains the same (usually below 6.5),"
C_0040_002,DOC_WHO_2003,P_0040,40,28,2,180,291,1093,1727,111,9db48b13540e20e75011c06b664ae6e431faf1a5f36756f402bfeee4d52fa42e,"Using an indicator paper, determine:

— the pH of the water supply flowing into the apparatus, and

— the pH of the demineralized water that flows out at the other end.

If the pH remains the same (usually below 6.5), the resin is no longer active.
Demineralized water should have a pH between 6.6 and 7.0.

An additional check can be made using a 1.7% solution of silver nitrate (reagent
no. 49). Pass a weak solution of sodium chloride (cooking salt) through the
resin, then carry out the test described in section 2.4.2 for the quality control
of distilled water. If a slight whitish cloudiness appears, the resin must be
replaced."
C_0041_001,DOC_WHO_2003,P_0041,41,29,1,0,200,0,1220,200,8cfb8b015ecdf7d06c301115a34bc9e06e5ba7e88c4180c0c8ca888f617ae60b,"2. Setting up a peripheral health laboratory 29




(a)
0.3 0.1 0.5 1 2
4
0 0
M /cm





(b)
0.3 0.1 0.5 1 2
4
0
M /cm





WHO 01.203
Fig. 2.35 Measuring the resistivity of demineralized water


Change of colour in resin

If the resin changes colour (e.g. it turns black), consult the instructions for use
supplied by the manufacturer.

It may need to be reactivated or replaced, as described below.


Replacement or reactivation of ion-exchange resin

This can be done in one of the following ways, depending on the model:

G The cartridge is replaced by another filled with ion-exchange resin granules.

G The column of the apparatus is refilled with ion-exchange resin or a mixture of
two resins.

G The exhausted ion-exchange resin is reactivated by passing a solution of ammo-
nia through the apparatus. Follow the instructions supplied by the manufac-
turer.


Uses

Demineralized water can be used for:

— rinsing glassware before drying;

— preparing almost all the reagents used in medical laboratories, including stains.


2.4.4 Buffered water

Distilled water is usually acid and demineralized water becomes acid on exposure
to the air. For a number of laboratory procedures (preparation of stains, etc.) the"
C_0042_001,DOC_WHO_2003,P_0042,42,30,1,0,220,0,1345,220,757a2607591d81ff7ca0f3fd36393c5fca45a6783b9d2cd8abda4613072b363c,"30 Manual of basic techniques for a health laboratory




pH of the water has to be around 7.0 (neutral water) and has to be kept neutral.
This is achieved, if possible, by dissolving buffer salts in the water (buffered water).


Materials and reagents

G Measuring cylinders, 10ml and 1000ml

G Volumetric flask, 1000ml

G Universal indicator paper (for measuring pH from 1 to 10)

G Indicator paper of limited pH range: for the 5.0–7.0 range and for the 6.0–8.0
range

G Distilled (or demineralized) water

G Acetic acid, 5% solution (reagent no. 1), diluted 1:10 with distilled water

G Disodium hydrogen phosphate (Na2HPO4·2H2O), hydrated
G Phenol red, 1% solution (reagent no. 42)

G Potassium dihydrogen phosphate (KH2PO4), anhydrous
G Sodium carbonate, 0.2% solution (reagent no. 51).


Method

1. Weigh out accurately 3.76g of disodium hydrogen phosphate.

2. Transfer the chemical to a 1000-ml volumetric flask through a funnel (Fig.
2.36).

3. Rinse out the weighing container into the volumetric flask several times with
water. Rinse the funnel into the flask.

4. Weigh out accurately 2.1g of potassium dihydrogen phosphate and proceed as
in steps 2 and 3.

5. Add a little more water and mix the solution until the chemicals are dissolved.

6. Fill the flask to the 1000-ml mark with water.

7. Replace the flask stopper and mix the"
C_0042_002,DOC_WHO_2003,P_0042,42,30,2,180,247,1140,1523,67,70431f0c2fb11bed341284862496f9b645897a808a6316f50f8946ccf5def1cf,"proceed as
in steps 2 and 3.

5. Add a little more water and mix the solution until the chemicals are dissolved.

6. Fill the flask to the 1000-ml mark with water.

7. Replace the flask stopper and mix the solution well.

8. Store the solution in a white glass reagent bottle and keep in a refrigerator.





Fig. 2.36 Transferring disodium hydrogen phosphate into a volumetric flask"
C_0043_001,DOC_WHO_2003,P_0043,43,31,1,0,220,0,1215,220,fc7809bf389405ec0e6b46dc3db4f9236af185a099a95f138df7f517b781a680,"2. Setting up a peripheral health laboratory 31




9. Dip a strip of the universal indicator paper into the buffer
solution and compare the colour obtained with that shown
on the standard chart (Fig. 2.37). Read off the pH unit
given for the colour that matches the test paper most
closely.

10. According to the result obtained, select a strip of indica-
tor paper for the corresponding limited range. For exam-
ple, if the pH is 6, use indicator paper for the range
5.0–7.0. If the pH is 7.5, use indicator paper for the range
6.0–8.0. Fig. 2.37 Checking the pH using universal indicator
paper
11. Repeat the test, using the paper for the corresponding lim-
ited range. Read off the pH of the buffer solution on the
standard chart.

12. If the pH is between 7.0 and 7.2, the buffered water is satisfactory. If it is below
7.0, the water is acidic. If the water is acidic, make a fresh solution, using dis-
tilled water that has been boiled for 10 minutes in an uncovered round flask
(this gets rid of the carbon dioxide).

13. If the water is still acidic after boiling:
— add five drops of phenol red solution for every litre of water;
— neutralize by adding sodium carbonate solution, one drop at a time, until"
C_0043_002,DOC_WHO_2003,P_0043,43,31,2,180,361,997,2047,181,046cf5e32c76da2a24bc13e49a8adc1e87993ba5af96bff873d1392832d21794,"rid of the carbon dioxide).

13. If the water is still acidic after boiling:
— add five drops of phenol red solution for every litre of water;
— neutralize by adding sodium carbonate solution, one drop at a time, until
the water turns pink (Fig. 2.38).

14. If the water is alkaline (pH above 7.2):
— add five drops of phenol red solution for every litre of water;
— neutralize by adding acetic acid solution, one drop at a time, until the water
turns orange (Fig. 2.39).





Fig. 2.38 Correcting the pH of acidic buffered Fig. 2.39 Correcting the pH of alkaline
water buffered water



If neither disodium hydrogen phosphate nor potassium dihydrogen phosphate is
available, neutralize distilled or demineralized water directly, as shown in steps
12–14 above.

Note: The pH can also be corrected by adding small quantities of the buffer salts:

G Disodium hydrogen phosphate can be used to increase the pH if the water is
acidic (pH below 7.0).

G Potassium dihydrogen phosphate can be added to reduce the pH if the water is
alkaline (pH above 7.2)."
C_0044_001,DOC_WHO_2003,P_0044,44,32,1,0,220,0,1390,220,d0c08ffc516fcf9d3b304883228856aa95eb6585688708d839ebbf1c8b0fa33d,"32 Manual of basic techniques for a health laboratory



2.5 Equipment

The following is a list of the apparatus needed to equip a laboratory capable of
carrying out all the examinations described in this manual. Such a laboratory would
usually be located in a small rural hospital (district level) which might have be-
tween 60 and 100 beds.


2.5.1 Essential laboratory instruments

Microscopes1

The laboratory should be equipped with two microscopes.

G One microscope is for use in haematology. It should have an inclined binocular
tube, a mechanical stage, three objectives (¥10, ¥40, ¥100), two eyepieces (¥5,
¥10), a condenser and an electric lamp that can be connected to the mains
electricity supply or a battery.

G The second microscope is for use in other laboratory procedures (parasitology,
urine analysis, bacteriology, etc.) and should have an inclined binocular tube
and accessories as listed above.

At the health centre level one binocular microscope is sufficient.


Centrifuges2

It is useful to have two centrifuges:

— an electric centrifuge with a microhaematocrit head attachment and a reader;

— a hand-operated or an electric centrifuge with four buckets.


Balance3

An analytical balance with a set of weights is necessary if reagents are to be pre-
pared in the laboratory.

If the laboratory is required to prepare a wide range of reagents, a two-pan balance"
C_0044_002,DOC_WHO_2003,P_0044,44,32,2,180,355,1154,2302,175,447196cee78db0ac3bac0b19c4b4ad9438354c1f0750c63144ff604af7acb7ba,"centrifuge with four buckets.


Balance3

An analytical balance with a set of weights is necessary if reagents are to be pre-
pared in the laboratory.

If the laboratory is required to prepare a wide range of reagents, a two-pan balance
with a corresponding set of weights (see section 3.2.2) is useful.


Refrigerator

Reagents (such as those required for pregnancy tests, etc.) and materials (such as
certain transport media, specimens, etc.) should be kept in the refrigerator.


Water-bath

A water-bath equipped with a thermostat for temperature control is required when
samples or materials must be kept at a certain temperature and when measure-
ments must be made at a given temperature.


Differential counter

Although a hand tally counter can be used, a differential counter saves time.


Photometer or colorimeter

It is necessary to have a photometer or colorimeter for blood chemistry tests and
for accurate determination of haemoglobin levels. Battery-powered models are com-
mercially available.



1 For further information, see section 3.1.
2 For further information, see section 3.3.
3 For further information, see section 3.2.3."
C_0045_001,DOC_WHO_2003,P_0045,45,33,1,0,220,0,1336,220,fcc6ea52208557004e6b6f7a2b1bb657cefbe825986a1db1aa24bff91a9c41b2,"2. Setting up a peripheral health laboratory 33



2.5.2 Additional items

Autoclave

If the laboratory is in a hospital, the hospital sterilization service can be used. If the
laboratory is in a health centre one of the following is needed (see section 3.5.5):

— a small autoclave (electric or heated by an oil stove or with butane gas)

— a pressure cooker.


Hot-air oven

If the laboratory is fairly large, a small hot-air oven is useful for drying glassware
and for sterilization in conjunction with the autoclave (see section 3.5.5).


Deionizer or water still

A deionizer is an apparatus for demineralizing water by means of cartridges filled
with ion-exchange resin (see section 2.4.3).

If a deionizer is not available, a water still can be used (see page 25).


2.5.3 Equipment and supplies

A list of equipment and supplies for a peripheral-level health laboratory is given in
Table 2.2. The quantities proposed are sufficient to enable a laboratory with one or
two technicians to perform 20–50 examinations per day for a period of 6 months.
Glassware and small items of equipment for laboratory use are shown in Fig. 2.40.


2.5.4 Making glass equipment

Glass is produced by the fusion at a very high temperature of sand and potassium
(or sodium). This forms a silicate (ordinary soda-lime glass). Sometimes boric acid
is"
C_0045_002,DOC_WHO_2003,P_0045,45,33,2,180,342,1094,2052,162,81129c2bf013db0f1a08767376acbd56c3ff0133594b611f573fdce13156d10b,"for laboratory use are shown in Fig. 2.40.


2.5.4 Making glass equipment

Glass is produced by the fusion at a very high temperature of sand and potassium
(or sodium). This forms a silicate (ordinary soda-lime glass). Sometimes boric acid
is added to the ingredients to produce borosilicate glass, which is less brittle and
more resistant to heat than ordinary glass. Certain pieces of equipment can be
made in the medical laboratory by heating ordinary glass.


Materials

G Hollow glass tubing with an external diameter of 4–8mm and 0.9–1.0mm thick

G Glass rods with a diameter of 4–8mm

G File, glass cutter or diamond pencil

G Cloth

G Bunsen burner (or a small gas or petrol blowlamp).


Making a Pasteur pipette

1. Take a piece of glass tubing 4–6mm in diameter. Using the file, mark off the
required lengths of tubing:

— 14–15cm for small pipettes;

— 18–25cm for large pipettes.

Etch the mark right round the tube, forming a circle (Fig. 2.41)."
C_0046_001,DOC_WHO_2003,P_0046,46,34,1,0,18,0,120,18,3569234bf308945bb1735aa1c4d709a495613153eccc5a58a5dd003f3b785c31,"34 Manual of basic techniques for a health laboratory





(a)





Fig. 2.40 Glassware and equipment for laboratory use"
C_0047_001,DOC_WHO_2003,P_0047,47,35,1,0,9,0,56,9,5723a30fa9baa5fae06f413556edfb4a2cdfaff22c446d02553b84b440ac0507,"2. Setting up a peripheral health laboratory 35





(b)"
C_0048_001,DOC_WHO_2003,P_0048,48,36,1,0,220,0,1526,220,854f50a5958fda9dff1f4ec796d835b368897aaed15f48b14924c5d26e385c6f,"36 Manual of basic techniques for a health laboratory




Table 2.2 Equipment and supplies for a peripheral-level health
laboratory

Item Quantity required

Equipment for collection of specimens

Essential equipment

Syringes, graduated, disposable, 20ml as needed

Syringes, graduated, disposable, 10ml as needed

Syringes, graduated, disposable, 5ml as needed

Needles, disposable, 18-gauge (1.2mm) ¥ 40mm as needed

Needles, disposable, 19-gauge (1.0–1.1mm) ¥ 40mm as needed

Needles, disposable, 20-gauge (0.9mm) ¥ 40mm as needed

Needles, disposable, 22-gauge (0.7mm) ¥ 40mm as needed

Needles, disposable, 23-gauge (0.6mm) ¥ 32mm as needed

Needles, disposable, 23-gauge (0.6mm) ¥ 90mm as needed

Rubber tubing for tourniquet, 2–5mm bore 2 pieces

Lancets for taking capillary blood as needed

Cotton wool, white, absorbent 2 ¥ 500g

Cotton wool, non-absorbent 2 ¥ 500g

Bottles, previously containing antibiotics, reagents, etc. for as many as
injection (5, 10, 20ml) possible

Additional equipment

Scalpel with disposable blades for taking slit skin smear 1
specimens (for leprosy)

Curved clamp forceps without teeth for taking slit skin smear 1
specimens (for leprosy)

Boxes, plastic or cardboard, disposable, for stool collection 50

Applicators, wooden (12cm ¥ 1mm) (can be made locally) 50

Bottles, 2.5ml and 5ml, preferably plastic 50

Bottles, white glass, wide-mouthed, 50ml, with metal screw cap 25
and rubber washer, for collection of sputum specimens

Bottles, white glass, 25ml, with metal screw cap and"
C_0048_002,DOC_WHO_2003,P_0048,48,36,2,180,337,1275,2389,157,a7869dca5854e2eb6abdc9047b24b98f5d53628a09eb1861084c32dbd6047e68,"1mm) (can be made locally) 50

Bottles, 2.5ml and 5ml, preferably plastic 50

Bottles, white glass, wide-mouthed, 50ml, with metal screw cap 25
and rubber washer, for collection of sputum specimens

Bottles, white glass, 25ml, with metal screw cap and rubber 25
washer, for various specimens

Bottles, wide-mouthed, all sizes, for collection of urine 20–40
specimens

Forceps, punch, for taking skin biopsies (for onchocerciasis) 1

Tongue depressors, wooden 50

Glassware

Essential items

Glass rods, solid, 6mm diameter 3

Beakers, plastic, flat, 50ml 4

Beakers, plastic, flat, 100ml 4

Beakers, plastic, flat, 250ml 4

Staining troughs, rectangular, for 20 slides 4

Funnel, glass, 60mm diameter 1

Funnels, glass, 90mm diameter 2

Funnel, plastic, 200mm diameter 1

Measuring cylinders, graduated, glass, 25ml 3

Measuring cylinders, graduated, glass, 50ml 3

Measuring cylinders, graduated, glass, 100ml 3

Measuring cylinders, graduated, glass, 250ml 2

Measuring cylinder, graduated, glass, 500ml 1

Measuring cylinder, graduated, glass, 1000ml 1

Flasks, Erlenmeyer, heat-resistant, wide-mouthed, 250ml 3"
C_0049_001,DOC_WHO_2003,P_0049,49,37,1,0,220,0,1492,220,7eda274495c1333c262b23ebd8025df86ecfa37828ce0eb1dc7e33ff4ba67bb3,"2. Setting up a peripheral health laboratory 37




Table 2.2 (cont.)

Item Quantity required

Flasks, Erlenmeyer, heat-resistant, wide-mouthed, 500ml 3

Flasks, Erlenmeyer, heat-resistant, wide-mouthed, 1000ml 3

Drop bottles, plastic or glass, 100ml 12

Drop bottles, brown glass, 100ml 3

Reagent bottles, plastic or glass, 100ml 20

Reagent bottles, plastic or glass, 500ml 10

Reagent bottles, plastic or glass, 1000ml 10

Flasks, volumetric, glass, with stoppers, 100ml 4

Flasks, volumetric, glass, with stoppers, 250ml 2

Flasks, volumetric, glass, with stoppers, 500ml 2

Flask, volumetric, glass, with stoppers, 1000ml 1

Microscope slides, 25mm ¥ 75mm 2 ¥ 1000

Coverslips, 20mm ¥ 20mm 20 ¥ 100

Wash bottles, plastic, 500ml 2

Wash bottles, plastic, 1000ml 2

Watch glasses, 50mm diameter 2

Pipettes, graduated from the top (and not to the tip), 1ml 12
(0.01-ml subdivisions)

Pipettes, graduated from the top (and not to the tip), 2ml 10
(0.01-ml subdivisions)

Pipettes, graduated from the top (and not to the tip), 5ml 10
(0.1-ml subdivisions)

Pipettes, graduated from the top (and not to the tip), 10ml 6
(0.1-ml subdivisions)

Pipettes, Pasteur 2 ¥ 144

Test-tubes, heat-resistant, 150mm ¥ 16mm 50

Test-tubes, heat-resistant, 85mm ¥ 15mm (Kahn tubes) 100

Test-tubes, heat-resistant, 50mm ¥ 6mm (cross-matching tubes) 20

Centrifuge tubes, conical, 15ml 40

Centrifuge tubes, conical, graduated, 15ml (0.1-ml subdivisions) 50

Glass tubing, 1.0–1.5mm thick, 7–8mm diameter"
C_0049_002,DOC_WHO_2003,P_0049,49,37,2,180,321,1185,2256,141,d6958fb93fa93be41fd09b5e02acb09f56ae60acbdd93494d13de42bdbc4b945,"heat-resistant, 150mm ¥ 16mm 50

Test-tubes, heat-resistant, 85mm ¥ 15mm (Kahn tubes) 100

Test-tubes, heat-resistant, 50mm ¥ 6mm (cross-matching tubes) 20

Centrifuge tubes, conical, 15ml 40

Centrifuge tubes, conical, graduated, 15ml (0.1-ml subdivisions) 50

Glass tubing, 1.0–1.5mm thick, 7–8mm diameter 1kg

Additional items

Petri dishes, glass, 112mm diameter 4

Petri dishes, glass, 156mm diameter 4

Evaporating dishes, 75mm diameter (75ml) 2

Dessicator 1

Equipment for haematology tests

Pipettes, Sahli, 0.02ml, with rubber tubing 30

Pipettes, blood, 0.05ml 20

Counting chambers, improved Neubauer (bright line if possible) 3

Counting chamber, Fuchs–Rosenthal 1

Coverslips, optically plane, for counting chambers 12

Tally counter 1

Tubes, Westergren, for determination of erythrocyte 30
sedimentation rate

Stands for Westergren tubes 2

Microhaematocrit centrifuge 1

Microhaematocrit capillary tubes, heparinized 1000

Wax, for sealing microhaematocrit tubes 1 roll

Equipment for bacteriological and biochemical tests

Nichrome wire, 1mm diameter 1m"
C_0050_001,DOC_WHO_2003,P_0050,50,38,1,0,220,0,1422,220,835f570b4c7e6946cb0c9cd1ebb4c4ef5f45d0b6d12e9f411aad88ed57ba9b61,"38 Manual of basic techniques for a health laboratory




Table 2.2 (cont.)

Item Quantity required

Loop holders 4

Wooden block for loop holders 1

Protein standard tubes 1 set

Test-tube racks, large, for 12 tubes 4

Test-tube racks, small, for 12 tubes 4

Wooden test-tube holders 2

Forceps, stainless steel, for slides 2

Bunsen burner for use with butane gas 1

Butane gas cylinder as needed

Tripod with asbestos gauze 1

Spatulas, various sizes, for weighing reagents 3

Laboratory records and reports

Record books, hardbacked, large 6

Glass-marking pencils, wax, red 12

Glass-marking pencils, wax, blue 12

Glass marker, diamond point 1

Pencils, lead 12

Pens, ballpoint, red ink (for recording positive specimens) 2

Pens, ballpoint, black or blue ink 3

Cellophane tape 3 rolls

Adhesive tape, white 3 rolls

Labels for specimen bottles 1000

Laboratory request forms (preferably standardized centrally) as needed

Miscellaneous equipment

Microscopes 2

Colorimeter 1

Water bath 1

Refrigerator 1

Hot-air oven 1

Centrifuge 1

Balance 2

Deionizer or water still 1

Timer, 0–60min, with alarm 1

Spirit lamp 1

Hammer 1

Pliers 1 pair

Pliers, electrician’s 1 pair

Screwdriver, small 1

Screwdriver, medium 1

Screwdriver, large 1

Round metal file, 5mm 1

Small ampoule files 12

Saucepan, flat-bottomed with lid, 30cm diameter 1

Hot plate 1

Pestle (10cm diameter) and mortar 1

Bowls, plastic, 50cm"
C_0050_002,DOC_WHO_2003,P_0050,50,38,2,180,235,1163,1505,55,00ed5d725b538c95c90407d2107194d635795668b8f43583900d784fa335d72f,"electrician’s 1 pair

Screwdriver, small 1

Screwdriver, medium 1

Screwdriver, large 1

Round metal file, 5mm 1

Small ampoule files 12

Saucepan, flat-bottomed with lid, 30cm diameter 1

Hot plate 1

Pestle (10cm diameter) and mortar 1

Bowls, plastic, 50cm ¥ 30cm 3

Bucket, plastic, 12 litres 1

Rubber safety bulb 4

Micropipette, 20ml 1"
C_0051_001,DOC_WHO_2003,P_0051,51,39,1,0,220,0,1404,220,ff51e274fc8711c6156b2216df4359cb6e518786220e3f6fd4ef152ab5bb034c,"2. Setting up a peripheral health laboratory 39




Table 2.2 (cont.)

Item Quantity required

Micropipette, 50ml 1

Micropipette, 100ml 1

Micropipette, 200ml 1

Micropipette, 500ml 1

Micropipette tips, plastic, disposable, 20ml as needed

Micropipette tips, plastic, disposable, 50ml as needed

Micropipette tips, plastic, disposable, 100ml as needed

Micropipette tips, plastic, disposable, 200ml as needed

Micropipette tips, plastic, disposable, 500ml as needed

Scissors, medium 1

Scissors, large 1

Vacuum pump, metal 1

Thermometer, 0–100°C 1

Stoppers, rubber 1 set

Stoppers, cork 1 set

Corkscrew 1

Test-tube and bottle cleaning brushes (various sizes) 6

Filter-paper, 15cm diameter (Whatman’s No. 1 or equivalent) 4 boxes

pH paper, narrow range (6.8–7.2) 6 books

pH paper, wide range (0–12) 6 books

Lens paper 2 packets

Fine paintbrush, soft camel-hair brush or blower (for cleaning lenses) 1

Small rubber bulb (for cleaning lenses) 1

Toilet tissue 10 rolls

Towels and clean rags as needed

Immersion oil 6 bottles
(10ml each)





Fig. 2.41 Marking off the required length of glass tubing using a file





Fig. 2.42 Breaking the glass tubing by Fig. 2.43 Rounding off the ends of the
hand glass tubing by flaming


2. Wrap the part to be broken in a cloth. Hold the tube with both hands, one
thumb on either side of the etched mark (Fig. 2.42). Snap by pressing with your
thumbs."
C_0051_002,DOC_WHO_2003,P_0051,51,39,2,180,252,1202,1564,72,74332efe9ffe241fcb283a4fbdec8354f7e022ee7fa24be9a04641b737ff98dc,"of the
hand glass tubing by flaming


2. Wrap the part to be broken in a cloth. Hold the tube with both hands, one
thumb on either side of the etched mark (Fig. 2.42). Snap by pressing with your
thumbs.

3. Round off the end of each piece of tubing as shown in Fig. 2.43:

— heat the end, holding the tube almost vertical just above the blue flame of
the burner;"
C_0052_001,DOC_WHO_2003,P_0052,52,40,1,0,220,0,1234,220,e33a1c39d1b3593fe157d8320c4696a9c4fd2a19378a71783c55887f3e17cf70,"40 Manual of basic techniques for a health laboratory




— keep turning slowly;

— stop when the glass becomes red hot.

4. Stand the tubes in a beaker or a can, heated ends up,
and leave to cool.

Wash all the pieces of tubing prepared (following the
instructions given in section 3.5.1). Rinse and dry.

5. Pulling the pipette is carried out as follows:

— heat the middle of the length of tubing over the
blue flame (Fig. 2.44);
Fig. 2.44 Heating the glass tubing before pulling the
— keep rotating the tubing until the glass becomes pipette
red.





Fig. 2.45 Pulling the pipette Fig. 2.46 Rounding off the ends of the pipette
by flaming




6. Remove the tubing from the flame, still rotating it continuously, and pull the two
ends apart slowly, keeping your hands perfectly level (Fig. 2.45). Pull the glass to
the length required (10–20cm).

7. Leave to cool. Cut off the drawn portion at the exact length required. Round off
the sharp edges by holding them for a few seconds in the flame (Fig. 2.46).

Alternatively, separate and seal the two pipettes by heating the pulled-out por-
tion in the flame.


Making a stirring rod

1. Use a glass rod about 5mm in diameter. Cut the rod into lengths of 15, 20 or
25cm according to"
C_0052_002,DOC_WHO_2003,P_0052,52,40,2,180,316,1027,1738,136,3fbd73453b83b8510a88f3ef31465429c0ac0fad16d66c8e14d8b7fcb6f256a7,"separate and seal the two pipettes by heating the pulled-out por-
tion in the flame.


Making a stirring rod

1. Use a glass rod about 5mm in diameter. Cut the rod into lengths of 15, 20 or
25cm according to requirements, using a file (see Fig. 2.41).

2. Round off the ends by rotating them over the blue flame of the burner, until
about 1cm of the rod is bright red (Fig. 2.47).
Fig. 2.47 Rounding off the
ends of the glass 3. Flatten the heated end against the (dry) tiled working surface with a 500-g or
rod by flaming 1-kg weight (Fig. 2.48).

4. Heat the other end and press it gently down on the tiled surface (Fig. 2.49).

Glass rods can be used to decant liquids or to pour them slowly (see Fig. 3.52)."
C_0053_001,DOC_WHO_2003,P_0053,53,41,1,0,154,0,845,154,2e653bdb5cf01199c4c0011f963608de2878aec4b51a3196514e1a262628bffc,"2. Setting up a peripheral health laboratory 41





Fig. 2.48 Flattening the heated end of the glass Fig. 2.49 Pressing the heated end of the
rod using a weight glass rod down on a tiled surface





Fig. 2.50 Heating glass tubing before bending Fig. 2.51 Bending glass tubing to make a right angle


Bending glass tubing

1. Heat the spot where the bend is to be made, rotating the tubing over the flame
until the glass turns pale red (Fig. 2.50) and sags.

2. Bend the heated tubing slowly to make a right angle (follow the corner of a tile;
Fig. 2.51).


Poor bends (Fig. 2.52)

Poor bends may result if:

— the glass was too hot (a)

— the glass was not hot enough (b).



Making a wash bottle

Materials

G Erlenmeyer flask, 1000ml

G Two pieces of glass tubing Fig. 2.52 Common problems
with bending glass
G Cork or rubber stopper. tubing"
C_0054_001,DOC_WHO_2003,P_0054,54,42,1,0,220,0,1335,220,24d738eeb3176a7d7411943322bc2ecd9b47ec5d3e07407ea1b70f98b2cfe6ed,"42 Manual of basic techniques for a health laboratory




Method

Pierce the stopper with a cork borer. Moisten the ends of the tubing with
a few drops of water (for cork) or glycerol (for rubber) before inserting
them in the holes (Fig. 2.53). Protect your hands with a cloth.


2.5.5 Specimen containers

Different types of containers are used for the collection of specimens
such as stools, blood, urine and sputum in the laboratory.


Containers for stool specimens

The following types of container are suitable for the collection of stool
specimens (Fig. 2.54):

— waxed cardboard box

— empty tin with a lid
Fig. 2.53 Components of a wash bottle
— light plastic box

— glass jar specially designed for stool collection, with a spoon at-
tached to the stopper.


Bottles and test-tubes for collecting blood specimens

Without anticoagulant

The best type of test-tube to use for blood specimens is one that can be
centrifuged: this avoids excessive handling of the specimen.

G Use clean dry test-tubes of 5–20 ml capacity, depending on
requirements.


With anticoagulant for haematological tests

EDTA1 dipotassium salt
Put 0.5ml of EDTA dipotassium salt, 10% solution (reagent no. 22)
into each of a series of 5-ml bottles (Fig. 2.55) (or use 0.2ml in 2-ml
bottles). Place the open bottles in an incubator at 37°C or leave them"
C_0054_002,DOC_WHO_2003,P_0054,54,42,2,180,334,1122,2066,154,c27d15324dc5e67904414b683003e82fb17f7995da4c70f1ddb057baed994c09,"salt
Put 0.5ml of EDTA dipotassium salt, 10% solution (reagent no. 22)
into each of a series of 5-ml bottles (Fig. 2.55) (or use 0.2ml in 2-ml
bottles). Place the open bottles in an incubator at 37°C or leave them to
Fig. 2.54 Containers for stool specimens dry at room temperature, if no incubator is available.

Use these bottles for:

— blood cell counts

— haemoglobin estimation.


Heparinized tubes
Heparin is an expensive anticoagulant that is not very stable in hot climates.
Heparinized tubes are usually obtained commercially or prepared by central labo-
ratories and are already marked to show the level to which the blood should be
added.


Trisodium citrate
Trisodium citrate, 3.2% solution (reagent no. 60) is used for the determination of
the erythrocyte sedimentation rate.

Use 1ml of trisodium citrate solution per 4ml of blood (or 0.4ml per 1.6ml of
blood).




1 Ethylene diamine tetraacetic acid; also known as edetic acid."
C_0055_001,DOC_WHO_2003,P_0055,55,43,1,0,201,0,1272,201,4f3394c2d327ad800bd866318b65eac308b3441ae83eff6e7f66cf95d5083744,"2. Setting up a peripheral health laboratory 43





Fig. 2.55 Dispensing EDTA solution into bottles for collection of blood specimens


Important: Never carry out a blood cell count on citrated blood.


With anticoagulant for biochemical tests

Sodium fluoride (NaF) is the anticoagulant normally used for biochemical tests.
Use 10mg of sodium fluoride powder per 10ml of blood, or 2mg per 2ml of blood.
Use for:

— blood glucose estimation

— blood urea estimation (certain techniques).

Warning: Sodium fluoride is a poison.


Precautions to be taken when using anticoagulants

G Mix as soon as the blood is collected by inverting the bottle several times gently
and evenly. Do not shake.

G Use clean bottles. Dry before adding anticoagulant.

Warning: Traces of detergent will dissolve the erythrocytes. Ensure that the bot-
tles are rinsed thoroughly before drying.

G Store bottles containing anticoagulants in a dry place. EDTA dipotassium salt
solution and sodium fluoride are stable at room temperature but trisodium citrate
solution and heparin must be kept in the refrigerator.

G Use the correct proportions. Use bottles and tubes with a graduation mark, or
stick on a label so that its upper edge corresponds to the required amount of
blood (2ml, 5ml, etc.)."
C_0056_001,DOC_WHO_2003,P_0056,56,44,1,0,220,0,1305,220,2ea247eff5ed9109608a6c15fa839e2deb3f0fb61715cccdd8f1d0a4fc993b66,"44 Manual of basic techniques for a health laboratory




Bottles and tubes for collecting other specimens

G Urine — use clean, dry, wide-mouthed Erlenmeyer flasks of 250-ml capacity or
clean wide-mouthed bottles.

G Cerebrospinal fluid (CSF) — use test-tubes measuring 150mm ¥ 16mm. See
section 8.2.


Boxes and jars for collecting sputum specimens

Glass screw-top jars or disposable plastic jars with lids can be used for collecting
sputum specimens, or small cartons can be made in the laboratory using cardboard
and a stapler. These cartons can be used once only for sputum collected in the
laboratory.

1. Cut out pieces of thin cardboard 18cm square and fold them as shown in Fig.
2.56:
— first from corner to corner
— then into nine equal squares.

2. Fold the diagonal creases in each corner square inwards (Fig. 2.57).

3. Fold two of the corners back against one side, and the other two against the
other side (Fig. 2.58).

4. Staple the two folded corners on each side of the box (Fig. 2.59), which is now
ready to receive the specimen.

5. Burn these cartons and plastic jars after use, as described in section 3.6.2.





Fig. 2.56 Folding cardboard to make cartons Fig. 2.57 Folding the corners inwards
for sputum collection





Fig. 2.58 Folding two of the corners back against Fig. 2.59"
C_0056_002,DOC_WHO_2003,P_0056,56,44,2,180,229,1054,1356,49,43be9d65db1322166873dc32d08f1a1ff001683d55aa533f265b6b95c512a47b,"Burn these cartons and plastic jars after use, as described in section 3.6.2.





Fig. 2.56 Folding cardboard to make cartons Fig. 2.57 Folding the corners inwards
for sputum collection





Fig. 2.58 Folding two of the corners back against Fig. 2.59 Securing the folded corners
one side of the carton"
C_0057_001,DOC_WHO_2003,P_0057,57,45,1,0,220,0,1432,220,37453e4e98c212d9a690f97af089d85071976e7eb84b44b47cd62cccbf6130dc,"2. Setting up a peripheral health laboratory 45



2.5.6 Storage, stocktaking and ordering supplies

Storage

Glassware

Keep glassware on the shelves of a cupboard away from dust. Erlenmeyer flasks
should be plugged with non-absorbent cotton wool or covered with brown paper
(or preferably with thin sheets of paraffin wax or clinging plastic, if available) and
arranged by type and size. Graduated pipettes should be kept in drawers divided
into sections.


Chemicals and reagents

Arrange chemicals and reagents in strict alphabetical order. Acids and inflammable
and dangerous chemicals (indicated by appropriately coloured labels) should be
stored separately in a special section. Unopened stocks can be kept in crates filled
with sawdust.

Poisons (also indicated by appropriately coloured labels) should be stored sepa-
rately in a locked cupboard.


Instruments

Some instruments, e.g. spectrophotometers, should be kept in an air-conditioned
room if the climate is hot and humid. For storage of microscopes see section 3.1.6.


Stocktaking

Stock cards

A stock card should be prepared for every chemical, stain, piece of glassware, etc.
A sample stock card is shown in Table 2.3.

When you order an item, indicate:

— in the column headed “Ordered from”: where you sent the order

— in the column headed “Ordered”: the date and the quantity ordered.

When you receive an item, indicate:

— in the column headed “Received”:"
C_0057_002,DOC_WHO_2003,P_0057,57,45,2,180,350,1200,2161,170,4ff1a835f6631fdca2761b5e110267031583869c6f4f90c805c9b4922a81948d,"order an item, indicate:

— in the column headed “Ordered from”: where you sent the order

— in the column headed “Ordered”: the date and the quantity ordered.

When you receive an item, indicate:

— in the column headed “Received”: the date of receipt and the quantity re-
ceived

— in the column headed “In stock”: the total in stock in the laboratory after the
item has been received.

When an item has been used up (or broken), indicate:

— in the column headed “Issued”: the date of issue and the amount issued

— in the column headed “In stock”: the total left in stock after the item has
been issued.


Table 2.3 A sample stock card

Item: Giemsa stain (250-ml bottle) Item no.: 29

Ordered from Ordered Received Issued In stock

Date Quantity Date Quantity Date Quantity

2 bottles

Company A 1.8.01 2 bottles 20.8.01 2 bottles 4 bottles

10.10.01 1 bottle 3 bottles

3.12.01 1 bottle 2 bottles

Company A 15.11.01 2 bottles 10.12.01 2 bottles 4 bottles"
C_0058_001,DOC_WHO_2003,P_0058,58,46,1,0,220,0,1248,220,ea1e2afcbc33d88f53c6f1bfa773bc17b64c1ab26c7630a5b9e54af037ff27cc,"46 Manual of basic techniques for a health laboratory




Table 2.4 Estimating the quantity of supplies required

Year Quantity used per month

Jan. Feb. March April May June July Aug. Sept. Oct. Nov. Dec.

2000

2001

2002





Classify the stock cards in strictly alphabetical order and keep them in a box or
filing drawer. Each item can be given a number, which is then entered on the stock
card after the heading “Item no.”.


Inventory

Make an inventory of all laboratory supplies every 6 months. Count the quantity of
each item in stock and check that the figure corresponds to the one shown in the
“In stock” column of the stock card.


Ordering supplies

A well-organized laboratory should submit an order to the central supply stores
every 3 months. To draw up the order, check the stock cards one by one.

It makes it easier to estimate the quantities required if a table summarizing the
stock used each month (see Table 2.4) is added to the bottom of each stock card.

In the case of chemicals, stains and reagents, order the quantity used in a 3-month
period, taking into account any recent increase or decrease in the amount used. For
example:

G Eight bottles of Giemsa stain have been used in a year.

G This gives an average of two"
C_0058_002,DOC_WHO_2003,P_0058,58,46,2,180,358,1034,2052,178,169e72941603cf76216ce4df8851c73b0f843e5b02158d32e1f9157dde953624,"the quantity used in a 3-month
period, taking into account any recent increase or decrease in the amount used. For
example:

G Eight bottles of Giemsa stain have been used in a year.

G This gives an average of two bottles used every 3 months.

G Order two bottles every 3 months (or four bottles every 6 months if orders are
submitted twice a year).


Expiry dates

Reagents (e.g. blood group antisera, antigens, etc.) have to be used before a certain
date. This expiry date should be marked on the container by the supplier. Make a
note of the expiry date on the stock card in the column headed “In stock”.


2.6 Registration of specimens and preparation of monthly
reports
2.6.1 Registration of specimens

All specimens must be registered and given numbers when they arrive at the labo-
ratory and the results of all investigations must be recorded. This will:

— prevent the specimens from getting mixed up;

— make it possible to look up a result;

— make the results available for the promotion of public health."
C_0059_001,DOC_WHO_2003,P_0059,59,47,1,0,220,0,1408,220,9e0461a03c7606eeba76a0082eb7c563a73877566789e759354a03e465ddb67d,"2. Setting up a peripheral health laboratory 47




The laboratory should have:

— examination request forms that accompany the specimens;

— a register for recording details concerning the specimens and the results
obtained;

— monthly report forms.


Numbering the specimens (Fig. 2.60)

Give each specimen a number as soon as it is received.
Write this number immediately:

— on the request form

— on the specimen container (use a grease pencil)

— on every test-tube used for the specimen

— on every microscope slide used for the specimen.

This will prevent any mistakes.


Fig. 2.60 Numbering the specimens
Laboratory registers

Each numbered specimen should be recorded in a register for that type of speci-
men. The following registers are suggested:

— haematology

— blood chemistry

— urine analysis

— CSF examination

— pregnancy tests

— bacteriology

— parasitology

— mycology

— serology (if the samples are few, incorporate in the bacteriology register;
otherwise keep a separate register)

— histopathology

— water analysis.

Tables 2.5–2.11 show examples of some of these registers, which should be modified
according to your requirements.

It is both helpful and time-saving to have rubber stamps for the most common tests
and results. For example:

G For parasitology: no. of ova or parasites seen.

G For bacteriology: no. of leukocytes

no. of erythrocytes

no. of epithelial cells"
C_0059_002,DOC_WHO_2003,P_0059,59,47,2,180,279,1167,1748,99,088756016bdbd04b0bd44208967f69524c843a48ddd7c939b347c4d2da1ad704,"is both helpful and time-saving to have rubber stamps for the most common tests
and results. For example:

G For parasitology: no. of ova or parasites seen.

G For bacteriology: no. of leukocytes

no. of erythrocytes

no. of epithelial cells

no. and type of organisms.


2.6.2 Preparation of monthly reports

At the end of every month the laboratory should submit a report to the director of
laboratory services at the central level or, if there is none, to the department of
public health at both the provincial and the central level. The report is valuable for
two main reasons."
C_0060_001,DOC_WHO_2003,P_0060,60,48,1,0,105,0,625,105,68ee9d0514c4ad752c6be1ac0f57050b5eedadbde8014f30bd72c6c7816e74cd,"48 Manual of basic techniques for a health laboratory




Firstly, it helps to keep a check on the laboratory’s activities and is useful for ensur-
ing adequate staffing, for the ordering of supplies by the central stores, and for the
preparation of the budget for laboratory services at the national level. Reports based
on the number of tests done are the most suitable.

Secondly, a monthly report is an aid in public health surveillance of the area
covered by the laboratory since it reports the number of positive results obtained
for various communicable diseases. An example of a monthly report is given in
Table 2.12."
C_0061_001,DOC_WHO_2003,P_0061,61,49,1,0,220,0,1338,220,1e536b82350ca67e90acd57f8ac9c52f8a54a89f09976673261bc7e4fc16f832,"2. Setting up a peripheral health laboratory 49



two the
sent (date) 2.1.01 2.1.01 the and example sent Results (date) 2.1.01 2.1.01 Results in
the haemoglobin
— —
case Other tests quoted
that tests positive concentration” In P. P. erythrocyte values (specify) no. ND Pregnancy test: Other Malaria of the Many falciparum trophozoites Moderate no. falciparum trophozoites mean case, (mmol/l)”. O — — for MEHC: that ND ND
E “reticulocyte test blood 0.04 0.08 In Chemical read (MEH(Fe)C fraction M 0.13 0.04
no. for L erythrocytes; (mmol/l)”. would ND 0.35 0.56 + Type Test ketones

N concentration Leukocytes 0.48 0.32 heading
(Fe) hypochromic for 109 109 concentration ¥ ¥ HC: column sent ND ND No. Test
4.2 5.7 the (date) 2.1.01 2.1.01 urobilinogen concentration substance case haemoglobin Results — 276 erythrocytes; (Fe), that for (g/l) MEHCd In ND ND bile tests “Hb — — Test pigments erythrocyte be litre. 10-3 10-3 ¥ (specify)
¥ fractionc then per “mean for 124 0.071 Reticulocyte no. Other be polymorphonuclear would number Test protein Negative Negative then ++ + ++ ++ ++ + the given). ++ PMN: i.e. ANS POIK PMN ANS POIK HC PMN heading — 5.3 for would concentration Morphology +++ (mmol/l) positive. examples Test glucose Negative other.
O: column theheading strongly in Glucose poikilocytosis; the No. — — concentration, few per"
C_0061_002,DOC_WHO_2003,P_0061,61,49,2,180,400,1087,2513,220,decd79ef99220289b3a27d225abbc7e793448d20ef1cbb610ef35b89e7ba58c7,"given). ++ PMN: i.e. ANS POIK PMN ANS POIK HC PMN heading — 5.3 for would concentration Morphology +++ (mmol/l) positive. examples Test glucose Negative other.
O: column theheading strongly in Glucose poikilocytosis; the No. — — concentration, few per +++: text. column field), concentration POIK: Erythrocytes the eosinophils; number reportedthe (20–30 cysts (5–10 field),
of cells positive; (mmol/l) 23 52 E: microscopic ESR the (not concentration; (mm/h) of — examination substance 12.8 anisocytosis; high-power hyaline sections Direct terms — 0.21 ANS:monocytes; Leukocytes per few Leukocytes high-power epithelial moderately concentration; Urea, Volume fraction substance in
++: concentration concentration rate;M:relevant the pH 7.0 6.8
the of
1 reported substance by R A Hb see number positive; (g/l) 117 58 W be by the termsrespectively. Dr Dr Sent 17.1. register lymphocytes; Dr Ward of Sent in also concentrationb register of registera sedimentationL: weakly
M C E +: H headings, mmol/l,may terms W by erythrocyte value Dr Dr Sent in 3.6 G Mr Mrs a reported
the Patient Mrs Mr
R L column beand chemistry analysis Patient on erythrocyteneutrophils; have negative; Patient Mr Mrs N:the also7.3 reported —: ESR: of beconcentration be 1 2 no. no. 1 2 may depend Haematology
1 2 2) no. done; also would Blood Specimen Urine Specimen would Specimen not (no. 2.6 2.7 2.5 wouldmay concentration;explanation reticulocyte test"
C_0061_003,DOC_WHO_2003,P_0061,61,49,3,360,421,2271,2664,61,b0aa7a60f04063994637e1902b947813d9ff6d232ce647adc149e9a87c2d3851,"Mrs N:the also7.3 reported —: ESR: of beconcentration be 1 2 no. no. 1 2 may depend Haematology
1 2 2) no. done; also would Blood Specimen Urine Specimen would Specimen not (no. 2.6 2.7 2.5 wouldmay concentration;explanation reticulocyte test haemoglobin; Date 2.1.01 2.1.01 For HaemoglobinexamplesThe valuesMEHCquoted Date 2.1.01 2.1.01 Table Hb:massa b c d Table Table Date 2.1.01 2.1.01 ND:"
C_0062_001,DOC_WHO_2003,P_0062,62,50,1,0,205,0,1390,205,6ece643566d7e945db66a1e24b7de72264247327ca031e432b6e2c9760961679,"50 Manual of basic techniques for a health laboratory



sent sent Results (date) 2.1.01 17.1.01
(date) 2.1.01 2.1.01 3.1.01 3.1.01 Results
fraction: (specify) few no. 0.06 Gram- 0.94, tests type of Gram- epithelial
Other no. erythrocytes, including and ororganisms seen, Leukocyte neutrophils lymphocytes ND seen few Results intracellular moderate
of test bacilli cocci leukocytes + no. for cells, rods diplococci erythrocytes Pandy globulin Negative leukocytes, no acid-fast No Many epithelial negative Moderate negative gonococcal Occasional cells, seen
protein (g/l) 0.45 0.25
of of of of Total concentration
requested smear smear smear 1.5 3.3 examination examination examination examination Glucose (mmol/l) tuberculosis concentration for Examination no. Microscopic smear Microscopic Gram-stained Microscopic Gram-stained Microscopic Gram-stained
30 4 Leukocyte concentration pus separate)
or a from Specimen Sputum Pus wound Urethral CSF and microscopic many register Gram-negative examination Direct Gram-staining shows leukocytes few intracellular diplococci ND
M Medical ward Sent DrR Medical ward Dr analysis by 2 1
Cloudy Clear urine Macroscopic appearance A R

G C (in J L Patient Mr Mrs Mr Mrs by Sent Dr Dr register
W L
Ms Mr Patient

1 2 3 4 no. examination 1 2 Specimen CSF no. Bacteriology Specimen
2.8 2.9
Date 2.1.01 17.1.01 Date 2.1.01 2.1.01 3.1.01 3.1.01 Table Table"
C_0063_001,DOC_WHO_2003,P_0063,63,51,1,0,166,0,1094,166,3b039fc5307cfb4e68c0293079f65ec789f5502fbd8c9d415235caf3cb049bf6,"2. Setting up a peripheral health laboratory 51




Table 2.10 Parasitology register

Date Specimen Patient Sent by Specimen Examination Results Results sent
no. provided requested (date)

2.1.01 1 Mr F Dr A Stool Intestinal Direct microscopy: moderate no. 2.1.01
parasites of Ascaris lumbricoides ova seen

2.1.01 2 Ms M Dr C Stool Intestinal Direct microscopy: no ova or 2.1.01
parasites parasites seen

Concentration technique: no ova
or parasites seen

2.1.01 3 Mrs L Medical Skin Onchocerciasis No parasites seen 3.1.01
ward 1 snips

3.1.01 4 Mr S Dr R Stool Parasites Occult blood: positive 3.1.01

Direct microscopy: many
trophozoites of Entamoeba
histolytica and a few hookworm
ova seen



Table 2.11 Serology register

Date Specimen no. Patient Sent by Specimen Examination requested Results Results sent
(date)

3.1.01 1 Mrs P Prenatal clinic Blood ELISA for determination Non-reactive 3.1.01
of antibodies to HIV

3.1.01 2 Mrs T Dr M Blood ELISA for determination Reactive, 1:8 3.1.01
of antibodies to HIV

ELISA: enzyme-linked immunosorbent assay; HIV: human immunodeficiency virus."
C_0064_001,DOC_WHO_2003,P_0064,64,52,1,0,197,0,1338,197,5153550c369d6d90d3f8e8707ed4d8c794eecbfefff9e5c8cd0830c3cdfc82fd,"52 Manual of basic techniques for a health laboratory




Table 2.12 Sample monthly report for a health laboratory

Name of laboratory:

Report for the month ending:

LABORATORY RECORD

Number of examinations carried out

Haematology (general) 1235

Blood chemistry 27

Urine analyses:

— direct examination 287

— chemistry 43

Pregnancy tests 17

CSF examinations:

— direct examination 3

— chemistry 3

Parasitology:

— examination of stools 162

— examination of blood 802

— other examinations (e.g. examination of lymph glands for trypanosomes) 2

Bacteriology:

— Gram stains 63

— acid-fast stains 41

— Wayson stains 11

Mycology 3

Serology:

— qualitative 114

— quantitative 16

Number of specimens sent to specialized laboratories

Water for bacteriological analysis 8

Specimens for bacteriological culture 32

Sera for serology 0

Tissue biopsies 2

Other specimens 0

COMMUNICABLE DISEASES RECORDa

Number of cases reported

Gonorrhoea 11

Leprosy 0

Plague 0

Tuberculosis 7

Amoebiasis 14

Ascariasis 22

Filariasis 1

Hookworm 80

Malaria 253

Onchocerciasis 0

Schistosomiasis 2


a The list of notifiable diseases varies from country to country. It is established by the central public
health authority on the basis of:
— international regulations on reporting communicable diseases
— diseases prevalent in the area."
C_0065_001,DOC_WHO_2003,P_0065,65,53,1,0,220,0,1301,220,fe70c4e3f504ffa35ac40c4c5721b01ee16593ba71b6de97c491a8e413f24335,"3. General laboratory procedures 53

3. General laboratory
procedures





3.1 Use of a microscope

The microscope is an essential instrument for the diagnosis of disease. It is a preci-
sion instrument and requires careful maintenance to prevent damage to the me-
chanical and ocular parts and also to stop fungi from obscuring the lenses.


3.1.1 Components of a microscope

The various components of the microscope can be classified into four systems:

— the support system

— the magnification system

— the illumination system

— the adjustment system.


Support system (Fig. 3.1)

This consists of:

— the foot (1)

— the limb (2)

— the revolving nosepiece (objective changer) (3)

— the stage (4)

— the mechanical stage (5), which gives a slow con-
trolled movement to the object slide.


Magnification system (Fig. 3.2)

This consists of a system of lenses. The lenses of the
microscope are mounted in two groups, one at each end
of the long tube — the body tube.

G The first group of lenses is at the bottom of the tube,
just above the preparation under examination (the
object), and is called the objective.

G The second group of lenses is at the top of the tube
and is called the eyepiece.


Objectives

Magnification
The magnifying power of each objective is shown by a
figure engraved"
C_0065_002,DOC_WHO_2003,P_0065,65,53,2,180,272,1066,1599,92,53d876d58485b11a44ed170ece822a7b78b18ae0933ebe00017d10a4457fde6b,"examination (the
object), and is called the objective.

G The second group of lenses is at the top of the tube
and is called the eyepiece.


Objectives

Magnification
The magnifying power of each objective is shown by a
figure engraved on the sleeve of the lens (Fig. 3.3):

— the ¥10 objective magnifies 10 times;
Fig. 3.1 Components of the support system of a
— the ¥40 objective magnifies 40 times; microscope
1: foot; 2: limb; 3: revolving nosepiece; 4: stage;
— the ¥100 objective magnifies 100 times. 5: mechanical stage.



53"
C_0066_001,DOC_WHO_2003,P_0066,66,54,1,0,86,0,547,86,cc8088ba5a7ea9d832a3650152636c456ba66191743b14423d3583efbba6cb45,"54 Manual of basic techniques for a health laboratory





Eyepiece


Tube





Objective





who
01243

Fig. 3.2 Components of the magnification system of a microscope





Fig. 3.3 Objective lenses





(The ¥100 objective is usually marked with a red ring to show that it must be used
with immersion oil.)

Some microscopes are fitted with a ¥3 or ¥5 objective instead of a ¥10 objective.


Numerical aperture
The numerical aperture is also engraved on the sleeve, next to the magnification
Fig. 3.4 Numerical aperture (Fig. 3.4), for example:"
C_0067_001,DOC_WHO_2003,P_0067,67,55,1,0,220,0,1328,220,ba5f4ded491aa62cbe08de7b0c6b429908ed044ccf32e05a06f13d26b17a92d4,"3. General laboratory procedures 55




— 0.30 on the ¥10 objective

— 0.65 on the ¥40 objective

— 1.30 on the ¥100 objective.

The greater the numerical aperture, the greater the resolving power (see below).
Moreover, the greater the numerical aperture, the smaller the front lens mounted
at the base of the objective. The front lens of the ¥100 objective is the size of a
pinhead, so handle it with care.


Other figures that may be marked on the sleeve
The sleeve may also display:

— the recommended length in millimetres of the tube (between the objective
and the eyepiece) — usually 160mm;

— the recommended thickness in millimetres of the coverslip used to cover the
object slide — e.g. 0.16mm.

The screw threads of all objectives are standard, so the objectives in the revolving
nosepiece are interchangeable.


Working distance
The working distance of an objective is the distance between the front lens of the
objective and the object slide when the image is in focus. The greater the magnify-
ing power of the objective, the smaller the working distance (Fig. 3.5):

— ¥10 objective: the working distance is 5–6mm

— ¥40 objective: the working distance is 0.5–1.5mm

— ¥100 objective: the working distance is 0.15–0.20mm.





Fig. 3.5 Working distance of an objective




Resolving power
The resolving power of an"
C_0067_002,DOC_WHO_2003,P_0067,67,55,2,180,292,1068,1773,112,b7918e8f0c6877f31b8158d457b49417168dbfd4da4895e76221b9f29431cbaa,"(Fig. 3.5):

— ¥10 objective: the working distance is 5–6mm

— ¥40 objective: the working distance is 0.5–1.5mm

— ¥100 objective: the working distance is 0.15–0.20mm.





Fig. 3.5 Working distance of an objective




Resolving power
The resolving power of an objective is its ability to reveal closely adjacent details as
separate and distinct. The greater the resolving power of the objective, the clearer
the image.

The maximum resolving power of a good medical laboratory microscope is about
0.25mm (the resolving power of the normal human eye is about 0.25mm).

Immersion oil increases the resolving power by conserving many light rays that
would be lost by refraction if a dry objective were used."
C_0068_001,DOC_WHO_2003,P_0068,68,56,1,0,220,0,1331,220,f10e40fbf7b0a903eab7e0e38276383856b7ceb9ba11d99fd7a74186aa9ce479,"56 Manual of basic techniques for a health laboratory




Eyepiece

Magnification
The magnifying power of the eyepiece is marked on it (Fig. 3.6):

— a ¥5 eyepiece magnifies the image produced by the objective five times;

— a ¥10 eyepiece magnifies the image 10 times.

If the object is magnified 40 times by the ¥40 objective, then by five times by the
¥ 5 eyepiece, the total magnification is: 5 ¥ 40 = 200. To calculate the total
magnification of the object observed, multiply the magnifying power of the objec-
tive by that of the eyepiece. Microscopes used in medical laboratories have a mag-
nifying power of between ¥50 and ¥1000.

Certain eyepieces have a calibrated graticule. These eyepieces are used to measure
the size of an object under the microscope (e.g. protozoan cysts).


Binocular microscopes
Fig. 3.6 An eyepiece Binocular microscopes (two eyepieces but using only one objective at a time) are
generally recommended. They are less tiring for the eyes than monocular micro-
scopes when long examinations have to be made. Electric illumination is, however,
essential for using the ¥100 objective.


Illumination system

Light source

An electric light source is preferable, since it is easy to adjust. It is provided either
by a lamp built into the microscope beneath the stage, or by an external lamp
placed in"
C_0068_002,DOC_WHO_2003,P_0068,68,56,2,180,379,1097,2291,199,76e0ff9b0ce3fc27032ee05a992ee356490360fe5670531fc617ab2de50ab1b8,"the ¥100 objective.


Illumination system

Light source

An electric light source is preferable, since it is easy to adjust. It is provided either
by a lamp built into the microscope beneath the stage, or by an external lamp
placed in front of the microscope.


Mirror

The mirror reflects rays from the light source onto the object. One side has a plane
surface, the other a concave surface (Fig. 3.7). The concave side forms a low-power
condenser and is not intended to be used if the microscope already has a con-
denser.





Fig. 3.7 A microscope mirror


Condenser

The condenser (Fig. 3.8) brings the rays of light to a common focus on the object
to be examined. It is situated between the mirror and the stage.

The condenser can be raised (maximum illumination) and lowered (minimum illu-
mination). It must be centred and adjusted correctly.


Diaphragm

The diaphragm (Fig. 3.9), which is inside the condenser, is used to reduce or
increase the angle and therefore also the amount of light that passes into the
condenser.

The wider the diaphragm the greater the numerical aperture and the smaller the
Fig. 3.8 A condenser detail seen. But the contrast is correspondingly diminished."
C_0069_001,DOC_WHO_2003,P_0069,69,57,1,0,143,0,933,143,e56204bfa38e826790813c61e7cda8c073d23bfcb8107d104b0732fb083eff9c,"3. General laboratory procedures 57





Fig. 3.9 A diaphragm




Filters

In some microscopes coloured filters (particularly blue filters) are fitted below the
condenser. These can be left in place or removed according to the type of prepara-
tion being examined.


Adjustment system (Figs. 3.10 and 3.11)

This consists of:

— a coarse adjustment screw

— a fine adjustment screw

— a condenser adjustment screw

— condenser centring screws

— an iris diaphragm lever

— mechanical stage controls.


Coarse adjustment screw Fig. 3.10 Microscope adjustment system
This is the largest screw. It is used first to achieve an approximate focus. 1: coarse adjustment screw;
2: fine adjustment screw;
3: condenser adjustment screw;
4: condenser centring screws;
Fine adjustment screw 5: iris diaphragm lever.
This moves the objective more slowly. It is used to bring the object into perfect
focus.





Fig. 3.11 Mechanical stage controls"
C_0070_001,DOC_WHO_2003,P_0070,70,58,1,0,220,0,1238,220,a9801319ed04b31fc04e47dd13e850a32204fd12d244824efe6e328161d9da73,"58 Manual of basic techniques for a health laboratory




Condenser adjustment screw

This is used to raise the condenser for greater illumination or to lower it to reduce
the illumination.


Condenser centring screws

There may be three screws placed around the condenser: one in front, one on the
left and one on the right. They are used to centre the condenser exactly in relation
to the objective.


Iris diaphragm lever

This is a small lever fixed to the condenser. It can be moved to close or open the
diaphragm, thus reducing or increasing both the angle and the intensity of the
light.


Mechanical stage controls

These are used to move the object slide on the stage: one screw moves it backwards
and forwards and the other screw moves it to the left or right (see Fig. 3.11).


3.1.2 Setting up the microscope

When a new microscope is received in the laboratory, it is important to know how
to set it up correctly.


Positioning the microscope

Place it on a firm level bench (check with a spirit level) of adequate size but not too
high. The microscope must be placed in the shade away from the window. Place a
square felt pad under the microscope. If no felt is available, use a piece of heavy
cloth.


Setting up a lamp for"
C_0070_002,DOC_WHO_2003,P_0070,70,58,2,180,372,1033,2086,192,45d627fca9532fa3f259f6248d33a4973ea681e0322e9a6ba51621edb73185c6,"but not too
high. The microscope must be placed in the shade away from the window. Place a
square felt pad under the microscope. If no felt is available, use a piece of heavy
cloth.


Setting up a lamp for the microscope

If the microscope has a mirror, you can make a lamp to provide illumination. A
porcelain holder for a light bulb is fixed on a wooden base and the whole is encased
in a wooden or tin box with an opening for the light (Fig. 3.12). Cut slits in the top
of the box to enable the bulb to cool.

Alternatively, a flap can be fitted above the opening to serve as a shutter (Fig. 3.13).
Use a 100W opaque electric bulb of the “daylight” type (blue–white).


Fitting the accessories

Screw the objectives into the revolving nosepiece, following this order in a clock-
wise direction:

— ¥3, ¥5 or ¥10 objective;

— ¥40 objective;

— ¥100 oil-immersion objective.

The screw threads are standard. After you have screwed in the objectives:

G Put the eyepiece(s) in place.

G Fix the condenser under the stage.

G Fix the mirror on the foot."
C_0071_001,DOC_WHO_2003,P_0071,71,59,1,0,69,0,413,69,4f970686bf2bad99f385a75ecfd1531f67731cfdd6ca73886a8ea347b603b0fd,"3. General laboratory procedures 59





Fig. 3.12 Setting up a lamp for the microscope





Fig. 3.13 Alternative light source for the microscope


Positioning the lamp

If electric illumination is to be used, place the lamp 20cm in front of the micro-
scope facing the mirror. Adjust the position of the lamp so that it shines on the
centre of the mirror (Fig. 3.14).





Fig. 3.14 Positioning the light source"
C_0072_001,DOC_WHO_2003,P_0072,72,60,1,0,220,0,1231,220,fa82512a78e613d1a81119167d435fdfb7e9a6ef75190ade1ab7ccdd0f149733,"60 Manual of basic techniques for a health laboratory




If the lamp is fitted with a lens, the filaments of the bulb are projected on to a piece
of paper covering the mirror. This makes it possible to centre the beam more pre-
cisely. In some models the bulb is turned until a clear image of the filament is
obtained.


Preliminary adjustment of the mirror

Use the plane side of the mirror. Remove any coloured filters. Open the iris dia-
phragm to the maximum. Raise the condenser. Place a piece of thin white paper
over the lens at the top of the condenser (Fig. 3.15).

The piece of paper should show an image of the electric bulb, surrounded by a
circle of light. Adjust the mirror so that the image of the bulb is in the exact centre
of the circle of light (Fig. 3.16). If daylight is being used, adjust the mirror so as to
maximize the amount of light passing through the condenser.





Fig. 3.15 Adjusting the mirror Fig. 3.16 Image of the light
source, as seen
through the
condenser


Centring the condenser (if centring is provided for)
Fig. 3.17 To centre the
It is very important to centre the condenser correctly. This is often overlooked.
condenser, first close
the diaphragm 1. Place a slide preparation without a"
C_0072_002,DOC_WHO_2003,P_0072,72,60,2,180,369,981,2060,189,7b16b20076e99d2894d7b45f060c3f7e92ce7ca2c54f4c7a10be4b7d5aca38ac,"the
condenser


Centring the condenser (if centring is provided for)
Fig. 3.17 To centre the
It is very important to centre the condenser correctly. This is often overlooked.
condenser, first close
the diaphragm 1. Place a slide preparation without a coverslip on the stage. Lower the condenser.
Open the iris diaphragm. Examine with the lowest-power objective (¥3, ¥5 or
¥10). Look through the eyepiece and bring the slide into focus.

2. Close the diaphragm. A blurred circle of light surrounded by a dark ring appears
in the field (Fig. 3.17).

3. Raise the condenser slowly until the edges of the circle of light are in sharp focus
(Fig. 3.18).

4. Adjust the position of the mirror (if necessary) so that the circle of light is in the
exact centre of, or superimposed upon, the bright area surrounded by the dark
Fig. 3.18 Raise the condenser zone (Fig. 3.19).
until the edges of
the circle of light are 5. Adjust the centring screws of the condenser so that the circle of light is in the
in focus exact centre of the field (Fig. 3.20). Then check with the other objectives."
C_0073_001,DOC_WHO_2003,P_0073,73,61,1,0,220,0,1292,220,1f4c5dcb611282c3069ae93a715497358bbad37ffa0cac0e953134c887799a73,"3. General laboratory procedures 61




Adjusting the diaphragm

Open the diaphragm completely. Remove the eyepiece and look down the tube: the
upper lens of the objective will be seen to be filled with a circle of light. Close the
diaphragm slowly until the circle of light takes up only two-thirds of the surface
(Fig. 3.21). Do this for each objective as it is used.


Adjusting the eyepieces

Selecting the eyepiece Fig. 3.19 Adjust the position of
the mirror to centre the
The ¥5 and ¥10 eyepieces give good results in the medical laboratory. The high- light source
power eyepiece increases magnification but there may be no great increase in de-
tail. The eyepiece to use is a matter of individual choice.


Binocular adjustment

When a binocular microscope is used, the interpupillary distance (the distance be-
tween the pupils of the eyes) can be adjusted to suit the operator.


Focusing the eyepieces

One of the eyepiece holders (usually the left) has a focusing collar (Fig. 3.22). If the
collar is on the left eyepiece holder, close your left eye and, using the ¥40 objective,
Fig. 3.20 Use the centringbring the image into focus for your right eye with the right eyepiece.
screws of the
Then close your right eye and look through the left eyepiece. If the image is in condenser"
C_0073_002,DOC_WHO_2003,P_0073,73,61,2,180,308,1072,1828,128,d657b688f2c8bfaf381c04bd36155fd352152cde56e4ac7f45e8998c896711b2,"the ¥40 objective,
Fig. 3.20 Use the centringbring the image into focus for your right eye with the right eyepiece.
screws of the
Then close your right eye and look through the left eyepiece. If the image is in condenser to centre
the light source
focus, no adjustment is needed. If the image is not clear, turn the focusing collar
until it is in focus. The microscope is now adjusted to suit your own binocular
vision.


3.1.3 Focusing the objective

Low-power objective (¥10)

Rack the condenser down to the bottom. Lower the objective until it is just above
the slide preparation. Raise the objective, using the coarse adjustment screw, until
a clear image is seen in the eyepiece.





Fig. 3.21 Adjusting the diaphragm Fig. 3.22 Focusing the eyepieces"
C_0074_001,DOC_WHO_2003,P_0074,74,62,1,0,220,0,1295,220,9cf27b8e94c67ae810f14f6cdcaf2cf6f5b9ce20a204b4a25d64bc7e6525531e,"62 Manual of basic techniques for a health laboratory




Occasionally a clear image cannot be obtained although the objective has been
lowered as far as possible. This is because the fine adjustment screw has been turned
right to the end. Turn it back as far as it will go in the other direction and then focus
by raising the objective. Rack the condenser up slightly if there is insufficient illu-
mination.


High-power objective (¥40)

Rack the condenser half-way down. Lower the objective until it is just above the
slide preparation (the working distance is very short — about 0.5mm). Using the
coarse adjustment screw, raise the objective very slowly until a blurred image ap-
pears in the field. Bring into focus using the fine adjustment screw. Raise the con-
denser to obtain sufficient illumination. If the microscope has no condenser, use
the concave side of the mirror.


Oil-immersion objective (¥100)

Perfectly dry, stained preparations must be used. Place a tiny drop of immersion oil
on the part to be examined (use synthetic oils, which do not dry, in preference to
cedarwood oil, which dries quickly). Rack the condenser up as far as it will go, and
open the iris diaphragm fully. Lower the ¥100 objective until it is in contact with
the oil. Bring it as close as possible to"
C_0074_002,DOC_WHO_2003,P_0074,74,62,2,180,400,1085,2334,220,de9724ab5096f6c5a24ebe8f05a148437e82744240692666095a6aa1390d48c3,"cedarwood oil, which dries quickly). Rack the condenser up as far as it will go, and
open the iris diaphragm fully. Lower the ¥100 objective until it is in contact with
the oil. Bring it as close as possible to the slide, but avoid pressing on the prepara-
tion (modern objectives are fitted with a damper). Look through the eyepiece and
turn the fine adjustment screw very slowly upwards until the image is in focus. If
the illumination is inadequate, use the concave side of the mirror as recommended
for the ¥40 objective.

Important: In most modern microscopes, it is not the objective holder but the stage
which is moved up and down by the coarse and fine adjustment screws to bring the
image into focus.


Depth of the microscope field

The image is seen in depth when a low-power objective is used. When the high-
power objectives (¥40, ¥100) are used, the depth of focus is small and the fine
adjustment screw must be used to examine every detail from the top to the bottom
levels of focus of the object observed (e.g. the different nuclei in a spherical amoeba
cyst).


Images seen under the microscope

Remember that the circle of light seen in the eyepiece is called “the microscopic
field”.


How to establish the position of images seen"
C_0074_003,DOC_WHO_2003,P_0074,74,62,3,360,504,2086,2924,144,396499a9c54f9fec549e08ee3ee860b1a2131240b623d5b11ffba93eec3298a1,"the object observed (e.g. the different nuclei in a spherical amoeba
cyst).


Images seen under the microscope

Remember that the circle of light seen in the eyepiece is called “the microscopic
field”.


How to establish the position of images seen

Images observed in the microscopic field can be placed in relation to the hands of
a clock. For example, a schistosome egg is placed at “2 o’clock” in Fig. 3.23.


Inversion of images

The image seen is inverted by the lenses:

G Objects seen at the bottom of the microscopic field are actually at the top.

G Objects seen on the left side of the microscopic field are actually on the right.


Fig. 3.23 Establishing the Moving the object
position of images
If you move the slide in one direction, the object examined moves in the opposite seen under the
microscope direction (Fig. 3.24)."
C_0075_001,DOC_WHO_2003,P_0075,75,63,1,0,220,0,1317,220,110869fdeef3d9c1e79a2188ae4fc53a533048a00b7f7c3631a7bc4ee217e7da,"3. General laboratory procedures 63




Changing the objective

Modern microscopes are made so that the object remains
more or less in focus when you change from a low-power
objective to a more powerful one. If this is not the case for
your microscope, raise the nosepiece before changing to the
more powerful objective and refocus. Before changing objec-
tives, make sure that the object examined is in the middle of
the field, so that it is not lost after changing the objective.


3.1.4 Use of an ocular micrometer

The size of microorganisms or substructures of organisms
can be measured by microscopy using an ocular with a cali-
brated micrometer disc. The micrometer disc has a scale that
is usually divided into 0.1-mm and 0.01-mm subdivisions
(Fig. 3.25). Fig. 3.24 Moving the object

A stage micrometer is used to calibrate the ocular micrometer.


Materials

G Binocular microscope

G Ocular with a ¥10 magnification

G Ocular micrometer disc

G Stage micrometer

G Lens paper

G Immersion oil.


Method
Fig. 3.25 An ocular micrometer disc
1. Unscrew the eye lens of the ocular.

2. Place the micrometer with the engraved scale face-down in the ocular. Use lens
paper to handle the disc.

3. Replace the lens carefully.

4. Place the ocular with the micrometer in the ocular tube of the microscope.

5. Put"
C_0075_002,DOC_WHO_2003,P_0075,75,63,2,180,400,1091,2381,220,fff2450e9b3ebff768bb66acf7cee284f73596c37c9c11397847da8239b01cfc,"2. Place the micrometer with the engraved scale face-down in the ocular. Use lens
paper to handle the disc.

3. Replace the lens carefully.

4. Place the ocular with the micrometer in the ocular tube of the microscope.

5. Put the calibrated stage micrometer on the stage of the microscope and focus
on the scale. You should be able to clearly distinguish the 0.1-mm and 0.01-
mm subdivisions.

6. Adjust the stage micrometer so that the 0-mm line coincides with the
0-mm line of the ocular micrometer.

7. Look for another set of lines where the scale of the stage micrometer coincides
with that of the ocular micrometer. This set of lines should be as far away from
the 0-mm line as possible (Fig. 3.26). The distance between the two coinciding Fig. 3.26 Calibration of an ocular
sets of lines varies, depending on the magnification of the objective of the micrometer with a stage
micrometer
microscope.

8. Count the number of 0.1-mm subdivisions of the stage micrometer scale be-
tween the 0-line and the second set of coinciding lines.

9. Count the number of subdivisions of the ocular micrometer scale
between the 0-line and the second set of coinciding lines.

10. Calculate the proportion of a millimetre that is measured by a single
ocular unit using the following formula:

stage"
C_0075_003,DOC_WHO_2003,P_0075,75,63,3,360,416,2136,2448,56,fe66067e53a8758f1a90cbd5e2c8b752557d5288bcbea58b8b3bdb31ea4b33c6,"Count the number of subdivisions of the ocular micrometer scale
between the 0-line and the second set of coinciding lines.

10. Calculate the proportion of a millimetre that is measured by a single
ocular unit using the following formula:

stage reading (mm ) ¥ 1000 mm
= ocular units (mm )
ocular reading ¥ 1 mm"
C_0076_001,DOC_WHO_2003,P_0076,76,64,1,0,220,0,1318,220,d68f510c81bab44c432b56a0ffab068659dd60f1d5be08440828b2772956b9bb,"64 Manual of basic techniques for a health laboratory




Example

For a microscope with a high-power objective (¥40), the calculation is as follows:

0.1 mm ¥ 1000 mm
= 2 mm
50 units ¥ 1 mm

Important: Corresponding objectives should not be exchanged for a calibrated ob-
jective, but must be separately calibrated. The ocular containing the micrometer
disc should be stored until required. Each microscope that is to be used for meas-
uring the size of organisms must be individually calibrated.


3.1.5 Dark-field microscopy

To obtain a dark field a special condenser with a blacked-out centre is used. If this
is not available it is possible to obtain a dark field under the ¥10 and ¥40 objectives
by inserting a disc or stop in the filter holder below the condenser.

The stops must be made of a material through which light cannot pass and must be
the correct size for the objective in use. If the stop is too small, too much light will
pass into the objective and a dark field will not be obtained.

If the stop is too large, insufficient light will be available to illuminate the specimen.


3.1.6 Routine maintenance

Microscopes must be installed in a clean environment, away from chemicals.

Workplaces should be well ventilated or permanently air-conditioned (intermittent
use of air conditioners produces"
C_0076_002,DOC_WHO_2003,P_0076,76,64,2,180,400,1020,2452,220,40db11a0c6bc7c6dfc75e6773aa3a63c1cfb23df0cb786f54bc80ea3000e6849,"is too large, insufficient light will be available to illuminate the specimen.


3.1.6 Routine maintenance

Microscopes must be installed in a clean environment, away from chemicals.

Workplaces should be well ventilated or permanently air-conditioned (intermittent
use of air conditioners produces condensed water). The microscope needs daily
attention to keep it in good working order and thus to ensure reliable laboratory
results. Optical instruments should not be kept for long periods in closed compart-
ments since these conditions also favour fungal growth which can corrode optical
surfaces. Special care is required in hot and humid climates.


Cleaning the microscope

Microscopes are used to investigate biological tissues and fluids and must therefore
be decontaminated at regular intervals.


Materials

G Clean pieces of old cloth and a fine linen handkerchief

G Special lens tissue paper or, if unavailable, white absorbent paper or medical-
grade cotton wool

G A piece of chamois leather, if possible (otherwise a non-fluffy rag)

G A small bottle of cleaning solution (see below)

G A plastic cover

G A small rubber bulb and, if possible, a soft camel-hair brush (or a fine paint-
brush or blower for cleaning lenses)

G A desiccator 15–20cm in diameter containing not less than 250g of dry blue
silica gel (which indicates humidity by turning pink).


Method

Cleaning the optical surfaces
The optical surfaces"
C_0076_003,DOC_WHO_2003,P_0076,76,64,3,360,437,2204,2669,77,f0a37785a54a3790b927d9cfc8a52f20ecee93aefa4216793b0a2ca85b03c22d,"(or a fine paint-
brush or blower for cleaning lenses)

G A desiccator 15–20cm in diameter containing not less than 250g of dry blue
silica gel (which indicates humidity by turning pink).


Method

Cleaning the optical surfaces
The optical surfaces (condenser, objectives, eyepieces) must be kept free of dust
with a fine paintbrush, a soft camel-hair brush (Fig. 3.27) or a blower. If dust is
found inside the eyepiece, unscrew the upper lens and clean the inside."
C_0077_001,DOC_WHO_2003,P_0077,77,65,1,0,220,0,1438,220,e6f923f31ad0e7a385a5ccd9c8488288a639871e60813b48f7007a768a0a6160,"3. General laboratory procedures 65




Oil residues on the lenses should be removed with special lens
tissue paper, absorbent paper or medical-grade cotton wool. The
optical surfaces may be finally cleaned with a special solution,
consisting of the following:

— 80% petroleum ether (boiling point 60–80°C)

— 20% 2-propanol.

Note: Do not use 95% ethanol, xylene or toluene for cleaning
the lenses, since these substances dissolve the cement. They can,
however, be used for cleaning mirrors.


Cleaning the instrument
Heavy contamination can be removed with mild soapy solutions.
Grease and oil can be removed with the special cleaning solu-
tion described above. The instrument should then be cleaned
with a 50:50 mixture of distilled water and 95% ethanol. This
mixture is not suitable for cleaning the optical surfaces. Fig. 3.27 Cleaning the objective lenses using a
soft camel-hair brush
The mechanical parts (coarse adjustment screw, fine adjustment
screw, condenser focusing and mechanical stage) should be
periodically cleaned and lubricated with machine oil to make
them run freely.


Maintaining the microscope

When you carry out repair and maintenance procedures, take care not to confuse
the condenser centring screws with the condenser clamp screws. To maintain the
microscope proceed as follows:

G Check the mechanical stage.

G Check the focusing mechanism.

G Remove any fungal growth.

G Check the diaphragm.

G Clean"
C_0077_002,DOC_WHO_2003,P_0077,77,65,2,180,400,1188,2500,220,08d927e2d52694269e5bdbfe108c806495f32b4ff30421fb5b946f5f613e8573,"not to confuse
the condenser centring screws with the condenser clamp screws. To maintain the
microscope proceed as follows:

G Check the mechanical stage.

G Check the focusing mechanism.

G Remove any fungal growth.

G Check the diaphragm.

G Clean all mechanical parts.

G Lubricate the microscope according to the manufacturer’s instructions.

G Check the spring load on the specimen clamp. Too high a tension may result in
breakage of slides and damage to the clamp.

G Check the optical alignment. A dim appearance of the specimen is often due to
misalignment of the optical parts rather than to insufficient light.


Precautions

G Never dip the objectives in xylene or ethanol, as this may cause the lenses to
become detached.

G Never use ordinary paper to clean the lenses.

G Never touch the lenses with your fingers.

G Never clean the support or the stage with xylene or acetone.

G Never clean the inside lenses of the eyepieces and objectives with cloth or paper
(this might remove the anti-reflective coating); use a soft camel-hair brush, a
fine paintbrush or a blower instead.

G Never leave the microscope without the eyepieces unless the openings are plugged.

G Never keep the microscope in a closed wooden box in hot humid countries.

G Never press the objective on to the slide, since both"
C_0077_003,DOC_WHO_2003,P_0077,77,65,3,360,413,2267,2579,53,ab3095a924553a215fceedebef90b1e8c3bf0bb28d00a3fd5d6aceddf597db7e,"blower instead.

G Never leave the microscope without the eyepieces unless the openings are plugged.

G Never keep the microscope in a closed wooden box in hot humid countries.

G Never press the objective on to the slide, since both the slide and the objective
may break. Take care when focusing the microscope."
C_0078_001,DOC_WHO_2003,P_0078,78,66,1,0,220,0,1311,220,ad51c6fc6e4658c09f49a57f2128405d7bf35c49f94b138f9b223edb0a8774ae,"66 Manual of basic techniques for a health laboratory




G Keep the mechanical stage clean.

G Do not dismantle the optical components, as this may cause misalignment. The
optical surfaces should be cleaned with lens cleaning tissue or soft tissue
paper.

G Never put the microscope away with immersion oil on the objective. Remove
any oil daily. Mild soap solution is suitable for most cleaning.

G Use organic solvents only in accordance with the manufacturer’s recom-
mendations.

G Never carry the microscope by the limb with one hand; use both hands, one
under the foot, the other holding the limb.

G When changing a bulb, avoid touching the glass with your fingers, as finger-
prints reduce the intensity of illumination.

G To maximize the lifespan of bulbs, adjust the voltage with a dimmer switch to
give the lowest required light intensity.

G If the mains voltage fluctuates excessively, use a voltage stabilizer.


Additional precautions to be taken in hot climates

Dry climates

In hot, dry climates the main problem is dust. Fine particles work their way into the
threads of the screws and under the lenses. This can be avoided as follows:

G Always keep the microscope under an airtight plastic cover when not in use.

G At the end of the day’s work, clean the microscope thoroughly by blowing"
C_0078_002,DOC_WHO_2003,P_0078,78,66,2,180,400,1092,2319,220,96b714ba4c94508bff4939ebe428698b1febf29f0f0f39eb9bef3ad48b70cfe6,"the screws and under the lenses. This can be avoided as follows:

G Always keep the microscope under an airtight plastic cover when not in use.

G At the end of the day’s work, clean the microscope thoroughly by blowing air
over it with a rubber bulb.

G Finish cleaning the lenses with a soft camel-hair brush, a fine paintbrush or a
blower. If dust particles remain on the surface of the objective, clean it with
special lens tissue paper.


Humid climates

In hot, humid climates and during the wet season in hot, dry climates, fungi may
grow on the microscope, particularly on the surface of the lenses, in the grooves of
the screws and under the paint, and the instrument will soon be useless. This can
be prevented as described below.

Always keep the microscope under an airtight plastic cover when not in use, to-
gether with a dish filled with blue silica to dry the air under the cover. (The silica
will turn red when it has lost its capacity to absorb moisture from the air. It can be
simply regenerated by heating in a hot-air oven or over a fire.) The microscope
must be cleaned daily to get rid of dust.

These procedures must be carried out regularly, and are essential in conjunction
with repair and maintenance"
C_0078_003,DOC_WHO_2003,P_0078,78,66,3,360,496,2085,2901,136,7b3e80507bd4d5186ac5497d5448328726868ccabac5695a34c5cc2fa6abdaf3,"be
simply regenerated by heating in a hot-air oven or over a fire.) The microscope
must be cleaned daily to get rid of dust.

These procedures must be carried out regularly, and are essential in conjunction
with repair and maintenance procedures.


3.2 Weighing: use of laboratory balances

Balances may be either electrically or manually operated. All types should be posi-
tioned on a firm level bench away from vibrations, draughts and direct sunlight.

The balance is used to weigh chemicals for production of reagents, and cleanliness
is essential if accurate results are to be obtained:

G Remove dust by blowing or using a soft brush.

G Remove stains or chemicals using a soft brush.

G Use a plastic weigh boat or filter-paper to weigh chemicals on the balance; never
place chemicals directly on to the pan."
C_0079_001,DOC_WHO_2003,P_0079,79,67,1,0,220,0,1318,220,f85f975afc9eff4f297162dc451973a8a7415586de8e36622982af53dc124e2c,"3. General laboratory procedures 67




Important: If water has been used to clean the balance, make sure that it is thor-
oughly dry before weighing. Always set the balance to zero before weighing. Check
the accuracy of the balance regularly according to the manufacturer’s recommen-
dations. Handle loose weights with forceps.


3.2.1 Sensitivity of a balance

The sensitivity corresponds to the smallest mass that makes the pointer move over
one division on the scale. For example, if the sensitivity of a balance is 1mg, this
means that a mass of at least 1mg is needed to move the pointer.

For routine laboratory purposes, the sensitivity of a balance can be considered to
be the smallest mass that it will measure accurately.


3.2.2 Open two-pan balance (Fig. 3.28)

The two-pan balance has two pans supported by shafts. It may be designed for use
with separate weights, as illustrated in Fig. 3.29, or may incorporate a graduated
arm with a sliding weight. It is used to weigh large amounts (up to several kilo-
grams) when a high degree of accuracy is not required, e.g. 22.5g, 38g, 8.5g,380g.

Sensitivity: 0.5g.


If the pans are made of easily scratched or corroded material, protect them with
circles cut out of strong plastic or old X-ray films; the two circles should be of equal
weight.


Instructions"
C_0079_002,DOC_WHO_2003,P_0079,79,67,2,180,381,1066,2218,201,ac5a2e9ede89988348f034ad6296cb580a691838fd11e373a61654b7240d5ccb,"required, e.g. 22.5g, 38g, 8.5g,380g.

Sensitivity: 0.5g.


If the pans are made of easily scratched or corroded material, protect them with
circles cut out of strong plastic or old X-ray films; the two circles should be of equal
weight.


Instructions for use

1. Place the bottle containing the substance to be weighed to the left of the
balance.

2. Place on the left-hand pan the receptacle (folded paper or dish) in which the
substance will be weighed.

3. Place on the right-hand pan the weights equivalent to the weight of the recep-
tacle plus the amount of the substance to be weighed.

4. To measure out the substance to be weighed, hold the bottle tilted in your left
hand (label upwards) and tap the neck of the bottle gently with your right hand,
so that the powder or crystals to be weighed fall little by little into the receptacle
(Fig. 3.30). (Use a clean spatula to dispense small amounts of substances for
weighing.)

When the substance has been weighed, move the bottle to the right-hand side of
the balance (Fig. 3.31).





Fig. 3.28 An open two-pan balance Fig. 3.29 Set of weights (in grams) for use
with an open two-pan balance"
C_0080_001,DOC_WHO_2003,P_0080,80,68,1,0,220,0,1321,220,35e213c585ee8c686ffba5a2aa15e88dec93ce0f8ed0931849f71262eb666248,"68 Manual of basic techniques for a health laboratory





Fig. 3.30 Measuring out the substance to be Fig. 3.31 Keep weighed and unweighed substances
weighed apart to avoid confusion



Thus place:

— the weighed substances on the right

— the unweighed substances on the left.

This avoids confusion.

Read the label three times:

— before taking the bottle off the shelf;

— while weighing the substances (label facing upwards);

— after weighing, when you move the bottle to the right of the balance.


3.2.3 Analytical balance

This balance has two pans suspended from a cross-beam inside a glass case.

Use the balance:

— to weigh small quantities (up to 20 or 200g, depending on the model);

— when great accuracy is required: e.g. 3.85g, 0.220g, 6.740g.

Sensitivity: 0.1–0.5mg, depending on the model.


Components (Fig. 3.32)

G Cross-beam (CB). This is the structure from which the pans are suspended.

G Knife edges (KE1, KE2, KE3). These support the beam at the fulcrum during
the weighing and give sensitivity to the balance. Those on the beam support the
suspended pans.

G Stirrups (S1, S2).

G Pointer (Pt).

G Pans (P).

G Beam release screw (or pan lock control) (B). Locks the pan so that the sudden
addition of weights or chemicals will not damage the delicate knife edges.

G Adjusting screws (AS1,"
C_0080_002,DOC_WHO_2003,P_0080,80,68,2,180,278,1099,1654,98,0a3ea563cf297031572f097d364d2c377c4bac3b3ee9fb39d8d81ec511a0b262,"(S1, S2).

G Pointer (Pt).

G Pans (P).

G Beam release screw (or pan lock control) (B). Locks the pan so that the sudden
addition of weights or chemicals will not damage the delicate knife edges.

G Adjusting screws (AS1, AS2). Used only for initial adjustment of the unloaded
balance to a reading of zero.

Figure 3.33 shows a set of weights for use with an analytical balance.


Instructions for use

G Always ensure that the cross-beam is at rest (beam release screw tightened) be-
fore placing the weights and the substance to be weighed on the pans."
C_0081_001,DOC_WHO_2003,P_0081,81,69,1,0,220,0,1278,220,e14cc6dba6964d2740b35498dd98f1347487d0f92a8a046bd1a09a91d4d90669,"3. General laboratory procedures 69





Fig. 3.32 Components of an analytical balance Fig. 3.33 Set of weights for use with an
AS1, AS2: adjusting screws; B: beam analytical balance
release screw; CB: cross-beam; Single pieces: 1g, 2g, 5g, 10g, 20g,
KE1, KE2, KE3: knife edges; P: pans; 50g, 100g, 200g and 500g.
Pt: pointer; S1, S2: stirrups. Single fractional pieces: 2mg, 5mg,
10mg, 20mg, 50mg, 100mg, 200mg
and 500mg.


G Check that the pans are balanced (after closing the glass case) by unscrewing the
beam release screw.

G Always place the substance to be weighed on a piece of paper folded in four, or
in a watch glass or porcelain dish.

G Use the adjusting screws (AS1 and AS2) to obtain a perfect balance when com-
pensating for the weight of the receptacle in which the substance will be weighed.

G Always use forceps to pick up the weights.

G Always put the cross-beam back at rest before removing the weights and
the substance that has been weighed from the pans.


3.2.4 Dispensary balance (Fig. 3.34)

This balance also has two suspended pans, but it has no glass case and no
supports.

Sensitivity: 5–10mg.

The dispensary balance is more accurate than the open two-pan balance,
but weighs only up to 50g.

After using the dispensary balance, put it away in"
C_0081_002,DOC_WHO_2003,P_0081,81,69,2,180,326,1044,1879,146,ae1daa9317cf08445a6ab5806eabde83bfd020994e865c8e5f3ab0c27fe8f603,"two suspended pans, but it has no glass case and no
supports.

Sensitivity: 5–10mg.

The dispensary balance is more accurate than the open two-pan balance,
but weighs only up to 50g.

After using the dispensary balance, put it away in a closed cupboard.

Fig. 3.34 A dispensary balance

3.3 Centrifugation
3.3.1 Principle

A body is rotated in a circular movement at speed. This creates a force that
drives the body away from the centre of the circular movement (Fig. 3.35).
To calculate the relative centrifugal force (rcf) for an individual centrifuge,
measure the radius (r) of the rotor arm (in cm) and the number of revolu-
tions per minute (rpm) and use the formula below:

rcf = 1.118 ¥ 10-6 ¥ r ¥ (rpm)2

For example, if the radius is 25cm and the rpm is 1300rev/min, the rcf is Fig. 3.35 Principle of centrifugation
about 50g."
C_0082_001,DOC_WHO_2003,P_0082,82,70,1,0,220,0,1347,220,c7958e0d8036dd25bad20608252a6dfd5249ff55c0ca37b7656ad78a19b81698,"70 Manual of basic techniques for a health laboratory




Components of a centrifuge (Fig. 3.36)

A centrifuge consists of:

— a central shaft or spindle (A) that rotates at high speed;

— a head (E), fixed to the shaft, with buckets for holding the centrifuge tubes;

— tubes (T) containing the liquid to be centrifuged.

When the spindle rotates the tubes are subjected to centrifugal force. They swing
out to the horizontal and the particles in suspension in the liquids in the tubes are
thrown to the bottom of the tubes. The particles are compacted at the bottom of
the centrifuge tubes. These particles form the centrifuge deposit which can be sepa-
rated from the supernatant fluid and examined. The deposit may contain, for ex-
ample:

— blood cells;

— parasite eggs (in diluted stools);
Fig. 3.36 Components of a
centrifuge — cells from the urinary tract (in urine).
A: central shaft or spindle;
E: centrifuge head;
T: centrifuge tubes.
3.3.2 Types of centrifuge

Hand-operated centrifuge (Fig. 3.37)

This is operated manually by turning a handle. It takes two or four tubes.

The hand-operated centrifuge can be used:

— to examine urinary deposits;

— to concentrate certain parasites in stools.

The speed is insufficient for satisfactory separation of erythrocytes from plasma in
blood.

Important:

G Clamp the centrifuge firmly on"
C_0082_002,DOC_WHO_2003,P_0082,82,70,2,180,400,1075,2469,220,a9dc4e3177bf2ca307e9767d5e3fb3b45662f08ef00d8bd79f945a3d910f5b29,"four tubes.

The hand-operated centrifuge can be used:

— to examine urinary deposits;

— to concentrate certain parasites in stools.

The speed is insufficient for satisfactory separation of erythrocytes from plasma in
blood.

Important:

G Clamp the centrifuge firmly on a stable support (edge of a table).

G Balance the two diametrically opposite tubes perfectly as described in the in-
Fig. 3.37 A hand-operated structions for use, section 3.3.3.
centrifuge
G Keep your distance while operating the centrifuge.

G To stop the centrifuge, do not slow down the turning of the handle. Pull the
handle out of the machine with a sharp movement.

G Remove the tubes slowly and carefully (so as not to disturb the deposit).

G Lubricate the spindle of the centrifuge regularly.

Warning: The hand-operated centrifuge can cause serious injury, so follow the in-
structions above carefully.


Electric centrifuges

Electric centrifuges are more accurate than hand-operated centrifuges and should
be used whenever possible. Electric centrifuges are used with two types of head —
the “swing-out” head and the “angle” head.


“Swing-out” head (Fig. 3.38)

The head is designed to swing the tubes out to a horizontal position during centri-
fuging. This is the type most frequently needed.


“Angle” head (Fig. 3.39)

The “angle” head holds the tubes at an angle of about 45° during centrifuging. It is"
C_0082_003,DOC_WHO_2003,P_0082,82,70,3,360,414,2236,2569,54,e6ab105d4d51c3a11228bba9c6da690c75cf1e846deb76ff32df8880a268fcd5,"designed to swing the tubes out to a horizontal position during centri-
fuging. This is the type most frequently needed.


“Angle” head (Fig. 3.39)

The “angle” head holds the tubes at an angle of about 45° during centrifuging. It is
useful for certain techniques, e.g. agglutination tests in blood-grouping by the test-
tube method."
C_0083_001,DOC_WHO_2003,P_0083,83,71,1,0,182,0,1161,182,af89b2a9904b56e0f1eecfb162c6709b3b0c9a63608ee5cac974b08e2688a9f5,"3. General laboratory procedures 71





Fig. 3.38 A centrifuge with a swing-out head





Fig. 3.39 A centrifuge with an angle head Fig. 3.40 Types of bucket for a centrifuge


Buckets (tube holders)

There are several types of bucket for use with electric centrifuges (Fig. 3.40). The
choice depends on the model of centrifuge:

— buckets designed to hold one round-bottomed or conical tube only;

— buckets that hold two round-bottomed or conical tubes;

— buckets that hold nine small (precipitin) tubes, etc.

Some models are also fitted with:

— a timer that stops the centrifuge automatically when the time is up (e.g. after
5 or 10 minutes);

— a cooling chamber that prevents heating of the specimen during centrifug-
ing;

— a revolution counter, i.e. a dial with a needle that indicates the speed of the
machine during centrifuging (this is useful for some methods of concentra-
tion of parasites).


Battery-operated centrifuges

Small battery-operated centrifuges are sometimes used to measure the packed cell
volume in haematology.


3.3.3 Instructions for use

You should always follow the manufacturer’s instructions when using the centri-
fuge."
C_0084_001,DOC_WHO_2003,P_0084,84,72,1,0,220,0,1273,220,6755c06722f752abeeb8783f502d67c00cb0d92ed664daa2d59a184c81324b8d,"72 Manual of basic techniques for a health laboratory




Installing the centrifuge

The centrifuge must be placed on rubber pads or a mat on a flat
level surface.


Balancing the tubes

If the tubes are numbered, place them as shown in Fig. 3.41:

— tube 1 opposite tube 2;

— tube 3 opposite tube 4.

Balance the tubes that are opposite each other by weighing them
Fig. 3.41 Balancing centrifuge tubes in their buckets on the open two-pan balance.





Fig. 3.42 Balancing centrifuge tubes by adding Fig. 3.43 Balancing centrifuge tubes by adding water to
liquid to the lighter tube the bucket containing the lighter tube


To balance: either add more of the liquid to be centrifuged to the lighter tube (Fig.
3.42); or add water to the bucket containing the lighter tube (using a wash bottle;
Fig. 3.43).

If only one tube of liquid is to be centrifuged, balance it with an identical tube filled
with water.


Preventing breakage of tubes

Always pad the bottom of the buckets with the rubber cushions provided with the
machine. This protects the bottom of the centrifuge tubes.

Using a wash bottle, add a little water between each tube and its bucket.


Safety precautions

G Check that the tubes are the correct size for the centrifuge. Tubes that are too
long or too"
C_0084_002,DOC_WHO_2003,P_0084,84,72,2,180,336,1050,1955,156,2fda29cf7d1a978ded4edc741d14ce85d7413173b16c7b94e53bb9a573ec99f9,"bottom of the centrifuge tubes.

Using a wash bottle, add a little water between each tube and its bucket.


Safety precautions

G Check that the tubes are the correct size for the centrifuge. Tubes that are too
long or too small may break.

G Fill the tubes to no more than three-quarters full to prevent spillage in the bowl.

G Always balance the centrifuge buckets before starting the centrifuge. Failure to
do this can cause excessive wear or the centrifuge may move.

G Ensure that the lid is closed before starting the centrifuge.

G When starting the centrifuge, gradually increase the speed, turning the knob
slowly, until the desired speed is reached.

G Stop the centrifuge gradually (some models have a brake that can be applied).
Never try to slow the centrifuge down with your hand.

G Never open the centrifuge until it has come to a complete stop.

G Remove the tubes slowly and carefully."
C_0085_001,DOC_WHO_2003,P_0085,85,73,1,0,220,0,1408,220,95691c349623c5390e5065e233a2efa2e61fc10d81c45edbb8d59a20cde9c67c,"3. General laboratory procedures 73




Cleaning and maintenance

For details of cleaning and maintenance of centrifuges, see section 3.5.3.


3.4 Measurement and dispensing of liquids

Many of the liquids handled in the laboratory are either infectious, corrosive or
poisonous. It is important for the prevention of accidents that the correct pro-
cedures for the measurement and dispensing of these liquids are clearly under-
stood and are followed conscientiously.

Many of the new procedures for analysis require very small volumes of fluid and
various pipetting and dispensing devices are available to enable small volumes to
be measured with great precision.

Large volumes can be measured using a measuring cylinder or a volumetric flask.

A measuring cylinder measures various volumes of fluid but is not very accurate. A
volumetric flask measures a single volume of fluid, e.g. 1 litre, accurately.

Small volumes of fluid (0.1–10ml) can be dispensed rapidly and accurately using
one of the following methods:

G A fixed or variable volume dispenser attached to a reservoir made of glass or
polypropylene. Various volumes from 0.1 to 1.0ml and from 2.0 to 10.0ml can
be dispensed.

G A calibrated pipette with a rubber safety bulb.


3.4.1 Pipettes

Types of pipette

Graduated pipettes

Graduated pipettes have the following information marked at the top (Fig. 3.44):
— the total volume that can be"
C_0085_002,DOC_WHO_2003,P_0085,85,73,2,180,400,1162,2440,220,066b10a027edd65a6768ebd0de207233ade9a27a1a95cc05ea6da0f807da1bd2,"to 10.0ml can
be dispensed.

G A calibrated pipette with a rubber safety bulb.


3.4.1 Pipettes

Types of pipette

Graduated pipettes

Graduated pipettes have the following information marked at the top (Fig. 3.44):
— the total volume that can be measured; Fig. 3.44 A graduated
pipette
— the volume between two consecutive graduation marks.

There are two types of graduated pipette (Fig. 3.45):

G A pipette with graduations to the tip (A). The total volume that can be measured
is contained between the 0 mark and the tip.

G A pipette with graduations not extending to the tip (B). The total volume is con-
tained between the 0 mark and the last mark before the tip (this type is re-
commended for quantitative chemical tests).

Various volumes can be measured using graduated pipettes. For example:

— a 10-ml pipette can be used to measure 8.5ml;

— a 5-ml pipette can be used to measure 3.2ml;

— a 1-ml pipette can be used to measure 0.6ml.


Volumetric pipettes

Volumetric pipettes are intended to measure a precise volume with a high degree
of accuracy.

There are two types of volumetric pipette (Fig. 3.46):

G A pipette with a single graduation mark (A), which is intended to be filled to the Fig. 3.45 Types of graduated
mark. After discharge of the contents, the"
C_0085_003,DOC_WHO_2003,P_0085,85,73,3,360,452,2214,2736,92,ea10ab3ecd85246cc777f7d2374fa17bba795b13a757f11f1e6fae4fa57a9bfc,"of accuracy.

There are two types of volumetric pipette (Fig. 3.46):

G A pipette with a single graduation mark (A), which is intended to be filled to the Fig. 3.45 Types of graduated
mark. After discharge of the contents, the pipette is allowed to drain for 15– pipette
45 seconds, according to its size (marked on the bulb) and the last drop is A: pipette with
graduations to the tip;
expressed against the side of the recipient container. It should not be expelled. B: pipette with
graduations not
extending to the tip."
C_0086_001,DOC_WHO_2003,P_0086,86,74,1,0,220,0,1355,220,d5ff880585e08e8fa14f2b408556041995f28413f35485e29457509c2a34e177,"74 Manual of basic techniques for a health laboratory




G A pipette with two graduation marks (B) may be more accurate
in skilled hands. It is less reliable when used by an
inexperienced person because it is easy to overrun the lower
graduation mark when discharging the contents.

Hold the pipette vertically to check that the liquid reaches the
desired graduation mark (G in Fig. 3.47). This mark should be
level with the bottom of the meniscus formed by the liquid. The
tip of the pipette should be held against the side of the recepta-
cle while the fluid is discharged.


Plastic bulb pipettes

Plastic bulb pipettes are cheap and very useful for transferring
volumes of liquid such as serum or disinfectant. They are available
with different tips and can be obtained with calibrations marked
on the stem.

They can be reused after disinfection and washing but cannot
be autoclaved.Fig. 3.46 Types of volumetric pipette
A: pipette with a single graduation
mark; B: pipette with two graduation
marks. Micropipettes
Micropipettes with disposable tips are frequently used to measure
small volumes. They are available in a variety of volumes, ranging
from 5ml to 1000ml. Used tips are disposed of directly into
disinfectant using an ejector mechanism. The micropipettes have
two positions of the plunger operated by thumb (Fig. 3.48).The
first position"
C_0086_002,DOC_WHO_2003,P_0086,86,74,2,180,266,1102,1593,86,8de7a987e2b9b1f087ad6cea00eaa510cb5aeef799ad8665cab3256f48be26a8,"They are available in a variety of volumes, ranging
from 5ml to 1000ml. Used tips are disposed of directly into
disinfectant using an ejector mechanism. The micropipettes have
two positions of the plunger operated by thumb (Fig. 3.48).The
first position is used to pick up the sample and the second to
expel the sample from the tip into a tube or well.





Fig. 3.47 How to hold a pipette Fig. 3.48 A micropipette with
G: graduation mark; a disposable tip
S: safety bulb. T: disposable tip."
C_0087_001,DOC_WHO_2003,P_0087,87,75,1,0,172,0,1104,172,801a3124cc9a779ebd17a93705841237c56bea9f4d1ca2f996f6988d4f999b18,"3. General laboratory procedures 75





Fig. 3.49 Using a dropping pipette Fig. 3.50 Calibrating a dropping pipette
S: safety bulb.


Micropipettes must be calibrated and maintained according to the instructions of
the manufacturer.


Calibrated dropping pipettes

Ordinary calibrated dropping pipettes often deliver 20 drops per ml of distilled
water, thus 1 drop = 0.05ml. Hold the dropping pipette absolutely vertical to expel
the drops (Fig. 3.49).


Calibration of dropping pipettes (Fig. 3.50)
Using a volumetric pipette (see page 74), measure 1ml of water into a small tube.
Draw the water into the dropping pipette to be calibrated. Count the number of
drops delivered from the millilitre of water. Repeat the procedure three times to
check the accuracy.


Precautions

Pipetting by mouth is dangerous and should not be done. It can cause the
following:

— infection

— burns

— poisoning

— cuts.

Always use a rubber safety bulb (see Fig. 3.50) with the pipette instead.


3.4.2 Volumetric flasks

Volumetric flasks are graduated to measure a certain volume when filled to the
graduation mark."
C_0088_001,DOC_WHO_2003,P_0088,88,76,1,0,220,0,1372,220,28ffb68a37f4560da35092bd4683c7fc456871f7e96109a34d5db230f092f533,"76 Manual of basic techniques for a health laboratory




They have various capacities:

— 2000ml

— 1000ml

— 500ml

— 250ml

— 200ml

— 100ml

— 50ml

— 25ml.

Volumetric flasks are more accurate than measuring cylinders. They should be used
for the preparation of reagents.





Fig. 3.51 Preparing sodium chloride solution Fig. 3.52 Alternative method for preparing
in a volumetric flask reagents using a volumetric flask


For example: 1 litre of sodium chloride, 0.85% solution (reagent no. 53), is pre-
pared by washing 8.5g of sodium chloride, dissolved in 100ml of distilled water in
a beaker, into a 1000-ml flask through a funnel and diluting to the 1000-ml mark
(Fig. 3.51). The solution should be shaken before use.

Alternatively, the substance(s) can be dissolved in a small container and the solu-
tion poured into the flask along a glass rod (Fig. 3.52). Fill to the graduation mark.
(This method is recommended for the preparation of titrated chemical reagents.)


Temperature of the liquid

The temperature at which liquids should be measured is etched on the flask (after
the capacity figure; Fig. 3.53).

Liquids expand with heat and contract with cold. Never measure hot liquids, or
cold liquids just taken from the refrigerator.


Stoppers

Volumetric flasks should have plastic stoppers; if these are not available use ground
glass ones. Be careful"
C_0088_002,DOC_WHO_2003,P_0088,88,76,2,180,252,1113,1548,72,199ee95a7471ea74c3d7531c2e9a8cb3d6db00bedb3e1f093fa72b2e09c827dd,"Fig. 3.53).

Liquids expand with heat and contract with cold. Never measure hot liquids, or
cold liquids just taken from the refrigerator.


Stoppers

Volumetric flasks should have plastic stoppers; if these are not available use ground
glass ones. Be careful not to lose them.
Fig. 3.53 Mark the temper-
ature at which the
reagent should be Cost
measured on the
flask Volumetric flasks are very expensive, so use them with great care."
C_0089_001,DOC_WHO_2003,P_0089,89,77,1,0,220,0,1377,220,399d0712bccd802f32a7d28b23566272b6347ea82d2812983beeba2735a63de4,"3. General laboratory procedures 77



3.4.3 Burettes

These are graduated glass tubes with a glass stopcock at the lower end. Burettes are
filled from the top with the liquid to be measured (Fig. 3.54). They are of 10ml,
20ml, 25ml and 50ml capacity.


Maintenance of burettes

The stopcock and tap should be kept well greased. To grease a clean stopcock
properly, apply the tiniest smear of petroleum or silicone jelly with a finger tip
down the two sides of the stopcock away from the capillary bore. Then insert the
stopcock in the burette and rotate it until a smooth covering of the whole stopcock
is obtained. Keep the top plugged or covered (Fig. 3.55).





Fig. 3.55 Keep the top of the burette
plugged or covered Fig. 3.56 A graduated conical
testing glass



3.4.4 Graduated conical glasses (Fig. 3.56) Fig. 3.54 Filling a burette
These are not accurate. Avoid using them for laboratory tests.


3.5 Cleaning, disinfection and sterilization
3.5.1 Cleaning glassware and reusable syringes and needles

Instructions for cleaning:

— glass containers (Erlenmeyer flasks, beakers, test-tubes)

— pipettes

— microscope slides

— coverslips

— reusable syringes and needles.


Glass containers

New glassware

Glassware that has never been used may be slightly alkaline.

In order to neutralize it:

G Prepare a bowl containing 3 litres of water and 60ml of concentrated"
C_0089_002,DOC_WHO_2003,P_0089,89,77,2,180,255,1127,1583,75,a2fb524bc97b7d003f60ca122e7ec9d8671dab4634fd44c5ba63418309576d48,"slides

— coverslips

— reusable syringes and needles.


Glass containers

New glassware

Glassware that has never been used may be slightly alkaline.

In order to neutralize it:

G Prepare a bowl containing 3 litres of water and 60ml of concentrated hydrochlo-
ric acid (i.e. a 2% solution of acid).

G Leave the new glassware completely immersed in this solution for 24 hours.

G Rinse twice with ordinary water and once with demineralized water.

G Dry."
C_0090_001,DOC_WHO_2003,P_0090,90,78,1,0,220,0,1303,220,d675f1dfc819b683b52276d3e34a63fc32808ca167302992fbea5f5dd6e36cbd,"78 Manual of basic techniques for a health laboratory




Dirty glassware

Preliminary rinsing
Rinse twice in cold or lukewarm water (never rinse bloodstained tubes in hot
water).

If the glassware has been used for fluids containing protein, it should be rinsed
immediately and then washed (never allow it to dry before rinsing).


Soaking in detergent solution
Prepare a bowl of water mixed with washing powder or liquid detergent. Put the
rinsed glassware in the bowl and brush the inside of the containers with a test-tube
brush (Fig. 3.57). Leave to soak for 2–3 hours.


Rinsing
Remove the articles one by one. Rinse each one thoroughly under the tap, then
soak them all in a bowl of ordinary water for 30 minutes.

Rinse each article in a stream of clean water. (Do not forget that traces of detergent
left on glassware can lead to false laboratory results.)


Draining
Place containers (beakers, flasks, measuring cylinders) on the pegs of a draining
rack. Place test-tubes upside-down in a wire basket.


Drying
Place the glassware in wire baskets and dry in a hot-air oven at 60°C. Alternatively,
place the baskets in a sunny spot in the laboratory and cover them with a fine cloth.


Plugging
The clean dry glassware should be put away in a cupboard to protect it from dust.
It is recommended"
C_0090_002,DOC_WHO_2003,P_0090,90,78,2,180,294,1083,1770,114,5b65fe7e4b07e8f05b7c81bc5e807662210c87941766f94cb1649ab5e18c19ee,"at 60°C. Alternatively,
place the baskets in a sunny spot in the laboratory and cover them with a fine cloth.


Plugging
The clean dry glassware should be put away in a cupboard to protect it from dust.
It is recommended that glass containers be plugged with non-absorbent cotton
wool or their mouths covered with small caps made from newspaper (Fig. 3.58) or,
preferably, thin sheets of paraffin wax or clinging plastic, if available.


Pipettes

Immediate rinsing

Once a pipette has been used, rinse it immediately in a stream of cold water to
remove blood, urine, serum, reagents, etc.





Fig. 3.57 Cleaning dirty glassware Fig. 3.58 Plug or cover glassware to
protect it from dust"
C_0091_001,DOC_WHO_2003,P_0091,91,79,1,0,220,0,1337,220,60dfb82dca013059aa7c07b6e728ef26f1a9fdcb5d3f5659ac92d4300b7f9055,"3. General laboratory procedures 79




Soaking in water

After rinsing, place the pipettes in a large, plastic measuring cylinder (or bowl) full
of water. If the pipettes have been used to measure infected material, leave them in
a cylinder full of disinfectant solution (e.g. a quaternary ammonium compound or
1% bleach solution; see pages 84 and 85) for 4 hours.


Soaking in detergent and rinsing

Follow the instructions given above for soaking and rinsing of laboratory
glassware.


Blocked pipettes

1. Put blocked pipettes in a cylinder filled with dichromate cleaning solution (rea-
gent no. 20). Slide them carefully into the solution and leave for 24 hours.

2. The next day, pour the dichromate solution into another cylinder (it can be used
four times).

3. Hold the cylinder containing the pipettes under the tap and rinse thoroughly.

4. Remove the pipettes one at a time. Check that the obstruction has been washed
away. Rinse again.

5. Leave to soak in ordinary water for 30 minutes, then change the water and soak
for a further 30 minutes.

Warning: Dichromate cleaning solution is highly corrosive and should be used with
extreme care. If it is accidentally splashed on the skin or clothing or into the eye(s),
wash at once with large quantities of water.


Drying

Dry heat-resistant glass pipettes in a hot-air oven"
C_0091_002,DOC_WHO_2003,P_0091,91,79,2,180,400,1101,2336,220,910f621927adad30230096c40c7a2f5764e378674d10dfebe22d4af95dbb42eb,"highly corrosive and should be used with
extreme care. If it is accidentally splashed on the skin or clothing or into the eye(s),
wash at once with large quantities of water.


Drying

Dry heat-resistant glass pipettes in a hot-air oven at 60°C and ordinary pipettes in
an incubator at 37°C. Alternatively, leave pipettes to air-dry.


Using the vacuum pump

This is a small instrument made of metal, plastic or glass that is attached to the
water tap.

1. Turn the water on hard to drive a strong jet through the pump. This causes air
to be sucked into the side arm of the pump and the rubber tubing attached to
it.

2. Fit this rubber tubing over the tip of the pipette.

3. Dip the other end of the pipette into the rinsing liquid (water or detergent
solution), which is sucked through the pipette and discharged by the pump
into the sink (Fig. 3.59).


Microscope slides

New slides

Soaking in detergent solution
Prepare a bowl of water mixed with washing powder or liquid detergent. Use the
amounts recommended by the manufacturer. Place the slides in the bowl one by
one and leave to soak overnight.


Rinsing in water Fig. 3.59 Using a vacuum pump
Rinse each slide with tap water and then soak in clean water for 15 minutes. to"
C_0091_003,DOC_WHO_2003,P_0091,91,79,3,360,403,2125,2352,43,4e4808647c50a5a932315a5ecaa0ddb48029fe416b3c0e705ea6e26f130defdb,"manufacturer. Place the slides in the bowl one by
one and leave to soak overnight.


Rinsing in water Fig. 3.59 Using a vacuum pump
Rinse each slide with tap water and then soak in clean water for 15 minutes. to rinse a pipette"
C_0092_001,DOC_WHO_2003,P_0092,92,80,1,0,220,0,1280,220,055e28fa76262fe743754b95f77ee5a4621144ff0acb422b8a2c31f0c5cb497b,"80 Manual of basic techniques for a health laboratory




Wiping and drying
Wipe the slides, one at a time, with a soft, non-fluffy cloth. Place them on a sheet of
filter paper, one by one. Leave to dry. Examine each slide. Discard any slides that
are stained, scratched or yellow or that have dull patches on them, or try to clean
them again.


Wrapping up
Divide the slides into piles of 10 or 20 and wrap each pile in a small sheet of paper.


Numbering
In some laboratories the slides are numbered in advance in series of five packets
with a diamond pencil. (For example, for packets containing 20 slides each, the
slides are numbered 1–20, 21–40, 41–60, 61–80 and 81–100, respectively.)


Dirty slides

Slides covered with immersion oil
Take the oily slides one by one and rub them with newspaper to remove as much of
the oil as possible.


Slides with coverslips
Using the tip of a needle or forceps, detach the coverslips and drop them into a
beaker of water (Fig. 3.60) (for cleaning of coverslips, see overleaf).


Soaking in detergent solution
Prepare a bowl of cold or lukewarm water mixed with detergent. Use the amount
recommended by the manufacturer to produce a strong detergent solution.

Leave the slides to soak for 24 hours.

Note: Detergents containing enzymes"
C_0092_002,DOC_WHO_2003,P_0092,92,80,2,180,400,1024,2356,220,5e3c13beceaee72144870c51f62fa0d9aaf75605b5f9863fd9dc770e9a29be55,"Soaking in detergent solution
Prepare a bowl of cold or lukewarm water mixed with detergent. Use the amount
recommended by the manufacturer to produce a strong detergent solution.

Leave the slides to soak for 24 hours.

Note: Detergents containing enzymes are excellent for removing blood films.
Fig. 3.60 Removing
coverslips from a When slides have been used for infected specimens (e.g. urine, stools), they should
slide for cleaning be placed in disinfectant solution before cleaning.


Cleaning
After the slides have soaked for 24 hours, prepare another bowl containing a weak
detergent solution (15ml of household detergent per litre of water).

Remove the slides one by one from the strong detergent solution.

Rub each one with cotton wool dipped in the strong detergent solution, then drop
into the bowl of weak detergent solution and leave to soak for 1 or 2 hours.


Rinsing

Preferred method
Remove the slides one by one from the weak detergent solution using forceps. If
you must use your fingers, pick the slides up by their edges. Rinse each slide sepa-
rately under the tap, then soak for 30 minutes in a bowl of water.


Quick method
Empty the bowl of weak detergent solution and fill with clean water. Change the
water three times, shaking the bowl vigorously each time.


Wiping, drying and wrapping up
Follow the"
C_0092_003,DOC_WHO_2003,P_0092,92,80,3,360,406,2125,2397,46,9c7aa642765f1f722a9a68fad9fb1ce58131944146ce1634d2b023178810ca78,"for 30 minutes in a bowl of water.


Quick method
Empty the bowl of weak detergent solution and fill with clean water. Change the
water three times, shaking the bowl vigorously each time.


Wiping, drying and wrapping up
Follow the instructions given above for new slides."
C_0093_001,DOC_WHO_2003,P_0093,93,81,1,0,220,0,1251,220,60b15a200d91fc18dfa3ef35ff7b271ce7449b290b3e7d9e0d96b83ee613ef4f,"3. General laboratory procedures 81




Coverslips

Used coverslips can be cleaned and reused.

1. Make up the following solution in a large beaker:
— 200ml of water
— 3ml of detergent
— 15ml of bleach or 5ml of a quaternary ammonium disinfectant (see pages 84
and 85).

2. Put the coverslips into the beaker one by one.

3. Leave the coverslips to soak for 2–3 hours, shaking gently from time to time.

4. Rinse out the beaker containing the coverslips with tap water four times, shaking
gently.

5. Give a final rinse with demineralized water.

6. Drain the coverslips by tipping them out carefully on to a pad of gauze.

7. Dry in a hot-air oven at 60°C, if possible.

Keep clean, dry coverslips in a small Petri dish. If possible, use special coverslip
forceps for taking them out.


Reusable syringes and needles

As soon as a sample has been collected, remove the plunger from the used syringe
and rinse both the barrel and the plunger. Fill the barrel with water, insert the
plunger and force the water through the needle. Finally remove the needle and
rinse the hub cavity.


Reusable syringe with blocked piston

To loosen the piston, choose one of the following methods:

G Soak for 2 hours in hot water (about 70°C).

G Stand the syringe on"
C_0093_002,DOC_WHO_2003,P_0093,93,81,2,180,364,1022,2127,184,2ee2a568ea93fab9503fae4b2f9b7eca83cc7563f7d46148c0c8a84efcafb88e,"needle. Finally remove the needle and
rinse the hub cavity.


Reusable syringe with blocked piston

To loosen the piston, choose one of the following methods:

G Soak for 2 hours in hot water (about 70°C).

G Stand the syringe on its end, piston down. Pipette 50% acetic acid
solution (reagent no. 3) into the nozzle of the syringe with a fine Pas-
teur pipette (Fig. 3.61). Leave for 10 minutes.

After loosening the piston, soak the syringe for several hours in a bowl of
1mmol/l hydrogen peroxide.


Rinsing and soaking needles

As soon as the needle has been used, rinse it while it is still attached to
the syringe, then remove it and leave it to soak in hot water.


Blocked needles
To remove the blockage, use a nylon thread dipped in 50% acetic acid Fig. 3.61 Cleaning a blocked (reusable)
solution (reagent no. 3); alternatively, you can use a stylet. syringe using acetic acid


3.5.2 Cleaning non-disposable specimen containers

Non-disposable containers, such as jars and bottles, may contain stools, sputum,
pus, CSF, blood or urine, all of which may harbour potentially infectious
organisms."
C_0094_001,DOC_WHO_2003,P_0094,94,82,1,0,220,0,1308,220,af6e63d0da975cf402e77add636e062cc72883fc9949e5e451f7d57b82c4d5dc,"82 Manual of basic techniques for a health laboratory




Containers for stool specimens

If the lavatory is not connected to a septic tank, fill the jars containing stools with a
5% solution of cresol (see page 83) or a similar disinfectant. Leave for 6 hours.
Empty into the lavatory.

If the lavatory is connected to a septic tank, cresol or other disinfectants should not
be added to the stools before disposal. Clean the jars with detergent and water, as
described on page 80.


Sputum pots and tubes containing pus or CSF specimens

There are several possible methods.


Using an autoclave1

This is the best method.

1. Place the containers in the autoclave and sterilize for 30 minutes at 120°C.

2. After the containers have cooled, empty the contents into the sink or lavatory.

3. Clean with detergent and water, as described on page 80.


Boiling in detergent

Keep a large pan especially for this purpose.

Boil sputum pots for 30 minutes in water containing washing powder (60g per
litre of water) (Fig. 3.62).


Using formaldehyde solution or cresol

Pour into each sputum pot either:

— 10ml of undiluted formaldehyde, 10% solution (reagent no. 28), or

— 5ml of 5% cresol (see page 83).

Leave for 12 hours.


Urine bottles

Empty the bottles into the lavatory.

Fill them with either:

Fig."
C_0094_002,DOC_WHO_2003,P_0094,94,82,2,180,333,1076,1953,153,1d27124e7df8899e40f9da092a6964a2b324ec8aeda0f85ab99fbbef183ac0e3,"each sputum pot either:

— 10ml of undiluted formaldehyde, 10% solution (reagent no. 28), or

— 5ml of 5% cresol (see page 83).

Leave for 12 hours.


Urine bottles

Empty the bottles into the lavatory.

Fill them with either:

Fig. 3.62 Cleaning sputum pots by — a 10% solution of household bleach (see page 84), or
boiling in detergent
— a 5% solution of cresol (see page 83).

Leave for 4 hours.


Test-tubes containing blood specimens

Test-tubes of fresh blood collected on the same day should be:

— rinsed in cold water

— left to soak in a detergent solution (see page 80).

Test-tubes of “old” blood kept for several days at room temperature may contain large
numbers of microorganisms. They should be:

— filled with a 10% solution of household bleach (see page 84)

— left for 12 hours and then

— rinsed and cleaned.



1 For further information, see section 3.5.5."
C_0095_001,DOC_WHO_2003,P_0095,95,83,1,0,220,0,1398,220,b08d289d9279b307974409c9c2abcde10a91af185c12448b30d9d61be7fd48f5,"3. General laboratory procedures 83



3.5.3 Cleaning and maintenance of other laboratory equipment

Centrifuges1

Clean the bowl of the centrifuge daily or after any spillage occurs. Use 70% ethanol
for metal bowls and 1% bleach (see page 84) for plastic ones. (Do not use bleach
for metal bowls as it may cause corrosion.)

Rinse the centrifuge buckets after use and remove any traces of blood, etc.

Check the wiring for fraying and loose connections at regular intervals. If the cen-
trifuge is sparking or running irregularly, the carbon brushes may need replacing.

Lubrication of the centrifuge should be carried out by a specialist, according to the
manufacturer’s instructions.


Water-baths

If possible fill the water-bath with distilled water or rainwater to prevent deposits
forming inside. A crystal of thymol will help to prevent algal growth.

Change the water and clean the inside of the water-bath at least once a month or
whenever it looks dirty. Use a thermometer to check the water temperature each
time the water is changed as scale on the heating element may cause the thermostat
to malfunction.


Incubators

Incubators are used for bacterial culture by laboratories working in microbiology.
The incubator must maintain a constant average temperature of 35°C (range 33–
37°C). The actual temperature must correspond to the thermostat setting when
the instrument is used.

In"
C_0095_002,DOC_WHO_2003,P_0095,95,83,2,180,400,1121,2539,220,32343ccd5bd174261b13a8ceff42cb2a1f296306521775464aae914896485337,"Incubators

Incubators are used for bacterial culture by laboratories working in microbiology.
The incubator must maintain a constant average temperature of 35°C (range 33–
37°C). The actual temperature must correspond to the thermostat setting when
the instrument is used.

In carbon dioxide incubators used for microbial culture, the concentration of
carbon dioxide should be maintained at 5–10% and the humidity at 50–100%.

The temperature in the incubators should be recorded daily. Like all laboratory
instruments, incubators must be cleaned at regular intervals (at least every fort-
night) and also after spillage of any material, whether infectious or non-infectious.


Westergren tubes

Rinse in water, then leave to soak in clean water for 12 hours. Dry completely (in
an incubator at 37°C, if possible). Do not use washing powder, acids or ethanol.


3.5.4 Disinfectants

There are many disinfectants that have various different chemical actions on infec-
tive agents. Table 3.1 lists the disinfectants that are most commonly used in health
laboratories.


Cresols

Cresols may be solid or liquid; they are less water-soluble than phenol, but a 5%
aqueous solution can be kept as a stock solution. Cresols emulsify well in soap
solutions.


Lysol

Lysol is an emulsion of 50% cresol in an aqueous solution of soap. Cresol can be
replaced by phenol, but since phenol is a less powerful disinfectant the time"
C_0095_003,DOC_WHO_2003,P_0095,95,83,3,360,408,2310,2592,48,1caf4663e59ff366a1558970263e126bb963c47a2c6e809671201066840ca679,"as a stock solution. Cresols emulsify well in soap
solutions.


Lysol

Lysol is an emulsion of 50% cresol in an aqueous solution of soap. Cresol can be
replaced by phenol, but since phenol is a less powerful disinfectant the time of




1 For further information, see section 3.3.3."
C_0096_001,DOC_WHO_2003,P_0096,96,84,1,0,220,0,1547,220,499520295106185b213fad36e97a34c2a0a7f892c700b37ce8d7d508e2a5a3a9,"84 Manual of basic techniques for a health laboratory




Table 3.1 Commonly used disinfectants

Intended object of Disinfectant Recommended Minimum Stock preparation of
disinfection dilution for duration of disinfectant
disinfection (v/v) treatment

Blood Cresol, 5% solution 2 :1 6h crystals or liquid

Calcium hypochlorite solution (1% 2 :1 6h powder
available chlorine)

Stool Cresol, 5% solution 2 :1 6h crystals or liquid

Calcium or sodium hypochlorite solution 3 :1 6h powder
(1% available chlorine)

Calcium hydroxide, 20% solution 2 :1 6h powder

Chloramine (4% available chlorine) undiluted 6h powder

Urine Cresol, 5% solution 1 :1 4h crystals or liquid

Sputum Cresol, 5% solution 1 :1 4h crystals or liquid

Skin Cresol, 50% solution undiluted 2min 50% cresol in soap solution

Ethanol, 80% solution undiluted 2min 95% solution

Iodine, 1% solution undiluted 2min 5% solution

Polyvidone iodine, 1% solution undiluted 2min pure

Isopropanol, 70% solution undiluted 2min pure

n-Propanol, 60% solution undiluted 2min pure

Chloramine (1% available chlorine) undiluted 2min powder

Quaternary ammonium compounds undiluted 2min solution

Drinking- Chloramine, 0.25% solution undiluted 16min powder
water

Work benches Cresol, 50% solution undiluted 4h 50% cresol in soap solution

Cresol, 5% solution undiluted 4h crystals or liquid

Chloramine (5% available chlorine) undiluted 4h powder

Sodium hypochlorite (1% available undiluted 4h powder
chlorine)

Laboratory Sodium hypochlorite (0.1% available undiluted 4h 5%, 10%, 15% solution"
C_0096_002,DOC_WHO_2003,P_0096,96,84,2,180,400,1260,2815,220,088e99527274defca82e9dbab9ba9b75a47925522767436b1c0a539b57d81cad,"4h 50% cresol in soap solution

Cresol, 5% solution undiluted 4h crystals or liquid

Chloramine (5% available chlorine) undiluted 4h powder

Sodium hypochlorite (1% available undiluted 4h powder
chlorine)

Laboratory Sodium hypochlorite (0.1% available undiluted 4h 5%, 10%, 15% solution
instrumentsa chlorine)

Glassware Sodium hypochlorite (1% available undiluted 12h 5%, 10%, 15% solution
chlorine)

a Chemical disinfection for skin-cutting and invasive instruments should be employed only as the last resort, if neither sterilization nor high-
level disinfection by boiling is possible, and then only if the appropriate concentration of the chemical is available and if the instruments
have been thoroughly cleaned to remove gross contamination before soaking in the chemical disinfectant.


exposure of material to phenol solution must be longer than for cresol. Phenol and
cresol solutions cause irritation of the skin and eyes.


Sodium and calcium hypochlorite

Sodium and calcium hypochlorite solutions (household bleaches) are very strong
disinfectants. They are used in a number of laboratory, household and industrial
applications. Hypochlorites are rapidly inactivated by particles of dust and organic
materials and must be freshly prepared from stock solutions every day. Hypochlorites
cause irritation of the skin, eyes and lungs.

Strong, undiluted solutions should contain 10% available chlorine.

For preparing working dilutions, the following dilutions are recommended:

G For jars and containers in which used pipettes, slides or other"
C_0096_003,DOC_WHO_2003,P_0096,96,84,3,360,446,2535,3118,86,3d106ea0e7ee093546fa6ed43826281141b17834c492c4c76abe4ef4914288c2,"every day. Hypochlorites
cause irritation of the skin, eyes and lungs.

Strong, undiluted solutions should contain 10% available chlorine.

For preparing working dilutions, the following dilutions are recommended:

G For jars and containers in which used pipettes, slides or other glassware are
discarded and for swabbing bench surfaces: 10ml of concentrated hypochlorite
solution in 990ml of water (0.1% available chlorine). Place the used glassware
into the jars of hypochlorite solution and leave for at least 12 hours. Do not
overfill the containers. Change the containers daily."
C_0097_001,DOC_WHO_2003,P_0097,97,85,1,0,220,0,1505,220,584a4808afec39274fbd3f57653ec60f8401a00800136abeb25e7ab4d3c43f97,"3. General laboratory procedures 85




G For decontamination of blood spills and other specimens with a high protein
content: 40ml of concentrated hypochlorite solution in 360ml of water (1%
available chlorine).

Strong hypochlorite solutions are corrosive and can cause burns. Handle solutions
of bleach carefully: wear rubber gloves to protect the hands, and eye shields to
prevent splashing in the eyes.

Calcium hypochlorite is available in its solid form as powder or granules. It decom-
poses at a slower rate than sodium hypochlorite. A solution of 1% available chlor-
ine is obtained by dissolving 14g of calcium hypochlorite in 1 litre of water.


Chloramine

Chloramine (tosylchloramide sodium) is a crystalline powder which, like the
hypochlorites, releases chlorine as the active disinfectant agent, although at a slower
rate. It is also used for water disinfection: chlorinated water has a concentration of
0.05% chloramine. Note that chlorinated water can interfere with laboratory tests.
Distilled water must therefore be used.


Calcium hydroxide

Calcium hydroxide solution is prepared from quicklime (calcium oxide) powder or
granules dissolved in water (1 part:3 parts w/v). Calcium hydroxide solution is not
suitable for disinfecting stools from patients with tuberculosis.


Quaternary ammonium compounds

Quaternary ammonium compounds (QUATS) are effective against vegetative bac-
teria and some fungi. They are not effective against spores, viruses and mycobacte-
ria; they are not"
C_0097_002,DOC_WHO_2003,P_0097,97,85,2,180,400,1213,2711,220,5d743848caa4f61c8086373d2855320f231339f054867937976b3bdd6287c6ce,"solution is not
suitable for disinfecting stools from patients with tuberculosis.


Quaternary ammonium compounds

Quaternary ammonium compounds (QUATS) are effective against vegetative bac-
teria and some fungi. They are not effective against spores, viruses and mycobacte-
ria; they are not toxic and are harmless to the skin.


Alcohols

Alcohols (e.g. ethanol, isopropanol, n-propanol) are fast-acting, but relatively ex-
pensive disinfectants that are usually used for skin disinfection. They kill bacteria
and some viruses, but not fungi.


Iodine

Iodine is an excellent, fast-acting disinfectant with a wide range of action. It kills
bacteria, many spores, viruses and fungi. At low temperatures iodine is more active
than other disinfectants. Some people are hypersensitive to iodine and suffer a rash
on areas of skin that have been exposed to iodine solution. Their sensitivity is
much less when iodophores (polymer solutions that bind iodine) such as polyvidone
iodine are used.


3.5.5 Sterilization

Sterilization is defined as the destruction of all microorganisms in or about an
object. In the medical laboratory sterilization is achieved either by moist heat
(autoclaving, boiling) or by dry heat (hot-air oven, flaming). Materials are steri-
lized for three main purposes in the medical laboratory:

— in preparation for taking specimens (needles, syringes, tubes, etc. must be
sterile);

— to disinfect contaminated materials;

— to prepare the equipment used for bacteriological"
C_0097_003,DOC_WHO_2003,P_0097,97,85,3,360,407,2436,2767,47,37f7fde86d7c83defa932e078915c9cca200410986bddc717fb68975e6af1b54,"oven, flaming). Materials are steri-
lized for three main purposes in the medical laboratory:

— in preparation for taking specimens (needles, syringes, tubes, etc. must be
sterile);

— to disinfect contaminated materials;

— to prepare the equipment used for bacteriological cultures (Petri dishes,
Pasteur pipettes, tubes, etc.)."
C_0098_001,DOC_WHO_2003,P_0098,98,86,1,0,220,0,1277,220,35963760e64f7cd9997e3d9cc73caf451a44c72575c8b14beea19aee39b2b4fb,"86 Manual of basic techniques for a health laboratory




Sterilization by steam

Using an autoclave

Clinical samples and other contaminated waste materials are placed in a special
autoclave bag or into a metal or plastic bucket for autoclaving. Use the autoclave
sterilizing indicators to control the sterilizing cycle.


Principle
Water is heated in a closed container. This produces saturated steam under pres-
sure, with a temperature of over 100°C. Most types of microorganism, including
all bacteria (but not all viruses) are killed when apparatus is heated for 20 minutes
at 120°C in this steam under pressure.


Components of an autoclave (Fig. 3.63)

1. Boiler
A large deep cylinder in which the items to be sterilized are placed.


2. Basket
A big wire basket that holds the materials to be sterilized.


3. Basket support
A support in the bottom of the autoclave that holds the basket above
the water level.


4. Drainage tap
A tap fitted at the base of the boiler to drain off excess water.


5. Lid
The lid covers and seals the boiler and is fitted with a rubber washer.


6. Lid clamps
These clamps, together with the rubber washer, seal the lid and pre-
vent steam from escaping.


7. Air outlet valve
A valve at the top of the boiler or on the lid that is used"
C_0098_002,DOC_WHO_2003,P_0098,98,86,2,180,345,1070,1978,165,067ea8ef257d20053b542226464f8992b275cadeaf9aa89d21a5a626f67045e1,"rubber washer.


6. Lid clamps
These clamps, together with the rubber washer, seal the lid and pre-
vent steam from escaping.


7. Air outlet valve
A valve at the top of the boiler or on the lid that is used to let air out
when the water is first heated.


8. Safety valve
A valve at the top of the boiler or on the lid that lets steam escape if
the pressure becomes too high and so prevents an explosion.


9. Temperature gauge or pressure gauge
All gauges indicate the temperature in degrees Celsius (°C); some
also have a second set of figures indicating the pressure.


Heating system
The heating system may be built into the autoclave in the form of:Fig. 3.63 Components of an autoclave
1: boiler; 2: basket; 3: basket — electric elements
support; 4: drainage tap; 5: lid;
6: lid clamps; 7: air outlet valve; — gas burners
8: safety valve; 9: temperature
gauge or pressure gauge. — a paraffin oil stove."
C_0099_001,DOC_WHO_2003,P_0099,99,87,1,0,220,0,1414,220,2566e178f75dd8edeedd61e29c2da24105ace2464ceb5156d98f58e2d31eb287,"3. General laboratory procedures 87





Fig. 3.64 Autoclaving syringes and needles


Installation
Autoclaves should be installed away from the main working area, as they are noisy.
If gas or a paraffin oil stove is used for heating, it should be kept away from flammable
materials and chemicals.


Preparation of material for sterilization

Reusable syringes
Reusable syringes are placed in large glass test-tubes plugged with non-absorbent
cotton wool (the pistons and barrels in separate tubes; Fig. 3.64), or they are wrapped
in gauze and placed in metal trays.


Reusable needles
Reusable needles should be placed separately in small test-tubes that are
then plugged (see Fig. 3.64). Place a pad of non-absorbent cotton wool at
the bottom of each tube to protect the tip of the needle.

Otherwise, arrange the needles in metal trays with their points stuck into a
folded gauze pad (Fig. 3.65).

The metal trays are placed uncovered in the autoclave.
Fig. 3.65 Alternative method for
autoclaving needles
Glassware
Specimen tubes, Petri dishes, etc. should be wrapped in autoclavable
polyethylene bags and tied with string.


Pasteur pipettes (Fig. 3.66)
Pasteur pipettes should be placed in large tubes which are then plugged.
Alternatively they may be placed in autoclavable polyethylene bags.


Sterilization procedure
1. Fill the bottom of the autoclave with water (up to the basket support).
Make sure that"
C_0099_002,DOC_WHO_2003,P_0099,99,87,2,180,272,1158,1752,92,9750496f82453d1ad8b0136cf74c41e9805e78912686ba6e48dbd57a58eed4ed,"Pasteur pipettes should be placed in large tubes which are then plugged.
Alternatively they may be placed in autoclavable polyethylene bags.


Sterilization procedure
1. Fill the bottom of the autoclave with water (up to the basket support).
Make sure that the water does not touch the basket. If necessary, drain
off excess water by opening the drainage tap.

2. Put the basket containing the material to be sterilized in the autoclave
together with sterilization indicator papers. The indicator papers turn
black when the correct temperature is reached. Fig. 3.66 Autoclaving Pasteur pipettes"
C_0100_001,DOC_WHO_2003,P_0100,100,88,1,0,220,0,1287,220,8adad6495e3e68e30da49902c85ce62757d42a9c1cd91733b1fa3dca10a71805,"88 Manual of basic techniques for a health laboratory




3. Close the lid, making sure that the rubber washer is in its groove. Screw down
the lid clamps evenly and firmly, but not too tightly.

4. Open the air outlet valve.

5. Begin heating the autoclave.

6. Watch the air outlet valve until a jet of steam appears. Wait 3 or 4 minutes until
the jet of steam is uniform and continuous. This shows that all the air has been
driven out of the autoclave.

7. Close the air outlet valve. Tighten the lid clamps and reduce the heat slightly.

8. Watch the temperature gauge. When the desired temperature is reached (i.e.
120°C) the heat must be regulated to maintain it. Reduce the heat until the
needle on the dial remains at the temperature selected. Start timing at this point.


Sterilization times
G Materials for collecting specimens (reusable syringes and needles, tubes): 20
minutes at 120°C.

G Containers of infected material (sputum pots, tubes of pus): 30 minutes at 120°C.

G Bacteriological culture media: follow the instructions of the bacteriologist or the
chief laboratory technician.


Turning off the heat
1. Turn off the heat as soon as the required time is up.

2. When the temperature falls below 100°C, open the air outlet valve to equalize
the pressures inside and"
C_0100_002,DOC_WHO_2003,P_0100,100,88,2,180,400,1065,2330,220,59f9c319037e02347be33bece80e7a375cc7fe0a2762ed0c8a65ec3146c3268e,"or the
chief laboratory technician.


Turning off the heat
1. Turn off the heat as soon as the required time is up.

2. When the temperature falls below 100°C, open the air outlet valve to equalize
the pressures inside and outside the autoclave.

3. When the hissing sound stops, unscrew the lid clamps. Take off the lid. Leave the
autoclave to cool, then carefully remove the basket of sterile equipment. If drops
of water have formed, dry the sterile equipment in an incubator at 37°C, if
possible.


Cleaning
Wipe the inside of the autoclave daily or whenever spillages occur.


Precautions
G Never touch the drainage tap, outlet valve or safety valve of the autoclave while
heating it under pressure.

G Never heat the autoclave too quickly to bring up the pressure once the outlet
valve is closed.

G Never leave the autoclave unattended while the pressure is rising.

G Never open the lid before the pressure has dropped to normal, as you may be
scalded with steam.

G During sterilization make sure the lid is secured and no steam escapes as if it
does, neither the pressure nor the temperature will be correct.

G Never leave the autoclave to cool for too long, because if it is left for several
hours without the outflow valve being opened, a vacuum forms."
C_0100_003,DOC_WHO_2003,P_0100,100,88,3,360,434,2111,2554,74,3cd451e2d9f556a62bb19591088836924342c11c93cbcee12bf04210123ef2cf,"as if it
does, neither the pressure nor the temperature will be correct.

G Never leave the autoclave to cool for too long, because if it is left for several
hours without the outflow valve being opened, a vacuum forms.


Using a pressure cooker

Pressure cookers are large saucepans designed to cook food very quickly, using
steam under pressure. They are used in some small laboratories to sterilize equip-
ment used for specimen collection."
C_0101_001,DOC_WHO_2003,P_0101,101,89,1,0,220,0,1225,220,ce3c45f54c1044346b5b9fbccaf816249a2da538ccfe2d3932390caa5fcd4f10,"3. General laboratory procedures 89




Pressure cooker with revolving valve
1. Fill the bottom of the pressure cooker with water. Place the material or object to
be sterilized in the basket (which is held above the water level by a support). The
wrapped articles should be placed upright (never lay them flat; Fig. 3.67).

2. Fit on the lid. Screw it down with its knob. Place the revolving valve (V1) on its
shaft in the lid (Fig. 3.68).

3. Start heating the pressure cooker on the stove. The valve soon begins to turn,
Fig. 3.67 Sterilizing
letting a jet of steam escape. equipment using a
4. Wait until the jet of steam is continuous, then lower the heat so that the pressure cooker
valve keeps turning slowly. Leave the pressure cooker on moderate heat for 20
minutes.

5. Turn off the heat. Leave the pressure cooker to cool (or cool it in cold water).

6. Pull off the revolving valve so that air can enter. Remove the lid. Take out the
sterilized material or object and leave the pressure cooker to dry.

Warning: Never touch the safety valve (V2 in Fig. 3.68), which is fixed to the lid.


Pressure cooker with fixed valve
1. Put the water and material or object to be sterilized in the pressure cooker as
described"
C_0101_002,DOC_WHO_2003,P_0101,101,89,2,180,400,1005,2244,220,f5270eb25ebb6112b35fda41d935df4d6b4f2944b6c7c971f5fc27e191269f3d,"to dry.

Warning: Never touch the safety valve (V2 in Fig. 3.68), which is fixed to the lid.


Pressure cooker with fixed valve
1. Put the water and material or object to be sterilized in the pressure cooker as
described above.

2. Open the valve in the lid. Start heating the pressure cooker.

3. As soon as a continuous jet of steam escapes from the valve, close the valve.

4. Wait until the valve begins to whistle. When it does, reduce the heat. Leave the
pressure cooker on moderate heat for 20 minutes.

5. Turn off the heat. Leave the pressure cooker to cool (or cool it in cold water).

6. Open the valve so that air can enter. Remove the lid. Take out the sterilized
Fig. 3.68 Components of a
material or object and leave the pressure cooker to dry. pressure cooker
Warning: Never touch the safety valve.


Sterilization by boiling

This method should be used only where there is no alternative. Use a special boil-
ing pan or, if not available, a saucepan. Fill the pan with water (preferably
demineralized) and heat over the stove. Glassware (reusable syringes) should be
put in while the water is still cold. Metal articles (reusable needles, forceps) should
be put in when the water is boiling. Leave the articles to boil for"
C_0101_003,DOC_WHO_2003,P_0101,101,89,3,360,567,1997,3180,207,aad3323c77c48f63fb719e6116a5a01c21ec7b1ee6cbadf95fb8a441f6adad83,"(preferably
demineralized) and heat over the stove. Glassware (reusable syringes) should be
put in while the water is still cold. Metal articles (reusable needles, forceps) should
be put in when the water is boiling. Leave the articles to boil for 30 minutes.


Sterilization by dry heat

Using a hot-air oven

This method should be used only for glass or metal articles (reusable syringes and
needles, pipettes, etc.) when an autoclave is not available. It must not be used for
culture media used in microbiology, which should be autoclaved (see page 86).

1. Prepare the object to be sterilized in the same way as for the autoclave method.
Cotton-wool plugs should not be too thick, otherwise the hot air cannot pen-
etrate. Raise the lids of the metal boxes slightly and arrange them so that they
face the back of the oven.

2. Set the thermostat to 175°C and switch on the oven. If there is a fan, check that
it is working.

3. Watch the thermometer. When the temperature reaches 175°C, continue heat-
ing at this temperature for a further 60 minutes. If the object to be sterilized is
heavy or bulky or if it includes powders, oils or petroleum jelly, heat at 175°C for
2 hours."
C_0102_001,DOC_WHO_2003,P_0102,102,90,1,0,220,0,1293,220,7a5aeda30b999637e20dbf7cd9c8b51132262163179da6279b9ad334f1006dd8,"90 Manual of basic techniques for a health laboratory




4. Switch off the heat. Wait until the temperature falls to 40°C. Open the oven
door. Close the lids of the metal boxes. Remove the sterile object.


By flaming

This method should be used only for metal articles such as for-
ceps and scalpels. It is not suitable for general use.

1. Place the articles in a metal tray.

2. Add about 10 drops of ethanol and ignite.

3. During flaming tilt the tray first one way, then the other (Fig.
3.69).

To sterilize bacteriological loops, heat them in the flame of a gas
Fig. 3.69 Sterilization by flaming burner or spirit lamp until they are red hot.


3.6 Disposal of laboratory waste
3.6.1 Disposal of specimens and contaminated material

Any clinical material brought into the laboratory and any apparatus used to handle
this material must be considered as infectious. To avoid laboratory accidents, make
sure that priority is given to correct handling and disposal of specimens and con-
taminated material (see section 3.8).


3.6.2 Incineration of disposable materials

Making an incinerator (Fig. 3.70)

An old metal drum is suitable for this purpose.

1. Fix a strong metal grating (G) firmly about one-third of the way up the drum.

2. Cut a wide opening or vent (V) below the level of"
C_0102_002,DOC_WHO_2003,P_0102,102,90,2,180,278,1085,1626,98,4e46d7662a4d5685b1795293821026a3e39f36177aaf27672b22fb5c7117a2b3,"incinerator (Fig. 3.70)

An old metal drum is suitable for this purpose.

1. Fix a strong metal grating (G) firmly about one-third of the way up the drum.

2. Cut a wide opening or vent (V) below the level of the grating.

3. Find a removable lid (L) for the drum.


Using an incinerator

G At the end of each morning’s and each afternoon’s work, place all used stool and
sputum boxes on the grating of the incinerator (Fig. 3.71).





Fig. 3.70 Components of an incinerator Fig. 3.71 Using an incinerator
G: metal grating; L: lid; V: vent."
C_0103_001,DOC_WHO_2003,P_0103,103,91,1,0,220,0,1225,220,4a4b7afbcc76ca8a1e3bbaf065fb43ea0d9c97dfca57c9ace47c1bcc95090e00,"3. General laboratory procedures 91




G Always keep the metal drum tightly closed (both lid and vent), except
during incineration.

G Incinerate once a week, or more often if necessary. Fill the bottom of the
drum with paper, sticks, wood shavings, etc.

G Remove the lid. Light the fire and keep it burning until all the infected
material has been reduced to ashes.

G The ash produced is not dangerous and can be thrown on the refuse
heap.


3.6.3 Burial of disposable materials

Dig a pit 4–5 metres deep and 1–2 metres wide at a location where neither
groundwater nor surface water can enter and where leaching of waste liq-
uids into the groundwater cannot occur (Fig. 3.72). A pit must never be
constructed near a water source.

Make a lid that fits tightly over the pit. It is advisable to strengthen the
upper rim of the pit by lining it with bricks or stones.

G The pit must be protected from animals, birds and humans.

G Throw stool or sputum boxes and other infected material into the pit
twice a day. Replace the lid immediately.

G Once a week, cover the refuse with a layer (about 10cm thick) of dried
leaves.

G If possible, instead of using dry leaves add a layer of quicklime (calcium
oxide) once a week."
C_0103_002,DOC_WHO_2003,P_0103,103,91,2,180,400,1010,2375,220,900f5425bdf80c4953aae55b66604b506c1fc295952e2f516817cc779afbcdc8,"a day. Replace the lid immediately.

G Once a week, cover the refuse with a layer (about 10cm thick) of dried
leaves.

G If possible, instead of using dry leaves add a layer of quicklime (calcium
oxide) once a week.


3.7 Dispatch of specimens to a reference laboratory
Fig. 3.72 Disposal of materials by
The peripheral laboratory sends specimens to reference laboratories or burying
more specialized laboratories for examinations that cannot be carried out
locally. For example, serological examinations for treponemal infection or
typhoid; culture of stools for detection of cholera vibrio; and histological
examination of biopsy material.

Table 3.2 shows, for each type of specimen and each examination:

— which container and preservative (where necessary) to use;

— how much of the specimen to send;

— how long the specimen will keep.


3.7.1 Packing specimens for dispatch

Always observe the regulations in force in your country.

Double pack specimens. Place the specimen in the bottle or tube and seal her-
metically (fixing the stopper with sticking-plaster; see Fig. 3.73).

Check that the bottle is labelled with the patient’s name and the date of collection
of the specimen. Then place the sealed bottle in an aluminium tube with a screw
cap. Wedge it in the tube with absorbent cotton wool.

Wrap the request form around the metal tube (Fig. 3.74)."
C_0103_003,DOC_WHO_2003,P_0103,103,91,3,360,429,2157,2536,69,6d5f9fcf62702c9defb9db2b21a8dd2c0bcae8805615d8070180a1818b39f2f6,"and the date of collection
of the specimen. Then place the sealed bottle in an aluminium tube with a screw
cap. Wedge it in the tube with absorbent cotton wool.

Wrap the request form around the metal tube (Fig. 3.74).

It should show:

— the patient’s name (written in capital letters) and date of birth;

— the nature of the specimen;

— the date of collection of the specimen;"
C_0104_001,DOC_WHO_2003,P_0104,104,92,1,0,220,0,1435,220,5f7b5421f9cb56e1639b73de10ff85cce420e104d5f8c9659699cf30805e3769,"Table 3.2 Dispatch of specimens92 to a reference laboratoryManual of basic techniques for a health laboratory

Type of Type of laboratory Container and preservative Amount of Preservation
specimen examination specimen to time
send

Sputum Culture of tubercle bacilli (see 45-ml bottle containing 25ml of — 10 days
section 5.4) cetylpyridinium bromide, 0.6% solution

Culture of other organisms No preservative — 2 hours

Throat swabs Culture of diphtheria bacilli Tube containing coagulated serum — 24 hours
(see section 5.4)

Cotton-wool swab — 4 hours

CSF (see Culture of meningococcus Special bottle containing Stuart — 24–48 hours
section 8) transport medium, modified (reagent
no. 56) (see section 8.4.2)

Sterile airtight bottle sent in a vacuum 2ml 12 hours
flask filled with water at 37°C

Culture of other organisms Sterile bottle 2ml 2 hours

Chemical tests (for glucose, Sterile bottle 2–4ml 2 hours
protein, chloride, etc.; see
sections 8.3.4 and 8.3.5)

Urethral pus Culture of gonococcus (see Special bottle of Stuart transport Swab of pus 24 hours
section 5.5) medium, modified (reagent no. 56)

Pus from other Bacteriological culture (see Sterile tube 1ml 2 hours
sources section 5)

Blood (see Erythrocyte and leukocyte cell EDTA dipotassium salt, 10% solution 5ml 12 hours
sections 9–11) counts (see sections 9.5 and 9.6) (reagent no. 22)

Serological tests for syphilis Sterile tube without anticoagulant; send 10ml"
C_0104_002,DOC_WHO_2003,P_0104,104,92,2,180,400,1173,2543,220,3cd4dcc488e4b54e901d0d74ee874cb0715600cb1fc153f6f31dc31b2c3953ce,"2 hours
sources section 5)

Blood (see Erythrocyte and leukocyte cell EDTA dipotassium salt, 10% solution 5ml 12 hours
sections 9–11) counts (see sections 9.5 and 9.6) (reagent no. 22)

Serological tests for syphilis Sterile tube without anticoagulant; send 10ml 3 days
(see section 11.10) serum or dried drops of blood as
appropriate

Serological tests for HIV and Send successive specimens of serum: 5ml 24 hours
hepatitis B virus (see sections G taken at the onset of the disease
11.7 and 11.8) G taken after 2–4 weeks (to detect
G increase in antibodies)

Tests for glucose (see section 5mg of sodium fluoride 5ml 2 hours
10.1)

Other biochemical tests: Bottle without anticoagulant (send 10ml 48 hours
G bilirubin serum)
G cholesterol
G serum iron
G serum lipids
G proteins
G liver function
G uraemia

Enzyme estimations: Bottle without anticoagulant 5ml 2 hours
G amylase phosphatase
G transaminases

Culture Special sterile flask containing 50ml of 5ml 24 hours
broth raised to 37°C as quickly as
possible after adding the specimen

Stools Culture of all organisms, Cary–Blair transport medium (reagent — 4 weeks
including Vibrio cholerae (see no. 17)
section 5.9)

Culture of all organisms, Buffered glycerol saline (reagent no. 14) — 2 weeks
except Vibrio cholerae

Examination for parasite ova, 30-ml bottles containing 15ml of about 5ml Keeps
larvae and cysts"
C_0104_003,DOC_WHO_2003,P_0104,104,92,3,360,441,2287,2853,81,2b3ac64ffc5836b45659f6b2c5bc51f10d656e015b6772ee138a1166b8b4ca7d,"weeks
including Vibrio cholerae (see no. 17)
section 5.9)

Culture of all organisms, Buffered glycerol saline (reagent no. 14) — 2 weeks
except Vibrio cholerae

Examination for parasite ova, 30-ml bottles containing 15ml of about 5ml Keeps
larvae and cysts (see section formaldehyde, 10% solution (reagent almost
4.2.4) no. 28) indefinitely

Examination for vegetative 10-ml tube containing thiomersal– — Keeps
forms of amoebae (see section iodine–formaldehyde (TIF) fixative almost
4.2.4) fixative (reagent no. 58) or polyvinyl indefinitely
alcohol (reagent no. 44)"
C_0105_001,DOC_WHO_2003,P_0105,105,93,1,0,220,0,1471,220,16823a36bacb6b1f1154a24525453983e753d117e009fa4ebbce251f2fcab22b,"3. General laboratory procedures 93




Table 3.2 (cont.)

Type of Type of laboratory Container and preservative Amount of Preservation
specimen examination specimen to time
send

Urine (see Biochemical tests (for glucose, Clean dry bottle (sealed) 20–50ml, 2 hours
section 7) protein, acetone, etc.; see depending on
sections 7.2.4–7.2.6) number of
tests to be
performed

Urinary deposit (see section Clean dry bottle 30ml 2 hours
7.2.7) Bottle containing 8 drops of 30ml 2 days
formaldehyde, 10% solution (reagent
no. 28)

Schistosome eggs (see section For concentration: 2ml of household 100ml Keeps
7.2.8) bleach and 1ml of hydrochloric acid almost
indefinitely

Bacteriological culture (see Sterile bottle 20ml 1 hour
section 5)

Pregnancy test (see section Sterile bottle 20ml (first 12–24 hours
11.5) urine of (or 4 days in
day) refrigerator)

Biopsy tissue Histological examination (see The following fixatives are used: — —
(from an section 3.7.2) G formaldehyde saline (reagent no. 27)
organ) G Zenker fixative (reagent no. 66)

Hair, nails, Examination for fungi Paper envelope or screw-capped bottle — At least a
cutaneous (mycoses) (see sections 6.1 (do not use tubes with rubber stoppers week
tissue and 6.3) or plugged with cotton-wool) (sometimes
longer)





Name and address of health
facility requesting examination:
Outpatients’ Clinic,
Maternity Hospital, Mwanza Name of patient: J. Smith Sex: F
Natureofspecimen:Urine

Name of patient: J. Smith
Sex:"
C_0105_002,DOC_WHO_2003,P_0105,105,93,2,180,306,1181,2018,126,f72d735a9c1ef4599730baf8b4f3c9b04f320071fda2f52d43ab29eb0fa206db,"with rubber stoppers week
tissue and 6.3) or plugged with cotton-wool) (sometimes
longer)





Name and address of health
facility requesting examination:
Outpatients’ Clinic,
Maternity Hospital, Mwanza Name of patient: J. Smith Sex: F
Natureofspecimen:Urine

Name of patient: J. Smith
Sex: F
Date of birth: 3.8.65
Date of collection of
specimen: 9.7.01

99072
WHO


Fig. 3.73 Packing specimens for transport


— the address of the health facility where the specimen was collected;

— the examinations required (with the physician’s diagnosis, where
appropriate).

It should also be signed by the physician.

Place the metal tube in a strong cardboard or wooden box for dispatch. Wedge
the tube in tightly with non-absorbent cotton wool. Label the outside of the
box: URGENT, FRAGILE and, if appropriate, INFECTIOUS MATERIAL
(Fig. 3.75)."
C_0106_001,DOC_WHO_2003,P_0106,106,94,1,0,46,0,375,46,33b47d9872f41afbb4a221af23a57ff5fee18f762dc291b83d2f407970ca878c,"94 Manual of basic techniques for a health laboratory





ofDate Examinations ofNatureFSex:
required:collection:specimen: 9.7.01 Urine





WHO99073
Fig. 3.74 Wrap the request form around the metal tube containing the specimen





Urine
9.7.01
specimen: required: ofcollection: Sex:FNatureDateof Examinations


99074
WHO





Fig. 3.75 Label the box containing the specimen"
C_0107_001,DOC_WHO_2003,P_0107,107,95,1,0,220,0,1391,220,08046cf7e8a4f2aea18453e3ef99a6ef6e78971dc9f21b3d8c232146604cbf01,"3. General laboratory procedures 95



3.7.2 Fixation and dispatch of biopsy specimens for
histopathological examination

Biopsy specimens

To diagnose certain diseases of the organs, the physician removes a piece of tissue
with forceps or a special scalpel. This piece of tissue is called a biopsy specimen. It is
examined under the microscope after a thin section has been cut and treated with
a special stain.


Histopathology

The cells of biopsy specimens from tissues and organs can be studied under the
microscope. This type of examination is called histopathology and can be most
important, particularly for the diagnosis of cancer.

The laboratory technician must be able to fix the biopsy specimen and to ensure
that it is properly dispatched and arrives at the pathology laboratory in a good state
of preservation.


Fixation of biopsy specimens

The piece of tissue is immersed in a fixative fluid. This procedure should preserve
the tissue in a state as close to the living state as possible, by protecting it against
bacterial action, autolysis, shrinkage, etc.

The most suitable type of bottle for biopsy specimens is a plastic-capped bottle
with a wide mouth (pill bottle). Such bottles are obtainable in 60-ml, 45-ml, 30-ml
and 15-ml sizes.


Fixatives

Fixatives that are simple to prepare are:

— formaldehyde saline (reagent no. 27);

— Zenker fixative (reagent no. 66)."
C_0107_002,DOC_WHO_2003,P_0107,107,95,2,180,331,1134,1997,151,438413881d8dfad2b6afd051bd25bf60d4c43c1ba245da049142548c2a51d236,"a plastic-capped bottle
with a wide mouth (pill bottle). Such bottles are obtainable in 60-ml, 45-ml, 30-ml
and 15-ml sizes.


Fixatives

Fixatives that are simple to prepare are:

— formaldehyde saline (reagent no. 27);

— Zenker fixative (reagent no. 66). Just before use, add 5ml of glacial acetic
acid per 100ml of Zenker solution.


Technique

Amount of fixative
The volume of fixative required is about 50 times the volume of the biopsy tissue.
Biopsy tissue is normally 3–5mm thick (if it is thicker, fixation is difficult or
impossible).

The area of the specimen, however, can vary and this is what determines the amount
of fixative to be used (see Table 3.3).


Table 3.3 Calculating the amount of fixative
to use for biopsy material

Dimensions of specimen (cm) Amount of fixative (ml)

0.5 ¥ 0.5 6–10

0.5 ¥ 1 10–15

1 ¥ 1 20–25

2 ¥ 1 30–40

2 ¥ 2 90"
C_0108_001,DOC_WHO_2003,P_0108,108,96,1,0,220,0,1256,220,29cdc95751e0dd11391bce58c6ea8b244c1df7c901c0544878eea2d084d79b41,"96 Manual of basic techniques for a health laboratory




Preparation
It is essential to act quickly on receipt of a biopsy specimen. Never leave it until
later. First pour the fixative into the bottle. Then pick up the biopsy specimen on a
piece of stiff paper (do not use forceps, which may damage the tissue).

Drop the specimen into the bottle.


Labelling
Cut out a small rectangle (about 3cm ¥ 1cm) of stiff paper. Using a lead pencil,
write on it the name of the patient, the nature of the specimen and the date of
collection. Place the slip of paper in the bottle with the fixative.


Fixation time
This will vary according to the fixative used. With the two fixatives mentioned above,
the specimen can be left in the liquid for at least a week before it is cut and stained.
Fixed material should be dispatched to the pathology laboratory without delay, but
a long transit period will not result in the deterioration of specimens.


Dispatch of biopsy specimens

Secure the cap or stopper of the bottle with adhesive plaster. Place the bottle in an
aluminium tube with a screw cap, together with the request form (see section 3.7.1).
Then place the tube and the request form in a small wooden or cardboard box and
dispatch immediately.


3.8 Safety"
C_0108_002,DOC_WHO_2003,P_0108,108,96,2,180,400,1025,2323,220,2b08c45dd1f6ca90dcf6130958c5245f9753a74bdcd16f2b8d549996f11a22ec,"plaster. Place the bottle in an
aluminium tube with a screw cap, together with the request form (see section 3.7.1).
Then place the tube and the request form in a small wooden or cardboard box and
dispatch immediately.


3.8 Safety in the laboratory

G Each laboratory should have a written manual of safe laboratory practices which
should be followed at all times.

G The laboratory should have a first-aid box (see section 3.8.2) and at least one
staff member trained in first aid.

G The laboratory should be a work area only; visitors should be restricted.

G No food or drink should be consumed in the laboratory.

G Wear protective clothing and remove it before leaving the laboratory.

G Always consider any laboratory specimen as potentially infectious and handle it
carefully; wear protective gloves.

G Place all specimens safely on a bench or in a rack to prevent spillage or breakage.

G Take great care when collecting and processing blood samples as they may har-
bour infective agents (e.g. hepatitis B virus, parasites, etc.).

G Do not contaminate yourself or the work areas with any specimen.

G Do not pipette blood or other body fluids or any reagents by mouth.

G Cover all cuts with an impervious dressing (plaster).

G Dispose of used needles and lancets safely in a “sharps”"
C_0108_003,DOC_WHO_2003,P_0108,108,96,3,360,502,2102,2901,142,bb992832d14db59585bcbf632457d77be218efd847607951de2678111e86c58b,"the work areas with any specimen.

G Do not pipette blood or other body fluids or any reagents by mouth.

G Cover all cuts with an impervious dressing (plaster).

G Dispose of used needles and lancets safely in a “sharps” container. (Sharps con-
tainers can be made from plastic bottles with a screw top in which a hole is
made.) Once filled, containers should be autoclaved or soaked in disinfectant
before burning or burying in a deep pit (see sections 3.6.2 and 3.6.3).

G Cover any spilled material or broken culture tubes with a cloth soaked in disin-
fectant (see section 3.5.4) and leave for 30min. Then use a stiff brush or sheet of
cardboard to sweep it into a disposable specimen container.

G At the end of the day swab the benches with a cloth soaked in disinfectant (see
section 3.5.4)."
C_0109_001,DOC_WHO_2003,P_0109,109,97,1,0,220,0,1362,220,1b21457c884e49fbd56bb419623d78c116d7ec64c6e29d35a53e55f77f0de7ae,"3. General laboratory procedures 97




G Wash your hands well after handling infective material and before leaving the
laboratory.

Specimens may be disposed of:

— in cardboard cartons or plastic pots that can be destroyed (stools, sputum);

— in glass jars and bottles that can be cleaned, sterilized and used again (see
sections 3.5.1, 3.5.2 and 3.5.5).

Disposable containers must not be reused.


3.8.1 Precautions to prevent accidents

Handling acids and alkalis

Diluting concentrated sulfuric acid with water

Always add the concentrated sulfuric acid to the water drop by drop, stirring the
mixture after each drop. Do this in a sink whenever possible. Never pour the water
into the sulfuric acid because of the danger of splashing due to the explosive evapo-
ration of water while mixing.


Bottles of acids and alkalis

Keep bottles of acids and alkalis on the lower shelves of the cupboards. When you
take a bottle out make sure your hand is dry and hold the bottle firmly upright. Do
not keep acids and alkalis in bottles with ground glass stoppers (they may get stuck).


Pipetting

Use small measuring cylinders for measuring acids and alkalis. If more accurate
measurement is required, use a pipette with a rubber safety bulb attached. Pipette
slowly, watching the level of the liquid.


Heating glassware and liquids

Test-tubes

Never heat the"
C_0109_002,DOC_WHO_2003,P_0109,109,97,2,180,376,1098,2279,196,8b71db93df72f7d1840d9bf4dffa56bbb192d4c5bdde5bc0cc4311f4f025e14f,"Use small measuring cylinders for measuring acids and alkalis. If more accurate
measurement is required, use a pipette with a rubber safety bulb attached. Pipette
slowly, watching the level of the liquid.


Heating glassware and liquids

Test-tubes

Never heat the bottom of a test-tube; the liquid inside might sputter. Heat the
middle of the tube, shaking gently. The mouth of the tube should be facing away
from you and any other person, towards an empty work space or a sink.


Heat-resistant glass

Only heat-resistant glassware and porcelain receptacles can be heated over a
Bunsen flame. Ordinary glass will break.


Flammable liquids

Only small quantities of flammable liquids such as ether, ethanol, acetone, benzene
and toluene should be kept in the laboratory.

Warning: Ether will ignite at a distance of several metres from a flame. Never place
a bottle of ether on a workbench where there is an open flame.


Propane and butane gas burners

When lighting a gas burner, always light the match and hold it to the burner before
turning on the gas tap. Turn off the main valves of all bottles of butane gas every
evening. Replace the rubber connecting pipes once a year."
C_0110_001,DOC_WHO_2003,P_0110,110,98,1,0,220,0,1415,220,ed1e0a2f8180008c85474a52c24ce28bc37e9f2bb40fae36777a6b2cd2f7a4d2,"98 Manual of basic techniques for a health laboratory



3.8.2 First aid in laboratory accidents

Accidents in the medical laboratory may have various causes:

G Acids or alkalis: splashes on the skin or in the eyes, swallowing.

G Toxic substances.

G Heat: naked flames, hot liquids, flammable liquids, explosions.

G Injuries involving infectious material, electric shocks, etc.


First-aid equipment

G First-aid box (see below)

G Sodium carbonate, 5% solution (reagent no. 52)

G Sodium bicarbonate, 2% solution (reagent no. 50) (in an eyedrop bottle)

G Boric acid, saturated solution (reagent no. 12) (in an eyedrop bottle)

G Acetic acid, 5% solution (reagent no. 1)

G Cotton wool and gauze

G Mercurochrome and tincture of iodine.

The above items should be readily available in the laboratory. They must not be
kept in a locked cupboard. The solutions should be kept in plastic bottles.


First-aid box

The first-aid box should contain the following:

G An instruction sheet giving general guidance

G Individually wrapped sterile adhesive dressings in a variety of sizes

G Sterile eye-pads with bandages for attachment

G Triangular bandages

G Sterile dressings for serious wounds

G A selection of sterile unmedicated dressings for minor wounds

G Safety-pins

G A bottle containing eye drops

G A first-aid manual.

The contents of the first-aid box should be replenished immediately after use and"
C_0110_002,DOC_WHO_2003,P_0110,110,98,2,180,315,1160,2027,135,92bd18ee28321b404b332fefc932c19d874c79e60a22432d48018c1272650831,"Sterile dressings for serious wounds

G A selection of sterile unmedicated dressings for minor wounds

G Safety-pins

G A bottle containing eye drops

G A first-aid manual.

The contents of the first-aid box should be replenished immediately after use and
inspected regularly to ensure that they remain in satisfactory condition.


Corrosive injuries from acids

Acids such as nitric acid, sulfuric acid, chromic acid, hydrochloric acid, acetic acid
and trichloroacetic acid can cause corrosive injuries. It is therefore essential to take
immediate action in the event of an accident.

In all cases: Wash the affected area immediately with large quantities of water.


Acid splashes on the skin

G Wash the affected area thoroughly and repeatedly with large quantities of water.

G Bathe the affected skin with cotton wool soaked in a 5% solution of sodium
carbonate."
C_0111_001,DOC_WHO_2003,P_0111,111,99,1,0,220,0,1276,220,323393a5c4af03f910896e5449d00cb4d7cea0b93a6c5931cc9e04b19c7eae7b,"3. General laboratory procedures 99




Acid splashes in the eye

G Wash the eye immediately with large quantities of water sprayed from a
polyethylene bottle (or rubber bulb) for 15min (Fig. 3.76); squirt the water into
the corner of the eye near the nose. Alternatively, wash the eye with running
water from a tap (Fig. 3.77). Ask the patient to close the eye that is not affected.

G After washing, put 4 drops of a 2% solution of sodium bicarbonate into the eye.

G Send for a physician. Continue to apply bicarbonate solution to the eye until the
physician arrives.





Fig. 3.76 Rinsing the eye using a Fig. 3.77 Rinsing the eye under the tap
polyethylene bottle


Swallowing acids

If acid is accidentally swallowed:

G Send for a physician.

G Make the patient drink some milk immediately (alternatively, two egg whites
mixed with 500ml of water may be given). If neither of these is available, the
patient should drink ordinary water.

G Make the patient gargle with the milk.

G Give the patient three or four glasses of ordinary water.

G If the lips and tongue are burned by the acid:
— rinse thoroughly with water, then
— bathe with a 2% solution of sodium bicarbonate.

Note: Always pipette acids using a rubber safety bulb, never by mouth.


Corrosive injuries"
C_0111_002,DOC_WHO_2003,P_0111,111,99,2,180,261,1049,1546,81,b6879288104f1dde87221df07f6525b59848e2aa40c2ad790475e9c899a71ac6,"G If the lips and tongue are burned by the acid:
— rinse thoroughly with water, then
— bathe with a 2% solution of sodium bicarbonate.

Note: Always pipette acids using a rubber safety bulb, never by mouth.


Corrosive injuries from alkalis

Alkalis such as sodium hydroxide, potassium hydroxide and ammonium hydroxide
can also cause corrosive injuries. Such injuries may be more serious than those
caused by acids.

In all cases: Wash the affected area immediately with large quantities of water."
C_0112_001,DOC_WHO_2003,P_0112,112,100,1,0,220,0,1252,220,0ce72cd28ac717b5da9731d9375a7942e5d4658d96b64bd5f8beaeef6fa6da54,"100 Manual of basic techniques for a health laboratory




Alkali splashes on the skin

G Wash the affected area thoroughly and repeatedly with water.

G Bathe the affected skin with cotton wool soaked in a 5% solution of acetic acid
(or undiluted vinegar or lemon juice).


Alkali splashes in the eye

G Wash the eye immediately with large quantities of water sprayed from a
polyethylene bottle (or rubber bulb); squirt the water into the corner of the eye
near the nose (see Fig. 3.76). Alternatively, wash the eye with running water
from a tap (see Fig. 3.77).

G After washing the eye with water, bathe it with a saturated solution of boric acid.

G Send for a physician. Continue to apply boric acid solution to the eye until the
physician arrives.


Swallowing alkalis

If alkali is accidentally swallowed:

G Send for a physician.

G Immediately make the patient drink a 5% solution of acetic acid (or lemon juice
or vinegar diluted 1 part vinegar to 3 parts water).

G Make the patient gargle with the same acid solution.

G Give the patient three or four glasses of ordinary water.

G If the lips and tongue are burned by the alkali:
— rinse throughly with water, then
— bathe with a 5% solution of acetic acid.


Poisoning

This can be caused"
C_0112_002,DOC_WHO_2003,P_0112,112,100,2,180,395,1038,2246,215,c2de50fd6f6859e03cadc3288a06ab3fae94b0f0099d5ce8700f9b7420a39ab4,"the patient three or four glasses of ordinary water.

G If the lips and tongue are burned by the alkali:
— rinse throughly with water, then
— bathe with a 5% solution of acetic acid.


Poisoning

This can be caused by:

— inhaling toxic vapours or gases (e.g. chloroform)

— accidental swallowing of a poisonous solution.

In all cases:

G Send for a physician or qualified nurse, specifying the toxic substance involved.

G Place the victim in the open air while waiting for the physician or nurse.


Burns caused by heat

These fall into two categories:

G Severe burns (e.g. burns caused when burning ether or boiling water is spilled
over the victim).

G Minor burns (e.g. burns caused by hot glassware or a Bunsen flame).


Severe burns

G If the victim is on fire (e.g. splashed with burning ether or other flammable
solvents), roll him or her in a blanket to extinguish the flames.

G Inform the physician on duty at the casualty department immediately, specifying
that a patient with severe burns will have to be moved.

G Lay the victim on the ground. Do not remove any clothing. Cover the patient if
he or she is cold.

G Do not apply any treatment to the burns: this must be left to the physician."
C_0113_001,DOC_WHO_2003,P_0113,113,101,1,0,220,0,1277,220,2c3b907a649311d7f3a9da7c5544b47c8a6fcb8430c84cea7b854fb4c4ebd93d,"3. General laboratory procedures 101




Minor burns

G Plunge the affected part into cold water or a mixture of ice and water to soothe
the pain.

G Apply mercurochrome or tincture of iodine to the burn.

G Apply a dry gauze dressing loosely.

G If the burn becomes infected or does not heal, refer the patient to a physician.

Note: Never tear off blisters that form over burns!


Injuries caused by broken glass

Clean glass

G Disinfect the skin in the normal way (using, for example, mercurochrome or
tincture of iodine).

G If the cut is minor, cover it with a sterile adhesive dressing (ready-made type).

G If the cut bleeds profusely, stop the bleeding by pressing down on it with a sterile
compress. Refer the patient to the casualty department.

G If the cut bleeds heavily with the blood spurting out at intervals, try to stop the
bleeding by pressing down on it with a sterile compress and send for a physician
or qualified nurse.

G Continue to press on the covered wound while waiting for the physician or nurse.
(He or she will decide whether a tourniquet should be applied.)


Glass containing infected material

Glassware containing stools, pus, bacterial cultures, etc.:

G Check whether the cut is bleeding; if not, squeeze hard to make it bleed for
several"
C_0113_002,DOC_WHO_2003,P_0113,113,101,2,180,400,1021,2382,220,83b3b7ea4195276caaea5eda40e1c01bbeb0810519daecdf2baa17bc4e0d0d5a,"nurse.
(He or she will decide whether a tourniquet should be applied.)


Glass containing infected material

Glassware containing stools, pus, bacterial cultures, etc.:

G Check whether the cut is bleeding; if not, squeeze hard to make it bleed for
several minutes.

G Bathe the whole area (the edges of the cut and inside the cut) with tincture of
iodine or a surgical antiseptic (see Table 3.1, page 84).

G Wash the whole area thoroughly with soapy water.

G Bathe the area again with tincture of iodine.

G Refer the victim to the physician if the material involved is known to be infective
(e.g. bacterial cultures, pus).


Electric shocks

Alternating electric current (120V or 220V) is usually used in the laboratory. Elec-
tric shocks may occur when faulty equipment is being handled, particularly with
wet hands. The symptoms are fainting, asphyxia and cardiac arrest.

G Before doing anything else, cut off the electricity at the main fuse.

G Send for a physician.

G In case of a cardiac arrest, massage the heart externally if necessary and begin
giving artificial respiration.


3.9 Quality assurance in the laboratory

Quality assurance in the laboratory includes all aspects of the analytical work, from
correct identification and preparation of the patient to ensuring that the laboratory
result goes back to the doctor.

The prime objective of"
C_0113_003,DOC_WHO_2003,P_0113,113,101,3,360,422,2118,2522,62,279bd95c9e27f3178b109d9e82a6c64791b61a97b3b9b1636befa519be535b1c,"Quality assurance in the laboratory

Quality assurance in the laboratory includes all aspects of the analytical work, from
correct identification and preparation of the patient to ensuring that the laboratory
result goes back to the doctor.

The prime objective of quality assurance is to ensure that the laboratory provides
results that are correct and relevant to the clinical situation of the patient."
C_0114_001,DOC_WHO_2003,P_0114,114,102,1,0,220,0,1424,220,6d904228da282ef87dde24064559706d2651bf0235ab065ef647fb8636d35541,"102 Manual of basic techniques for a health laboratory




The stages at which quality assurance should be applied include:

— preparing the patient

— collecting the specimen

— handling and dispatch of the specimen (see sections 2.6.1 and 3.7)

— control of methods and reagents (see individual methods)

— calibration of equipment (see section 2.5)

— reporting results (see section 2.6.2).


3.9.1 Specimen collection

The appropriate collection of specimens is of utmost importance if the laboratory
results are to be relevant to the clinical situation of a patient. When material is
collected for the purpose of monitoring and control of treatment of patients, the
following factors should be considered:

— the physiological state of the patient (e.g. the reference ranges of certain
indicators vary with age and sex);

— the appropriate preparation of patients for specimen collection (e.g. blood
for the measurement of glucose and lipids should be taken in the morning
from a patient who has fasted for 12 hours, because their concentrations are
elevated after a meal);

— the appropriate tools for specimen collection (e.g. blood for cell counting
should be collected in tubes containing EDTA dipotassium salt to avoid
plasma coagulation and platelet aggregation);

— the appropriate site for specimen collection (e.g. the concentration of glu-
cose is different in arterial and venous blood).

Specific aspects of"
C_0114_002,DOC_WHO_2003,P_0114,114,102,2,180,309,1149,2010,129,e51e5ba883544e73fdb5e38941c1d520331dce7a3ff20be1f6da44fd8eb8a50a,"counting
should be collected in tubes containing EDTA dipotassium salt to avoid
plasma coagulation and platelet aggregation);

— the appropriate site for specimen collection (e.g. the concentration of glu-
cose is different in arterial and venous blood).

Specific aspects of specimen collection, including those for the detection of infec-
tive organisms (bacteria and parasites), are outlined in the relevant sections of this
manual.

To ensure that the most useful specimen is obtained, it should always be collected
at the appropriate time. Random collection should be limited to emergency situa-
tions. For example, sputum specimens for the detection of tubercle bacilli should
be collected in the early morning, while urine for the diagnosis of schistosomiasis
and other conditions should be collected as a “terminal” urine specimen (see sec-
tion 7.2.8)."
C_0115_001,DOC_WHO_2003,P_0115,115,103,1,0,5,0,28,5,77649b41787c11c04aa0f4c29170d89ac5c9e3b3f66a8b5c5b76d3adbd1fe5ac,"4. Parasitology 103

Part II"
C_0116_001,DOC_WHO_2003,P_0116,116,104,1,0,9,0,54,9,ab2e585b8a37b360c701f2aeb8a5704aed61e3aa19e3a8284b5e41ffc2e93abd,104 Manual of basic techniques for a health laboratory
C_0117_001,DOC_WHO_2003,P_0117,117,105,1,0,192,0,1384,192,a06dd38536117e8a8a85028163a548c30406225f763a27b634b53d784bfcf107,"4. Parasitology 105

4.Parasitology





4.1 Introduction

A parasite is an organism that lives in or on another living organism of a different
species. The organism from which the parasite takes its food is called the host. A
parasite such as a tick that lives on its host is called an ectoparasite. A parasite that
lives in its host, such as a hookworm or an amoeba, is called an endoparasite.

Many diseases are caused by infection with parasites. They are an important cause
of diarrhoea (see Table 4.1), which is a major health problem in developing
countries.

If acute diarrhoea is caused by parasitic infection, this can be determined by
examination of a stool specimen.


Table 4.1 Common causes of diarrhoeal disease

Type of cause Specific cause

Infectious

Protozoa Amoebae

Giardia spp.

Balantidium coli

Isospora belli

Cryptosporidium spp.

Plasmodium spp.

Bacteria Salmonella spp.

Shigella spp.

Escherichia coli

Vibrio cholerae

Staphylococcus spp.

Campylobacter spp.

Viruses Rotaviruses

Helminths Fasciolopsis spp.

Strongyloides stercoralis

Trichuris trichiura

Hymenolepis nana

Heterophyes heterophyes

Non-infectious

Malabsorption syndromes Tropical sprue

Crohn disease

Whipple disease

Intoxications Food poisoning

Chemicals

Drugs

Inborn errors of metabolism Carbohydrate intolerance

Gluten enteropathy

Metabolic disorders Adrenal disease


105"
C_0118_001,DOC_WHO_2003,P_0118,118,106,1,0,220,0,1668,220,fe495c26d9160245642953515ec46a2746e3d918e452821dfb9a8d053112ed16,"106 Manual of basic techniques for a health laboratory




It is useful for laboratory technicians to understand the ways in which people can
become infected by intestinal parasites (see Table 4.2). They can then give advice
on hygiene to members of the community and avoid infection themselves, particu-
larly in the laboratory.



Table 4.2 Routes of transmission of intestinal parasites

Scientific name Common name How infection is contracted

Helminths

Ancylostoma duodenale Hookworm Walking barefoot on ground contaminated by stools; playing on
contaminated ground (children)

Ascaris lumbricoides Roundworm, ascaris Eating unwashed raw vegetables and salads; playing on ground
contaminated by stools (children)

Clonorchis sinensis Chinese liver fluke Eating undercooked infected meat

Dicrocoelium dendriticum, Lancet fluke Swallowing infected ants (in unwashed salad or while playing in
D. hospes grass (children))

Diphyllobothrium latum Fish tapeworm Eating raw or undercooked freshwater fish

Dipylidium caninum Dog tapeworm Swallowing dog fleas (children)

Enterobius vermicularis Pinworm, threadworm Walking barefoot on ground contaminated by stools;
autoinfection; contact with infected persons with dirty hands;
failure to observe safety regulations relating to cleanliness in
the laboratory

Fasciola gigantica Giant liver fluke Eating unwashed salads

Fasciola hepatica Liver fluke Eating unwashed salads

Fasciolopsis buski Giant intestinal fluke Eating unwashed salads

Heterophyes heterophyes Dwarf fluke Eating undercooked infected meat

Hymenolepis diminuta Rat tapeworm Swallowing rat fleas

Hymenolepis nana Dwarf tapeworm Eating contaminated"
C_0118_002,DOC_WHO_2003,P_0118,118,106,2,180,400,1341,3089,220,bbf6d0f170d7097e8e6a39888a54e5afdf2dbc1fd4efd1c6331b0725c1c94add,"fluke Eating unwashed salads

Fasciola hepatica Liver fluke Eating unwashed salads

Fasciolopsis buski Giant intestinal fluke Eating unwashed salads

Heterophyes heterophyes Dwarf fluke Eating undercooked infected meat

Hymenolepis diminuta Rat tapeworm Swallowing rat fleas

Hymenolepis nana Dwarf tapeworm Eating contaminated vegetables; autoinfection

Metagonimus yokogawai Japanese fluke Eating undercooked infected meat

Necator americanus Hookworm Walking barefoot on ground contaminated by stools; playing on
contaminated ground (children)

Paragonimus westermani Oriental lung fluke Eating undercooked infected freshwater crabs

Schistosoma haematobium Schistosome (vesical) Bathing in streams or ponds contaminated by infected stools or
urine

Schistosoma intercalatum Schistosome (rectal) Bathing in streams or ponds contaminated by infected stools or
urine

Schistosoma japonicum Schistosome (Asiatic Bathing in streams or ponds contaminated by infected stools or
or Oriental) urine

Schistosoma mansoni Schistosome (intestinal) Bathing in streams or ponds contaminated by infected stools or
urine

Taenia saginata Beef tapeworm Eating undercooked infected meat

Taenia solium: Pork tapeworm
— adults Eating undercooked infected meat
— larval form (cysticercus) Eating unwashed raw vegetables; autoinfection

Trichostrongylus spp. — Eating unwashed salads (Asia)

Trichuris trichiura Whipworm Eating unwashed raw vegetables and salads

Protozoa

Balantidium coli — Eating unwashed vegetables; contact with infected pigs (on
farms)

Entamoeba histolytica — Drinking contaminated water; eating unwashed raw vegetables
and salads; contact with infected persons with dirty hands;
failure to observe safety regulations relating to cleanliness"
C_0118_003,DOC_WHO_2003,P_0118,118,106,3,360,433,2788,3331,73,ae73e5f95b3d46079d4aa53f6d822a8cc57c92011cca6566bc7883a5e7c3aed2,"Protozoa

Balantidium coli — Eating unwashed vegetables; contact with infected pigs (on
farms)

Entamoeba histolytica — Drinking contaminated water; eating unwashed raw vegetables
and salads; contact with infected persons with dirty hands;
failure to observe safety regulations relating to cleanliness in
the laboratory

Giardia intestinalis — Drinking contaminated water; eating unwashed raw vegetables
and salads; contact with infected persons with dirty hands;
failure to observe safety regulations relating to cleanliness in
the laboratory"
C_0119_001,DOC_WHO_2003,P_0119,119,107,1,0,220,0,1430,220,2d272a37df1d36750418f812006f0fc1b5d10ba95a887e91a047762262021477,"4. Parasitology 107



4.2 Examination of stool specimens for parasites
4.2.1 Collection of specimens

Collect approximately 100g of faeces in a clean, dry container without preserva-
tives. A screw-top container is most suitable (see section 2.5.5). Make sure that any
adult worms or segments passed are included.

For collection of stool specimens for bacteriological examination (e.g. for culture
of cholera and other bacteria that cause dysentery), see section 5.9.4.


Precautions

G Never leave stool specimens exposed to the air in containers without lids.

G Never accept stool specimens mixed with urine (e.g. in a bedpan).

G Never examine stool specimens without first putting on gloves.

G Always examine stool specimens within 1–4 hours after collection. If several
specimens are received at the same time, examine the liquid stools and those
containing mucus or blood first, as they may contain motile amoebae (which die
quickly).


4.2.2 Visual examination

Faecal samples are best described by their colour, consistency and presence or
absence of macroscopic blood or exudate.


Colour

The colour can be described as:

— black (occult blood)

— brown, pale yellow (fat)

— white (obstructive jaundice).


Consistency (Fig. 4.1)

The consistency can be described as:

— formed (normal shape)

— soft formed

— unformed or liquid (watery).

The presence of external blood or mucus, usually seen as streaks of red or"
C_0119_002,DOC_WHO_2003,P_0119,119,107,2,180,318,1181,2105,138,e47984b143e7ecd9c31f827cc6438f12839c73e37a02ea1aa9a1cf2373b6d9da,"(fat)

— white (obstructive jaundice).


Consistency (Fig. 4.1)

The consistency can be described as:

— formed (normal shape)

— soft formed

— unformed or liquid (watery).

The presence of external blood or mucus, usually seen as streaks of red or white,
should be noted. Blood may be present in certain medical conditions (e.g. ulcera-
tive colitis, schistosomiasis).


4.2.3 Microscopic examination

Direct microscopic examination of faeces in saline or iodine suspension is useful
Fig. 4.1 Assessing the
for the following reasons: consistency of faecal
specimens
— to detect motile trophozoites;

— to detect ova and cysts present in moderate numbers;

— to detect erythrocytes, cellular debris or excess fat.

Select unformed or liquid faeces when using direct microscopy for detection of
trophozoites. Formed stools rarely contain motile trophozoites. Also perform a
direct examination of any external blood or mucus."
C_0120_001,DOC_WHO_2003,P_0120,120,108,1,0,220,0,1256,220,3571fa00bb1870aef8b72400b75cfe25e5ad278f97cc27c7324a54460b48a77e,"108 Manual of basic techniques for a health laboratory




Materials and reagents (Fig. 4.2)

G Microscope

G Microscope slides

G Coverslips

G Wooden applicators or wire loops (0.45mm, nickel–chromium alloy wire)

G Grease pencils

G Sodium chloride, 0.85% solution (reagent no. 53)

G Lugol iodine, 0.5% solution (reagent no. 37)

G Acetic acid, 50% solution (reagent no. 3), diluted 1:1 with distilled water

G Methylene blue solution (reagent no. 39)

G Eosin, 2% solution in saline (reagent no. 24).


Method

1. Prepare a 1:1 mixture of Lugol iodine solution and acetic acid solution (diluted
as above). Dilute the mixture with four volumes of distilled water and stir.

2. Take a dry microscope slide and label it with the name or number of the
patient.

3. Put:
— one drop of sodium chloride solution warmed to 37°C in the middle of
the left half of the slide; and
— one drop of the iodine–acetic acid solution in the middle of the right half
of the slide (Fig. 4.3).

4. Using an applicator or wire loop, take a small portion (about 2–3 mm
diameter) of the stool.
(a) If the stools are formed, take the portion from the centre of the sample
(Fig. 4.4) and from the surface to look for parasite eggs.
(b) If the stools contain mucus or are liquid,"
C_0120_002,DOC_WHO_2003,P_0120,120,108,2,180,372,1047,2106,192,402e0dabf1f99fd4864938dfe6bae9b983a4e87d78428a524da0d07ddb83a96a,"mm
diameter) of the stool.
(a) If the stools are formed, take the portion from the centre of the sample
(Fig. 4.4) and from the surface to look for parasite eggs.
(b) If the stools contain mucus or are liquid, take the portion from the mucus
on the surface or from the surface of the liquid to look for amoebae.

5. Mix the sample with the drop of sodium chloride solution on the slide.

6. Using the applicator or wire loop, take a second portion of stool from the speci-
men as described above and mix it with the drop of iodine–acetic acid solution.
Discard the applicator (or flame the wire loop) after use.

7. Place a coverslip over each drop (apply the coverslips as shown in Fig. 4.5 to
avoid the formation of air bubbles).

8. Examine the preparations under the microscope. For the saline preparation
use the ¥10 and ¥40 objectives and a ¥5 eyepiece. As the eggs and cysts are





Fig. 4.2 Materials and reagents for direct Fig. 4.3 Adding a drop of saline and a
microscopic examination of faeces for drop of iodine suspension to the
parasites slide"
C_0121_001,DOC_WHO_2003,P_0121,121,109,1,0,220,0,1337,220,f31feb20c4ebf82108ac89d19c839fb36ba2cca867e6fda1eefd72a987247bd3,"4. Parasitology 109




colourless, reduce the amount of light using the condenser aperture or lower
the condenser to increase the contrast.

Examine the first preparation with the ¥10 objective, starting at the top left-
hand corner as indicated in Fig. 4.6. Focus on the edge of one coverslip using
the ¥10 objective and examine the whole area under each coverslip for the
presence of ova and larvae of Strongyloides stercoralis. Then switch to the ¥40
objective and again examine the whole area of the coverslip over the saline for
Fig. 4.4 Sampling a faecal
motile trophozoites and the area of the coverslip over the iodine for cysts. specimen for
9. Lugol iodine–acetic acid solution causes the trophozoite forms to become non- parasite eggs
motile. The nucleus is clearly stained but it may be difficult to distinguish be-
tween trophozoite and cystic forms.

10. Using a fine Pasteur pipette, allow a drop of methylene blue solution to run
under the coverslip over the saline preparation (Fig. 4.7). This will stain the
nuclei of any cells present and distinguish the lobed nuclei of polymorphs from
the large single nuclei of mucosal cells.

11. If a drop of eosin solution is added, the whole field becomes stained except for
the protozoa (particularly amoebae), which remain colourless and are thus eas-
ily recognized.


4.2.4"
C_0121_002,DOC_WHO_2003,P_0121,121,109,2,180,337,1088,2118,157,eddbaac8c68b0632cb6ffa56276c8680fb7e0f633f5779110940bb6207b6de6b,"of polymorphs from
the large single nuclei of mucosal cells.

11. If a drop of eosin solution is added, the whole field becomes stained except for
the protozoa (particularly amoebae), which remain colourless and are thus eas-
ily recognized.


4.2.4 Dispatch of stools for detection of parasites

Stools may be sent to a specialized laboratory for the identification of rare parasites
that are difficult to recognize. In such cases a preservative should be added to the
specimens before they are dispatched for examination. The following preservatives
are used:

— formaldehyde, 10% solution (reagent no. 28), for wet mounting;

— Lugol iodine, 0.5% solution (reagent no. 37);

— polyvinyl alcohol (PVA) fixative (reagent no. 44);

— thiomersal–iodine–formaldehyde (TIF) fixative (reagent no. 58), for wet
mounting.





Fig. 4.5 Technique for applying a coverslip to
avoid the formation of air bubbles





Fig. 4.7 Staining the saline preparation with methylene blue
Fig. 4.6 Examining the area under the
coverslip for parasites"
C_0122_001,DOC_WHO_2003,P_0122,122,110,1,0,220,0,1282,220,463f0bc48cb986c5ca1a8d2394779a87d239e6c5c260e8bb78be7059305b2cc5,"110 Manual of basic techniques for a health laboratory




Using 10% formaldehyde solution

1. Prepare a mixture containing about one part of stool to three parts of formalde-
hyde solution (Fig. 4.8).

2. Crush the stool thoroughly with a glass rod (Fig. 4.9).

Formaldehyde solution preserves eggs and cysts of parasites indefinitely if the speci-
men container is tightly closed. It does not preserve vegetative forms of protozoa,
which are destroyed after a few days.


Using polyvinyl alcohol fixative
Fig. 4.8 Preserving a faecal In a bottle
specimen in
formaldehyde solution 1. Pour about 30ml of PVA fixative into a 40-ml bottle.

2. Add enough fresh stools to fill the last quarter of the bottle.

3. Mix thoroughly with a glass rod.

PVA fixative preserves all forms of parasites indefinitely.


On a slide

1. To examine for amoebae and flagellates, place a small portion of the stool on
one end of the slide.

2. Add three drops of PVA fixative to the stool.

3. Using a glass rod, carefully spread the specimen over about half of the slide (Fig.
Fig. 4.9 Crushing the faecal 4.10). Leave to dry for 12 hours (preferably at 37°C).
specimen with a Specimens preserved in this way can be kept for about 3 months. They can be
glass rod
stained on arrival at the specialized"
C_0122_002,DOC_WHO_2003,P_0122,122,110,2,180,295,1064,1801,115,d341f5c1a95b4744a0956d9aa1585d682a8e0b37fafcc01108dcc263d96ed892,"4.9 Crushing the faecal 4.10). Leave to dry for 12 hours (preferably at 37°C).
specimen with a Specimens preserved in this way can be kept for about 3 months. They can be
glass rod
stained on arrival at the specialized laboratory.


Using thiomersal1–iodine–formaldehyde fixative

1. Just before dispatch, mix 4.7ml of TIF fixative and 0.3ml of Lugol iodine solution
in a tube or a small bottle.

2. Add approximately 2ml (2cm3) of stool and crush well with a glass rod.

The above-mentioned mixture preserves all forms of parasites indefinitely, includ-
ing vegetative forms of amoebae (those of flagellates deteriorate slightly).





Fig. 4.10 Spreading a faecal specimen on
a slide





1Also known as thimerosal and mercurothiolate."
C_0123_001,DOC_WHO_2003,P_0123,123,111,1,0,220,0,1614,220,5975fd3245b8bb01949d22a7a1876a4cf5cf39f2b927799a59f58b7a033675a2,"4. Parasitology 111




Table 4.3 Pathogenicity of intestinal protozoa

Species Pathogenicity

Amoebae

Entamoeba histolytica Only amoeba that is commonly pathogenic to
humans. May cause dysentery or abscesses

Entamoeba coli Non-pathogenic, but very common

Entamoeba hartmanni, Endolimax Non-pathogenic. Differentiation is difficult but not
nanus, Iodamoeba butschlii, really necessary; it is enough to be able to
Dientamoeba fragilis distinguish these species from Entamoeba
histolytica

Flagellates

Giardia intestinalis Pathogenic

Trichomonas hominis Non-pathogenic

Chilomastix mesnili Non-pathogenic

Ciliates

Balantidium coli Pathogenic


4.3 Intestinal protozoa

Protozoa are microorganisms consisting of a single cell. Intestinal protozoa may be
found in stools in their motile form (trophozoites) or as cysts. Some intestinal pro-
tozoa are pathogenic (see Table 4.3); others are harmless. All these protozoa are
found throughout the world.


4.3.1 Identification of motile forms (trophozoites)

The trophozoites of protozoa are motile (Fig. 4.11):

— either because of slow movements of the cell (amoebae);

— or because they have rapidly moving flagella (long whip-like threads) or cilia
(numerous short hairs).

Trophozoites are chiefly found in:

— watery stools

— stools containing mucus

— soft formed stools.

The following features are useful for the identification of
motile forms of intestinal protozoa (Fig. 4.12):

— size

— cytoplasm

— pseudopodia

— nuclei

— ectoplasm

— endoplasm

— vacuoles

— inclusion bodies containing erythrocytes, bacteria,
yeast cells, debris, etc.
— nuclear"
C_0123_002,DOC_WHO_2003,P_0123,123,111,2,180,242,1345,1764,62,4adb425b6f76a866eeeaa67a4176bb90ec1b0cf36a18f02fa2b8a7d43d8e3637,"features are useful for the identification of
motile forms of intestinal protozoa (Fig. 4.12):

— size

— cytoplasm

— pseudopodia

— nuclei

— ectoplasm

— endoplasm

— vacuoles

— inclusion bodies containing erythrocytes, bacteria,
yeast cells, debris, etc.
— nuclear membrane (chromatin) Fig. 4.11 Motile forms of protozoa
A: amoeba; F: flagellate; C: ciliate.
— nuclear karyosome

— flagella

— undulating membrane."
C_0124_001,DOC_WHO_2003,P_0124,124,112,1,0,47,0,404,47,91386bfa1b0a60fb76a49925702d20edde2b02c02b5d716a5f910fbe2931131d,"112 Manual of basic techniques for a health laboratory





Cytoplasm


Nucleus
Pseudopodium



Ectoplasm

Endoplasm


Vacuole





Inclusion bodies:
(a) containing
erythrocytes





(b) containing bacteria,
yeast cells and/or cell debris





Nuclear membrane (chromatin)


Nuclear
karyosome





Flagellum


Undulating membrane





Fig. 4.12 Features for the identification of motile forms of protozoa"
C_0125_001,DOC_WHO_2003,P_0125,125,113,1,0,220,0,1505,220,0c49ca68b99b51b39ffca167464f4194c0e01007b0a3d02bd6a1aa356d516596,"4. Parasitology 113





Fig. 4.13 Invasive form of Entamoeba Fig. 4.14 Non-invasive form of
histolytica trophozoite Entamoeba histolytica
trophozoite

Identification of motile forms of amoebae

Entamoeba histolytica (Figs 4.13 and 4.14)

(dysentery amoeba)

Size: 12–35mm (usually the size of 3–4 erythrocytes).

Shape: when moving, elongated and changing; when not moving, round.

Motility: moves in one direction; a pseudopodium pushes forward and the endo-
plasm flows quite rapidly into it.

Cytoplasm: the ectoplasm is transparent, quite different from the fine granular tex-
ture of the endoplasm (greyish with yellowish-green streaks), which may contain
vacuoles.

Nucleus: not visible in the motile form, but when stained with iodine solution clearly
seen to have a regular membrane and a small dense central karyosome (a black
dot).

Two motile forms of E. histolytica can be found in liquid or diarrhoeal faeces: an
invasive form and a non-invasive form.


Invasive form (see Fig. 4.13)
The invasive form measures 20–35mm. It has vacuoles containing more or less
digested erythrocytes (1–20 of different sizes) indicating haematophagous (blood-
eating) activity and so pathogenic capability.


Non-invasive form (see Fig. 4.14)
The non-invasive form measures 12–20mm. It thrives in the intestinal
cavity where it eats bacteria or other material that can be seen inside
the vacuoles. It is non-pathogenic.


Entamoeba coli (Fig. 4.15)

Size: 20–40mm (usually bigger than E. histolytica).

Shape:"
C_0125_002,DOC_WHO_2003,P_0125,125,113,2,180,269,1239,1863,89,ecdca6e9719c8cb23a4d8ee5f4c3f8dd1fb7eb401b8b30a47dff72f80a55636a,"The non-invasive form measures 12–20mm. It thrives in the intestinal
cavity where it eats bacteria or other material that can be seen inside
the vacuoles. It is non-pathogenic.


Entamoeba coli (Fig. 4.15)

Size: 20–40mm (usually bigger than E. histolytica).

Shape: oval or elongated, rather irregular, often non-motile or moving
very slowly, putting out blunt pseudopodia in all directions.

Cytoplasm: both the ectoplasm and the endoplasm are granular and
difficult to differentiate.

Inclusion bodies: numerous and varied (bacteria, yeast cells, cell
debris), but never erythrocytes. Fig. 4.15 Entamoeba coli trophozoite"
C_0126_001,DOC_WHO_2003,P_0126,126,114,1,0,220,0,1533,220,aa65af0990e0707f76372913c1c7168a1bd0395a7abaf63e470e83845443c35c,"114 Manual of basic techniques for a health laboratory




Table 4.4 Features for the differential diagnosis of Entamoeba histolytica and E. coli

Feature E. histolytica E. coli

Motion In a definite direction Haphazard

Motility Fairly motile Non-motile or barely motile

Ectoplasm Transparent, quite different from Little or no differentiation from
endoplasm endoplasm

Inclusion bodies Erythrocytes if haematophagous Bacteria, yeast cells and varied debris,
no erythrocytes

Nucleus (fresh state) Invisible Visible (nuclear membrane is like a
bead necklace)
Nuclear membrane (after staining Regular membrane Irregular membrane
with iodine solution)

Karyosome Small, dense, central Large, eccentric



Nucleus: visible in the fresh state, without staining. The membrane is irregular and
granular (like a bead necklace), the karyosome large and eccentric.

Table 4.4 summarizes the features used for the differential diagnosis of Entamoeba
histolytica and E. coli. If a trophozoite moves quickly in one direction and projects
pseudopodia rapidly, it is probably Entamoeba histolytica. Other species of amoeba
Fig. 4.16 Entamoeba do not usually move like this. If the trophozoite moves as described and if erythrocytes
hartmanni are present in the cytoplasm, it can be assumed that it is E. histolytica. If necessary,
trophozoite
buffered methylene blue can be used to stain the nucleus for confirmation.


Entamoeba hartmanni (Fig. 4.16)

Size: always less than 10mm (about the size of an erythrocyte).

All characteristics similar"
C_0126_002,DOC_WHO_2003,P_0126,126,114,2,180,343,1267,2457,163,d68d69cefb256da926da71a2845598e628a517778ecc3640d8377c40262b2b1d,"be assumed that it is E. histolytica. If necessary,
trophozoite
buffered methylene blue can be used to stain the nucleus for confirmation.


Entamoeba hartmanni (Fig. 4.16)

Size: always less than 10mm (about the size of an erythrocyte).

All characteristics similar to those of E. histolytica but never contains erythrocytes.
There may be distinct vacuoles.

Fig. 4.17 Endolimax nanus
trophozoite Endolimax nanus (Fig. 4.17)

Size: 6–10mm.

Motility: many small rounded pseudopodia moving slowly in all directions.

Cytoplasm: very granular with small vacuoles.

Inclusion bodies: various (mainly bacteria).

Nucleus: karyosome similar to an ink-spot, visible after staining with iodine solution.


Iodamoeba butschlii (Fig. 4.18)
Fig. 4.18 Iodamoeba
butschlii Size: 10–15mm.
trophozoite Shape: compact, leaf-like.

Motility: very slow; clear, rounded or finger-shaped pseudopodia.

Inclusion bodies: bacteria, large vacuoles.

Nucleus: a large oval karyosome next to a group of granules, visible after staining
with iodine solution.

I. butschlii amoebae are rarely seen in stools.


Fig. 4.19 Dientamoeba Dientamoeba fragilis (Fig. 4.19)
fragilis trophozoite
Size: 6–15mm.

Shape: round."
C_0127_001,DOC_WHO_2003,P_0127,127,115,1,0,220,0,1487,220,f835f7a1ab5cd1bd8a86e298ae6f6733f7dc3ca7a9fed708ec0eb8c56c2ef44f,"4. Parasitology 115




Motility: either non-motile (most often) or very motile (in very fresh fluid stools),
with pseudopodia similar to the blades of an electric fan; quickly becomes non-
motile under the coverslip.

Cytoplasm: clear ectoplasm.

Inclusion bodies: bacteria.

Nucleus: one or two nuclei, visible after staining with iodine solution; karyosomes
split into 4–6 granules (membrane hardly visible).


Identification of motile forms of flagellates

All of these parasites, with the exception of Trichomonas hominis, can appear in an
active flagellate vegetative form or as inactive cysts.


Giardia intestinalis (Fig. 4.20)

Size: 10–18mm (size of two erythrocytes).


Shape: rather elongated

front view: similar to a pear

side view: spoon-shaped.

Motility: either moves forward in small rapid jerks in a
definite direction, sometimes turning in a loop (fluid
stools), or is hardly motile.

Nuclei: two large oval nuclei, faintly visible.

Important:

G The characteristic movement is seen only in fresh
liquid stools.

G Flakes of mucus in fluid stools often contain clus-
ters of large numbers of G. intestinalis.

G The vegetative and cystic forms of G. intestinalis are
often found together in soft stools.


Trichomonas hominis (Fig. 4.21)

Size: 10–15mm (slightly smaller than G. intestinalis).

Shape: oval with two pointed poles.

Motility: whirls and turns in all directions, seeming to
vibrate.

Undulating membrane: present on one side only;
extremely motile (a"
C_0127_002,DOC_WHO_2003,P_0127,127,115,2,180,275,1210,1868,95,087867de73f8121d4b61a263e3e9b1472e45216a2b46b127d2767a69672a4cab,"in soft stools.


Trichomonas hominis (Fig. 4.21)

Size: 10–15mm (slightly smaller than G. intestinalis).

Shape: oval with two pointed poles.

Motility: whirls and turns in all directions, seeming to
vibrate.

Undulating membrane: present on one side only;
extremely motile (a rapid wavy movement).
Fig. 4.20 Giardia intestinalis trophozoite
Nucleus: one nucleus, difficult to see.

Flagella: usually four.

T. hominis is the most resistant flagellate. It remains motile even in old stools.


Chilomastix mesnili (Fig. 4.22)

Size: 10–15mm.

Shape: triangular and tapered at one end, appears twisted.

Motility: moves in one definite direction, in a spiral."
C_0128_001,DOC_WHO_2003,P_0128,128,116,1,0,169,0,1141,169,6cc81562570a1660ed34159620ba3b33feda07c2169caf7a9d9c3bf4c2c63f06,"116 Manual of basic techniques for a health laboratory





Fig. 4.21 Trichomonas hominis trophozoites Fig. 4.22 Chilomastix mesnili trophozoites


Cytoplasm: greyish-green with:

— towards the tapered end: a distinct spiral marking, around which the flagellate
turns (figure-of-eight)

— near the rounded end: a mouth-like cleft (faintly visible cytostome).

Nucleus: one nucleus, easily visible in unstained preparations.


Identification of motile forms of ciliates

Balantidium coli (rare) (Fig. 4.23)

Size: about 50mm.

Shape: oval, with one pole more rounded than the other.

Cilia: covered with many small cilia, which move with rapid strokes.

Motility: moves very rapidly in stools, crossing the field in a definite direction and
sometimes turning in circles.

Cytoplasm: transparent.

Nuclei: a large kidney-shaped nucleus next to a small round nucleus.

“Mouth”: the cytostome; a sort of mouth that contracts and expands, drawing in
cell debris.

Important: If stools are left exposed to the air, without a lid, organisms of the infusoria
type may fall on to them from the atmosphere. These may be confused with
Balantidium coli."
C_0129_001,DOC_WHO_2003,P_0129,129,117,1,0,220,0,1280,220,8c9a655319119db8c2fd8aeb75143949b7be5bdb0a9d48a180c6d28a142e163e,"4. Parasitology 117




Rapid Field stain for faecal trophozoites

Materials and reagents

G Microscope
G Microscope slides
G Slide rack
G Field stain (reagent no. 25):
— Field stain A (undiluted)
— Field stain B (diluted one part of stain in four parts of distilled water)

G Sodium chloride, 0.85% solution (reagent no. 53)

G Methanol.


Method

1. Prepare a thin faecal smear in sodium chloride solution on a clean slide.

2. Once the smear is dry, fix it by covering the slide with methanol for 3
minutes.

3. Tip off the methanol.

4. Pipette 1ml of diluted Field stain B onto the slide, followed by 1ml of
undiluted Field stain A.

5. Mix well by tilting the slide and allow to stain for 1 minute.

6. Wash the slide in water and allow it to air-dry.

7. Examine the slide using the ¥100 oil-immersion objective. Scan the smear,
particularly around the edges.

The cytoplasm and flagella of trophozoites of Giardia intestinalis stain blue
and their nuclei stain red. Cysts of G. intestinalis also stain blue and their
Fig. 4.23 Balantidium coli trophozoite
nuclei stain red.

Note:

G Leave freshly prepared stains for 3 days before use.

G Use rainwater to prepare the stains if the local well-water supply is too salty.

G Cover the jars containing the staining solutions"
C_0129_002,DOC_WHO_2003,P_0129,129,117,2,180,325,1035,1911,145,299d3fa6775e4344377df8386ec9e09e4fb3ce27b23a12b0e7c08e6989f181c1,"Balantidium coli trophozoite
nuclei stain red.

Note:

G Leave freshly prepared stains for 3 days before use.

G Use rainwater to prepare the stains if the local well-water supply is too salty.

G Cover the jars containing the staining solutions to prevent evaporation and
absorption of dust.

G Avoid carrying over one staining solution to another.


Eosin stain for faecal trophozoites and cysts

Materials and reagents

G Microscope

G Microscope slides

G Slide rack

G Coverslips

G Eosin, 1% solution (reagent no. 23).


Method

1. Emulsify a small portion of stool in 1% eosin solution on a clean slide. Spread
over an area of approximately 2cm ¥ 1cm.

2. Put a coverslip on the slide and place it on the microscope stage.

3. Use the ¥10 objective to examine the smear systematically for unstained
trophozoites and cysts. Examine in more detail with the ¥40 objective."
C_0130_001,DOC_WHO_2003,P_0130,130,118,1,0,220,0,1488,220,3a7bb744d6bf2a3cffd3a9b9c047e02eac3b649175650fa44cb152484231a75c,"118 Manual of basic techniques for a health laboratory




The eosin stain provides a pink background against which unstained trophozoites
and cysts are clearly visible.

Note: If 1% eosin solution is not available, use a drop of Field stain B (see above).


4.3.2 Identification of cysts

Cysts are the resistant forms of certain intestinal amoebae, flagellates and ciliates.
They are small, round and non-motile and may have one or several nuclei.

Measurement of cysts is useful for the correct identification of species.


Importance of cysts

The clinical importance of cysts varies from country to country. The cyst is the
infective form of the organism. Healthy persons may be asymptomatic carriers of
cysts and are, therefore, a public health hazard.

The most important problem in the laboratory is the precise identification of cysts
of Entamoeba histolytica, Giardia intestinalis and Balantidium coli. Some of the features
used in the identification of these cysts and those of other intestinal protozoa are
illustrated in Fig. 4.24.


Identification of cysts of amoebae

Entamoeba histolytica (Fig. 4.25)

Size: 12–15mm (1–2 erythrocytes).

Shape: round.

Nuclei: 1–4 nuclei:

membrane — thin, regular, circular

karyosome — small, compact, central (like a black dot).

Cytoplasm: yellowish-grey after staining with iodine solution, granular; “dirty”
appearance.

Chromatoid bodies: oblong, rounded at ends (sausage-shaped); not found in all cysts.

Vacuole: sometimes a large"
C_0130_002,DOC_WHO_2003,P_0130,130,118,2,180,357,1189,2415,177,1d39ac6f8d8621c28c2834a42a8665f5ec6b1015e07cbaa22f679e97b92ab205,"membrane — thin, regular, circular

karyosome — small, compact, central (like a black dot).

Cytoplasm: yellowish-grey after staining with iodine solution, granular; “dirty”
appearance.

Chromatoid bodies: oblong, rounded at ends (sausage-shaped); not found in all cysts.

Vacuole: sometimes a large glycogen vacuole (stained reddish-brown by iodine so-
lution) in young cysts with one or two nuclei.

E. histolytica may cause dysentery. Identification of cysts of other amoebae that do
not cause disease may be difficult. The main thing is to differentiate between them
and the cysts of E. histolytica.


Entamoeba coli (Fig. 4.26)

Size: 12–20mm (1–2 erythrocytes; slightly larger than the cyst of E. histolytica).

Shape: round or slightly oval, sometimes irregular.

Nuclei: 1–8 nuclei:

membrane — irregular, thick in parts, not a perfect circle

karyosome — large, diffuse, often eccentric.

Cytoplasm: pale yellow after staining with iodine solution, bright (as compared with
E. histolytica).

Chromatoid bodies: sharp or jagged ends (dagger-shaped or needle-shaped); not found
in all cysts.

Vacuole: sometimes a very large vacuole (stained reddish-brown by iodine solution)
compressing two nuclei, one at either pole."
C_0131_001,DOC_WHO_2003,P_0131,131,119,1,0,14,0,98,14,e68c1d57959d705d8c9176c2d773e20e6e4d69ba94e2b32c8e85a4c9cabd3e68,"4. Parasitology 119





Fig. 4.24 Features for the identification of cysts of intestinal protozoa"
C_0132_001,DOC_WHO_2003,P_0132,132,120,1,0,147,0,1001,147,6b8a323d0a7ef1f630f1b0b3852cab22573bc5e607419ffb20be2fe9fdcee42c,"120 Manual of basic techniques for a health laboratory





Fig. 4.25 Entamoeba histolytica cysts Fig. 4.26 Entamoeba coli cysts


Entamoeba hartmanni (Fig. 4.27)

Size: 4–8mm (same diameter as an erythrocyte).

Nuclei: 1–4 nuclei, identical to those of E. histolytica (see above).


Endolimax nanus (Fig. 4.28)
Fig. 4.27 Entamoeba hartmanni cysts Size: 8–10mm.

Shape: more or less oval.

Nuclei: 1–4 nuclei:

membrane — cannot be seen

karyosome — large, irregular outline.

Cytoplasm: clear, without granules, stained yellow by iodine solution.


Iodamoeba butschlii (Fig. 4.29)

Size: 8–10mm.
Fig. 4.28 Endolimax nanus cysts
Shape: varies (round, oval or irregular).

Nucleus: almost always a single nucleus:

membrane — cannot be seen

karyosome — very large, oval, pressed against a cluster of granules.

Vacuole: a very large glycogen vacuole (stained reddish-brown by iodine solution,
hence the name Iodamoeba), often taking up half of the cyst.


Dientamoeba fragilis

Not found in cyst form."
C_0133_001,DOC_WHO_2003,P_0133,133,121,1,0,205,0,1381,205,a5d983d389168a36d8110efaec43e3ae8f51dfe0a38cfa67c1299771e17acb7c,"4. Parasitology 121




Identification of cysts of flagellates

Giardia intestinalis (Fig. 4.30)

Size: 8–12mm.

Shape: oval, one pole more rounded than the other.

Shell: often appears to be thick with a double wall; the second wall is the
membrane of the cytoplasm.

Nuclei: 2–4 oval nuclei (not clearly seen):

membrane — very fine

karyosome — small, central, faintly coloured.

Cytoplasm: clear, shiny when unstained; pale yellowish-green or bluish
after staining with iodine solution.
Fig. 4.29 Iodamoeba butschlii cysts
Fibril: shiny, hair-like line, folded in two or S-shaped, placed lengthwise
in the centre of the cyst (adjust the microscope).


Chilomastix mesnili (Fig. 4.31)

Size: 6–8mm.

Shape: round, one pole tapered (similar to a pear).

Nucleus: a single, large nucleus:

membrane — clearly seen, thick in parts

karyosome — small and central.

Fibril: twisted, like a curled hair.


Identification of cysts of ciliates

Balantidium coli (Fig. 4.32)

Size: 50–70mm (the size of an Ascaris lumbricoides egg).

Shape: round.

Shell: thin, double wall.

Nuclei: a large kidney-shaped nucleus next to a small round nucleus.

Cytoplasm: granular, greenish, filled with inclusion bodies.

Often the trophozoite form (see page 119) can be seen faintly inside.





Fig. 4.30 Giardia intestinalis Fig. 4.31 Chilomastix mesnili Fig. 4.32 Balantidium coli cyst
cysts cysts"
C_0134_001,DOC_WHO_2003,P_0134,134,122,1,0,220,0,1458,220,abeefda7de033383781d6dd0bef50a39d02157ba2ba9306211e6be1005f2e0a9,"122 Manual of basic techniques for a health laboratory





Fig. 4.33 Types of coccidia
a: Containing four sporozoites and occasionally a few large granules clustered
at one pole; b: containing one large round granular cell; c: containing refractive
granules completely filling the interior.




Coccidia (Fig. 4.33)

Coccidia are protozoa that may be parasites of humans (without causing any sig-
nificant pathogenic effects) or may be found in transit in the stools of people who
have consumed infected food (fish, rabbit, etc.). They appear in the stools in a form
resembling cysts (and are called oocysts or sporocysts).

Size: 15–20mm, depending on the species.

Shape: an elongated oval, sometimes tapered at one pole.

Colour: colourless and transparent (or occasionally pale yellow).

Shell: a quite distinct, slightly shiny double line; sometimes an operculum is present
at one pole.

There are three types of coccidia (see Fig. 4.33):

(a) containing four sporozoites (small banana-shaped rods), each with a small round
nucleus; sometimes a few large granules are clustered at one pole;

(b) containing one large round granular cell;

(c) containing shiny granules completely filling the interior.


Microscopic examination of cysts

Preparation in saline wet mount

Cysts can be seen as transparent shiny globules standing out clearly against a grey
background. They have well-defined shells.

Using the ¥40 objective, look for shiny round objects"
C_0134_002,DOC_WHO_2003,P_0134,134,122,2,180,349,1186,2265,169,e14358deea5c4ec738fcc51cf503568e45a069e2f80d37f4b9bcc4d5b695e295,"filling the interior.


Microscopic examination of cysts

Preparation in saline wet mount

Cysts can be seen as transparent shiny globules standing out clearly against a grey
background. They have well-defined shells.

Using the ¥40 objective, look for shiny round objects with a diameter roughly equal
to 1–3 erythrocytes.


Chromatoid bodies
Look also for chromatoid bodies (rod-shaped structures). Chromatoid bodies are
more distinct in saline mounts than in iodine mounts. These bodies are character-
istic in appearance and occur in cysts of Entamoeba histolytica and E. coli. The rod-
shaped chromatoid bodies of E. histolytica have blunt rounded ends; those of E. coli
have pointed ends. These chromatoid bodies are seen less frequently in cysts of
E. coli than in those of E. histolytica.


Nuclei
Nuclei are not easily visible in saline mounts but are clearly seen in iodine mounts.
The appearance of the nucleus is important in differentiating between species of
amoeba. Therefore, if cysts (or cyst-like bodies) are seen in the saline mount, exam-
ine an iodine mount."
C_0135_001,DOC_WHO_2003,P_0135,135,123,1,0,220,0,1434,220,ae66bc9cd76a6038113d9129de708a366343b1fc3490a199a8abb33ec95e0dd2,"4. Parasitology 123




Measurement
Accurate measurement of cysts is essential for their correct identification. Measure
any cysts you find; if possible use a calibrated graticule in the eyepiece (see section
3.1.1, page 56).


Preparation in iodine wet mount

Iodine mounts are used to detect cysts of amoebae and flagellates. Cysts can be
detected with the ¥10 objective. Use the ¥40 objective to see the characteristics of
the cysts and measure them to ensure correct identification.

Iodine stains the cytoplasm of the cysts yellow or light brown; nuclei are stained
dark brown. When cysts of Entamoeba spp. are stained with iodine, the arrangement
of the peripheral chromatin and the position of the karyosome can be seen. (If the
peripheral chromatin is absent, the cyst is not a species of Entamoeba.) These
peripheral chromatoid bodies stain light yellow and may not be very clear. Some-
times, young cysts contain glycogen; this stains dark brown with iodine. Staining
flagellate cysts with iodine enables the fibrils (filaments) to be seen.

Cysts of several different species may be found in the same stool specimen.


Concentration
If necessary, use the formaldehyde–ether sedimentation technique (see section 4.5.2)
to examine a larger number of cysts for more certain identification.


Eosin stain for faecal trophozoites and cysts

See section 4.3.1, page 117.


Modified Ziehl–Neelsen technique for staining oocysts of"
C_0135_002,DOC_WHO_2003,P_0135,135,123,2,180,351,1144,2349,171,768bcd1a20880a8aef69a5d4d9ff581d55b7921bf16c092120a589adf3b36058,"If necessary, use the formaldehyde–ether sedimentation technique (see section 4.5.2)
to examine a larger number of cysts for more certain identification.


Eosin stain for faecal trophozoites and cysts

See section 4.3.1, page 117.


Modified Ziehl–Neelsen technique for staining oocysts of Cryptosporidium
spp.

Infections with Cryptosporidium spp. cause fever, abdominal cramps, diarrhoea and
weight loss with an associated eosinophilia. In severe cases, a malabsorption syn-
drome may develop.

Cryptosporidiosis causes self-limiting diarrhoea in children. It is a recognized cause
of chronic diarrhoea in adults with lowered immunity, e.g. patients with acquired
immunodeficiency syndrome (AIDS). Cryptosporidiosis should be suspected in
patients with chronic diarrhoea and weight loss, for which no other cause can be
found.


Materials and reagents
G Microscope

G Microscope slides

G Slide rack

G Petri disk

G Cotton wool

G Sodium chloride, 0.85% solution (reagent no. 53)

G Formaldehyde, 37% solution (formalin)

G Carbol fuchsin for Ziehl–Neelsen stain (reagent no. 16)

G Acid–ethanol for Ziehl–Neelsen stain (reagent no. 5)

G Malachite green, 1% solution (see reagent no. 31)

G Methanol."
C_0136_001,DOC_WHO_2003,P_0136,136,124,1,0,220,0,1280,220,75de1449e76cd34ed8375bec65a4b3ca0c3dfe8e0fba1161cb34bdcd7f3c0714,"124 Manual of basic techniques for a health laboratory





Fig. 4.34 Cryptosporidium spp. oocysts


Method
1. Emulsify a small amount of faeces in saline on a clean slide. Spread over an area
of approximately 2cm ¥ 1cm.

2. Allow the smear to dry before fixing in absolute methanol for 5 minutes. If the
patient is known to be, or suspected of being, positive for human
immunodeficiency virus (HIV), fix the smear in formalin vapour for 15 minutes
by placing the slide in a Petri dish with a cotton wool ball soaked in formalin.

3. Flood the slide with carbol fuchsin for 5 minutes. Wash the stain off with water.

4. Flood the slide with acid–ethanol solution to decolorize until faint pink. Wash
the slide in water.

5. Counterstain the slide with malachite green solution for 2 minutes. Wash in
water and place in a slide rack to drain and dry.

Examine the slide under the microscope using the ¥40 objective.

Oocysts of Cryptosporidium spp. stained by this method may show a variety of stain
reactions from pale pink to deep red. The oocysts measure 4–6mm. The sporozoites
within the oocysts have an outer rim of deep stained material with a pale centre
(Fig. 4.34). This differentiates oocysts from some yeasts which may stain red but
have a homogeneous smooth appearance."
C_0136_002,DOC_WHO_2003,P_0136,136,124,2,180,317,1032,1937,137,db1b8a4cd2f028ddcf7ac16040d99bf52243dac19281752f8fd4a719564d936f,"red. The oocysts measure 4–6mm. The sporozoites
within the oocysts have an outer rim of deep stained material with a pale centre
(Fig. 4.34). This differentiates oocysts from some yeasts which may stain red but
have a homogeneous smooth appearance.

Note: Cryptosporidium spp. belong to a group of parasites called coccidia (see page
122). Other parasites of this group are:

— Isospora belli

— Toxoplasma gondii

— Plasmodium spp.

The oocysts of Cryptosporidium spp. are highly resistant to disinfecting agents.


Features not to be mistaken for cysts

Fungi (Fig. 4.35)
Size: 5–8mm.

Shape: oval, often with buds.

Colour: reddish-brown after staining with iodine solution.

Content: often an eccentric cluster of 3–6 small granules.

Some forms of fungi (arthrospores) are rectangular, with a very clear oval cyto-
plasm inside.


Blastocystis hominis (yeast) (Fig. 4.36)
Size: 5–20mm (average 10mm)."
C_0137_001,DOC_WHO_2003,P_0137,137,125,1,0,220,0,1516,220,9912b3dbb89655a35efe0bf86fe51ddbb9204fa282d9d864a9d85a132bc2929d,"4. Parasitology 125




Shape: round or oval, sometimes with angular irregular edges.

Colour: very shiny when unstained; the vacuole is not stained
by iodine solution, but the periphery is pale yellow.

Content: one large vacuole taking up almost the whole cell;
the compressed cytoplasm forms a granular ring round it.

Some physicians request that the presence of B. hominis be
reported, particularly in children’s stools.

Fig. 4.35 Fungi
Leukocytes (white blood cells) (Fig. 4.37)
Size: 10–20mm.

Shape: round or slightly elongated, with an irregular outline.

Nucleus: indistinct, sometimes with a star-shaped “false
karyosome”.

Content: shiny cytoplasm, clear and granular with tiny vacuoles.


Pus (Fig. 4.38)
Pus appears to the naked eye as opaque, greyish streaks (not
transparent like mucus). Under the microscope it appears as
a mass of degenerated leukocytes.

The presence of pus should be reported as it is a sign of
Fig. 4.36 Blastocystis hominis
infection.





Fig. 4.37 Leukocytes Fig. 4.38 Pus



4.4 Intestinal helminths

Helminth infections cause a variety of clinical symptoms including abdominal
cramps, fever, weight loss, vomiting, appendicitis, blood loss, anaemia and eosino-
philia. There are three groups of medically important helminths:

— nematodes (roundworms)

— cestodes (tapeworms)

— trematodes (flukes).

Helminth infections are usually diagnosed by detecting eggs and larvae. Less fre-
quently, infections are diagnosed by detecting adult worms (e.g. Ascaris lumbricoides
and"
C_0137_002,DOC_WHO_2003,P_0137,137,125,2,180,244,1219,1693,64,68355ced1f6eeb36dcf77f4bcc9e027a94a7b9627394670cc35895bb608731b8,"are three groups of medically important helminths:

— nematodes (roundworms)

— cestodes (tapeworms)

— trematodes (flukes).

Helminth infections are usually diagnosed by detecting eggs and larvae. Less fre-
quently, infections are diagnosed by detecting adult worms (e.g. Ascaris lumbricoides
and Enterobius vermicularis) or proglottids (segments) of adult worms (e.g. Taenia
saginata and T. solium). However, for most helminth infections, eggs are used for
identification."
C_0138_001,DOC_WHO_2003,P_0138,138,126,1,0,220,0,1319,220,b508cddc4b51bb023b810f2b1d67a9324be0921337c5e7abafb4bfd240bab4e1,"126 Manual of basic techniques for a health laboratory



4.4.1 Identification of eggs

The characteristics used to identify eggs of helminth species are as follows:


Size

The length and width are measured and are generally within a specific range.


Shape

Each species has its own particular shape.


Stage of development when passed

The eggs of some species consist of a single cell, some eggs have several cells, and
some eggs are usually embryonated, i.e. they contain a larva.

Occasionally, if stool specimens are 1–2 days old, eggs may develop to more
advanced stages. Ascaris lumbricoides (roundworm) eggs usually have only one cell
when passed in the faeces; however, the single cell may divide and, in specimens
over 12 hours old, eggs with two or four cells may be seen.

Ancylostoma duodenale or Necator americanus (hookworm) eggs present in speci-
mens that are several hours old may contain 16, 32 or more cells. After 12–24
hours, the eggs may be embryonated and later still the larvae may hatch.

When observing the stage of development of helminth eggs, be sure that the stool
specimen is freshly passed. If it is several hours or a day old, expect to see changes
in the stage of development of some species. Ideally only fresh samples should be
accepted for diagnosis.


Thickness of the egg shell"
C_0138_002,DOC_WHO_2003,P_0138,138,126,2,180,400,1092,2441,220,5db800c0019f1c83f4169ab66736f6db379ea73bd168f733e81b3a25a7768d2f,"stool
specimen is freshly passed. If it is several hours or a day old, expect to see changes
in the stage of development of some species. Ideally only fresh samples should be
accepted for diagnosis.


Thickness of the egg shell

The eggs of some species such as Ascaris lumbricoides have thick shells, whereas
others such as Ancylostoma duodenale or Necator americanus have thin shells.


Colour

The eggs of some species such as Ancylostoma duodenale, Necator americanus and
Enterobius vermicularis are colourless, whereas others such as Ascaris lumbricoides
and Trichuris trichiura are yellow or brown.


Other characteristics

The presence of characteristics such as opercula (lids), spines, plugs, hooklets or
mammilated outer coats can also be aids to identification.

If an egg or an object that looks like an egg is found, the above-mentioned charac-
teristics should be carefully observed in order to make a specific identification.
Occasionally, atypical or distorted eggs are seen. In such cases, it is necessary to
look for more typical forms in order to make a reliable diagnosis. Remember that
more than one species of helminth may be present in a patient.


Measurement of eggs

G 1 micrometre (1mm) = 0.001mm.

The size in mm given in this manual is that of the long side of the egg.

The size can be estimated by comparison with that"
C_0138_003,DOC_WHO_2003,P_0138,138,126,3,360,406,2237,2484,46,195df9d55476612b69641ab6584b1701faab6d9b03ee0ff10ca543718542f639,"be present in a patient.


Measurement of eggs

G 1 micrometre (1mm) = 0.001mm.

The size in mm given in this manual is that of the long side of the egg.

The size can be estimated by comparison with that of an erythrocyte, which
measures 7.5–8mm."
C_0139_001,DOC_WHO_2003,P_0139,139,127,1,0,220,0,1245,220,e7cb2cd1ee711bcd032c7ee32d2476f34b8475eb785e51da4d6a6d9db5ee62e6,"4. Parasitology 127




G The size can be assessed in relation to the microscope field:

— if a ¥10 objective is used, the egg takes up about one-tenth of the field
— if a ¥40 objective is used, the egg takes up about one-third of the field.

G The egg can be measured by inserting a micrometer scale slide in the eyepiece
of the microscope. One division of the scale using the ¥10 objective and the ¥10
eyepiece = 1mm.

G Another method of measuring is to compare the egg with one of another species
common in the locality whose size under the microscope is known (e.g. Ascaris
lumbricoides).


How to recognize eggs

The method recommended is:

G Establish the probable identity of the egg from its general appearance.

G Make a systematic study of all the characteristics of the egg to confirm its
identity. In order to gain experience (if possible, under the guidance of an
instructor):
— study the different eggs found in your locality;
— identify, one by one, all the characteristics of each egg as described in this
manual.

Table 4.5 lists the helminth species whose eggs are found in stools.

The terms used for the identification of helminth eggs and a key to their identifica-
tion are given in Figs. 4.39 and 4.40, respectively. Fig."
C_0139_002,DOC_WHO_2003,P_0139,139,127,2,180,364,1015,2120,184,b6b68ec3b9ddcd2b4160968a9f7ef49b5da37f6bfe87bfacbb132ce80ea2b9ad,"in this
manual.

Table 4.5 lists the helminth species whose eggs are found in stools.

The terms used for the identification of helminth eggs and a key to their identifica-
tion are given in Figs. 4.39 and 4.40, respectively. Fig. 4.41 shows the relative sizes
of helminth eggs.


Ancylostoma duodenale

Size: 50–80mm.

Shape: oval with rounded slightly flattened poles (one pole often more flattened
than the other).

Shell: very thin; appears as a black line.

Content: varies according to the degree of maturity.

Colour: pale grey; dark brown after staining with iodine solution.


Type A (in fresh stools) (Fig. 4.42)

Four, eight or 16 grey granular cells, clear but not shiny (blastomeres).


Type B (in stools a few hours old) (Fig. 4.43)

A uniform mass of many small grey granular cells.


Type C (in stools 12–48 hours old) (Fig. 4.44)

The whole of the egg is filled by a small larva (the future worm), wrapped around
itself. The egg is “embryonate”.


Ascaris lumbricoides

There are four types of Ascaris egg:

G A: fertilized egg with double shell.

G B: unfertilized egg with double shell."
C_0140_001,DOC_WHO_2003,P_0140,140,128,1,0,220,0,1769,220,48f244488a847b1c9cbe87924abbe17e29a396f096f4656cd3c1bef7f9872b2e,"128 Manual of basic techniques for a health laboratory




Table 4.5 Helminth species whose eggs are found in stools

Scientific name Geographical distribution

Ancylostoma duodenale Worldwide

Ascaris lumbricoides Worldwide

Clonorchis sinensis South-east Asia

Dicrocoelium dendriticum, Dicrocoelium hospes Worldwide

Diphyllobothrium latum Worldwide

Dipylidium caninum Worldwide

Enterobius vermicularis Worldwide

Fasciola gigantica Worldwide

Fasciola hepatica Worldwide

Fasciolopsis buski Eastern and southern Asia

Heterophyes heterophyes South-east Asia, eastern Mediterranean

Hymenolepis diminuta Worldwide

Hymenolepis nana Worldwide

Metagonimus yokogawai Eastern and southern Asia, central and eastern Europe

Necator americanus Worldwide

Opisthorchis felineus Eastern and southern Asia, central and eastern Europe

Paragonimus westermania Central Africa, South America, eastern and southern Asia

Schistosoma haematobiumb Africa, eastern Mediterranean

Schistosoma intercalatum Africa

Schistosoma japonicum Eastern and southern Asia

Schistosoma mansoni Africa (south of the Sahara), Central and South America,
the Caribbean

Schistosoma mekongi South-east Asia

Strongyloides stercoralis c Worldwide

Taenia saginata Worldwide

Taenia solium Worldwide

Trichostrongylus (various species) Asia

Trichuris trichiura Worldwide

a Found mainly in sputum.
b Found mainly in urine.
c Found mainly as larvae in stools.


G C: semi-decorticated fertilized egg (less frequent).

G D: semi-decorticated unfertilized egg (very rare).


Type A. Fertilized egg with double shell (Fig. 4.45)

Size: 45–70mm.

Shape: oval or sometimes round.

Shell: the two shells are distinct:

— the external shell is rough, brown and covered with small lumps
(mamillated)

— the"
C_0140_002,DOC_WHO_2003,P_0140,140,128,2,180,245,1525,1935,65,f5bbcae74ab0fef92bd710c9d1b5279bbbdb141ec333cd1838e1763da258792e,"egg (very rare).


Type A. Fertilized egg with double shell (Fig. 4.45)

Size: 45–70mm.

Shape: oval or sometimes round.

Shell: the two shells are distinct:

— the external shell is rough, brown and covered with small lumps
(mamillated)

— the internal shell is smooth, thick and colourless.

Content: a single round granular central mass.

Colour: external shell — brown; content — colourless or pale yellow."
C_0141_001,DOC_WHO_2003,P_0141,141,129,1,0,13,0,85,13,a9d13a8e6c8dfaacb1cb69ece3d102e32416e3c75a74298c79afcb718e7b4eb6,"4. Parasitology 129





Fig. 4.39 Terms used for the identification of helminth eggs"
C_0142_001,DOC_WHO_2003,P_0142,142,130,1,0,212,0,1428,212,6e8e11b127651e6361bf2a168e5966d82d714a90928a555832e13e822f11f3ce,"130 Manual of basic techniques for a health laboratory



Eggs


Not Encapsulated? Encapsulated Dipylidium caninum
encapsulated (30–40 μm x 25–50 μm)

With or Without plugs
without
plugs?
With or without Without With or without
operculum? operculum spine?

With operculum


Length of egg?


Length With or without Without Elongated Opisthorchis felineus
<35 μm shouldering? shouldering (25–35 μm x (posterior end with
8–12 μm) pointed terminal knob)
Thin shell Metagonimus
(25–30 μm x yokogawai
15–20 μm)
With Marked shouldering Clonorchis sinensis
shouldering (25–45 μm x 10–22 μm) (posterior end broad
and round)
Less distinct shouldering, Heterophyes heterophyes
broad operculum (small knob at posterior end)
(25–30 μm x 15–17 μm)
Length Ovoid, thick shell, golden Diphyllobothrium latum
35–120 μm yellow, not embryonated
(55–80 μm x 40–50 μm)
Ovoid, thick shell, golden Flattened Yes Paragonimus westermani
brown, not embryonated operculum? (65–120 μm x 40–50 μm)

No Echinostoma sp.
(80–120 μm x 55–90 μm)

Length >120 μm Fasciola hepatica
Ovoid, thick shell, (130–145 μm x 70–90 μm)
yellowish brown
Fasciolopsis buski
(125–140 μm x 70–90 μm)

With plugs Clearly protruding plugs Trichuris trichiura
(50–65 μm x 20–30 μm)

No clearly protruding Slightly narrowing No Capillaria hepatica
plugs, lemon-shaped in middle?
(35–45 μm x 20–30 μm)
Yes Capillaria philippinensis

Fig. 4.40 Key to the identification of helminth eggs"
C_0143_001,DOC_WHO_2003,P_0143,143,131,1,0,3,0,19,3,889bde865d1b6038aeb805b1ccb1e54f96ed46884943bf0875ab2fbaa3e859e8,4. Parasitology 131
C_0144_001,DOC_WHO_2003,P_0144,144,132,1,0,24,0,162,24,f7946cb64d4f4761ac90e5474bd8534ce004c72b2907075caf6526149bcf1177,"132 Manual of basic techniques for a health laboratory





omitted.
been
have
mekongi
S.
eggsa and
helminth of intercalatum
sizes
Relative aSchistosoma
4.41
Fig."
C_0145_001,DOC_WHO_2003,P_0145,145,133,1,0,200,0,1366,200,041f58915900090abe943ec8eea159c915034fc2f50845ef4cf75d408a19d65f,"4. Parasitology 133





Fig. 4.42 Ancylostoma duodenale eggs Fig. 4.43 Ancylostoma duodenale Fig. 4.44 Ancylostoma duodenale
in fresh stools egg in stools a few hours egg in stools 12–48 hours
old old





Fig. 4.45 Fertilized Ascaris Fig. 4.46 Unfertilized Ascaris Fig. 4.47 Semi-decorticated Fig. 4.48 Semi-decorticated
lumbricoides egg lumbricoides egg fertilized Ascaris unfertilized Ascaris
with double shell with double shell lumbricoides egg lumbricoides egg


Type B. Unfertilized egg with double shell (Fig. 4.46)

Size: 45–90mm (larger than type A).

Shape: more elongated than type A (elliptical or irregular).

Shell: the two shells are indistinct:

— the external shell is brown and puffy, with rather jagged lumps

— the internal shell is thin (one or two lines may be visible).

Content: the egg is full of large, round, very shiny granules.


Type C. Semi-decorticated fertilized egg (Fig. 4.47)

Similar to type A but without the external shell.

Shell: single, smooth, thick and colourless (or very pale yellow).

Content: a single round, colourless, granular central mass.


Type D. Semi-decorticated unfertilized egg (Fig. 4.48)

Shell: single, smooth, thin and colourless (double line).

Content: large, roundish, colourless, shiny granules.


Caution: Do not confuse type D with Ancylostoma duodenale, Fasciola spp. or
Fasciolopsis buski eggs."
C_0146_001,DOC_WHO_2003,P_0146,146,134,1,0,220,0,1439,220,6119fa1b147f62badedb02969bc05ca5714fec6ef3fcb49fafd6a61ff8a55f8b,"134 Manual of basic techniques for a health laboratory




Clonorchis sinensis (Fig. 4.49)

Size: 25–45mm.

Shape: distinctive.

Shell: fine and smooth but quite thick (double line).

Operculum: easily visible at the narrow end of the egg, fitting into a thickened rim of
Fig. 4.49 Clonorchis sinensis
the shell. eggs
B: boss. Boss: a small knob at the wide end of the egg.

Content: a well-organized ciliated embryo.

Colour: shell — yellowish-brown, content — pale yellow.


Dicrocoelium spp.

Size: 35–50mm.

Shape: oval, rather asymmetrical.

Shell: thick, smooth and yellow, orange or light brown.

Operculum: easily visible.


Type A. Eggs in passage1 (form most often found; Fig. 4.50)

Shell: yellow, orange or light brown.

Content: an indistinct dark yellow oval mass, often with 1–4 shiny globules.





Fig. 4.50 Dicrocoelium sp. egg in Fig. 4.51 Dicrocoelium sp. egg from
passage infected patient
O: operculum.


Type B. Eggs from infected patient (very rare; Fig. 4.51)

Shell: uniform dark brown.

Content: a ciliated embryo.


Diphyllobothrium latum (Fig. 4.52)

Size: 55–80mm.

Shape: oval.

Shell: smooth and thick.

Operculum: scarcely visible when not raised.

Boss: very small, at the opposite end to the operculum.

Content: a mass of small cells around a large central cell.

Colour: pale yellow.


Fig. 4.52 Diphyllobothrium
latum egg 1Observed when the patient has eaten sheep or beef liver infected by the flukes."
C_0146_002,DOC_WHO_2003,P_0146,146,134,2,180,263,1199,1677,83,0c59bc410ccac894fa27e329c20f6a40de169bdbf781d5108a06034a5399514d,"at the opposite end to the operculum.

Content: a mass of small cells around a large central cell.

Colour: pale yellow.


Fig. 4.52 Diphyllobothrium
latum egg 1Observed when the patient has eaten sheep or beef liver infected by the flukes. The eggs of the
B: boss; flukes are not digested and although they appear in the stools, the patient is not infected. Repeat
O: operculum. the examination 8 days later. Tell the patient not to eat liver or liver products in the meantime."
C_0147_001,DOC_WHO_2003,P_0147,147,135,1,0,220,0,1410,220,78f9190ae34fe3f24957442a3f6c61959c84f59e34f5daaeb92bd2dafd73d89e,"4. Parasitology 135




Dipylidium caninum (Fig. 4.53)

Dipylidium caninum eggs are found in clusters of 6–20
enclosed in a fine membrane.

Size: 30–40mm (the cluster is 150–300mm).

Shape: round.

Shell: thick and slightly granulated, without striations.

Content: a single uniform granular mass with three pairs of
shiny hooklets arranged in the shape of a fan.

Colour: yellow or pale grey.


Fig. 4.53 Dipylidium
Enterobius vermicularis (Fig. 4.54) caninum eggs
Size: 50–60mm.

Shape: oval but clearly asymmetrical (flattened on one side,
rounded on the other).

Shell: smooth and thin, but a double line is visible.

Content: either (a) a small, granular mass in the shape of an
irregular oval, or (b) the embryo of the worm, a small
curled-up larva.

Colour: colourless.

E. vermicularis eggs are usually more easily found in the folds Fig. 4.54 Enterobius
vermicularis eggsof skin around the anus than in the faeces (see below).


Technique for the collection and examination of eggs

Principle
The eggs of Enterobius vermicularis (pinworm) are usually
collected (particularly in children) from the folds of skin
around the anus. They rarely appear in the stools.


Materials and reagents
G Microscope

G Microscope slides

G Test-tubes

G Pasteur pipette
G Adhesive cellophane tape Fig. 4.55 Preparation of slide for collection
of pinworm eggs
G Spoon 10cm long or, better, a wooden tongue depressor

G"
C_0147_002,DOC_WHO_2003,P_0147,147,135,2,180,301,1159,1922,121,e17b256a51d0c5cf4a212b1511b1c3d29dd348e73a7403e872987a028a8c6c20,"the stools.


Materials and reagents
G Microscope

G Microscope slides

G Test-tubes

G Pasteur pipette
G Adhesive cellophane tape Fig. 4.55 Preparation of slide for collection
of pinworm eggs
G Spoon 10cm long or, better, a wooden tongue depressor

G Cotton wool

G Sodium chloride, 0.85% solution (reagent no. 53).


Method1
1. Place a strip of cellophane tape, sticky side down, on a
slide, as shown in Fig. 4.55.

2. Place the spoon handle against the underside of the slide
Fig. 4.56 Positioning the spoon handle underneath
(Fig. 4.56). the slide




1Based on Melvin D, Brooke M. Laboratory procedures for the diagnosis of intestinal parasites. At-
lanta, GA, United States Department of Health, Education and Welfare, Centers for Disease
Control, 1969:138."
C_0148_001,DOC_WHO_2003,P_0148,148,136,1,0,165,0,912,165,4b86b490ea713d7cee72dda6e918ace1c97305936abbd4e1bc6c0779c1b14ba4,"136 Manual of basic techniques for a health laboratory




3. Gently pull the tape away from the slide and loop it over the end of the spoon
handle, as shown in Fig. 4.57.

4. Hold the completed tape swab in your right hand, pressing the slide firmly against
the spoon.

5. Separate the patient’s buttocks with your left hand. Press the end of the spoon
covered with tape against the skin round the anus in several places (Fig. 4.58).

6. Take the slide and fold the tape back on to it, sticky side down (Fig. 4.59).

7. Make sure that the tape is firmly stuck flat to the slide by pressing it with a piece
of cotton wool (Fig. 4.60).

8. Examine under the microscope with the condenser aperture reduced, using the
¥10 objective. Look for eggs of E. vermicularis (see Fig. 4.54).





Fig. 4.57 Looping the tape over the end of the spoon handle





Fig. 4.58 Technique for collecting pinworm eggs from an infant"
C_0149_001,DOC_WHO_2003,P_0149,149,137,1,0,124,0,718,124,d74b639e384b8b5ea1d104c08a43976d58a1ed64edd1abc1d7a635d0b6428987,"4. Parasitology 137





Fig. 4.59 Transferring the sample to the Fig. 4.60 Making sure that the tape is firmly stuck to
slide the slide





Fig. 4.62 Transferring the
sample to a test-
Fig. 4.61 Alternative technique for collecting pinworm eggs from an infant tube


Alternative method
1. If no cellophane tape is available, use a cotton wool swab to wipe around (but
not inside) the anus (Fig. 4.61).

2. Dip the swab into a test-tube containing about 0.5ml (10 drops) of sodium
chloride solution. Rinse the swab well in the solution (Fig. 4.62).

3. Draw up the liquid with a Pasteur pipette. Transfer it to a slide (Fig. 4.63), cover
with a coverslip and examine under the microscope as described in step 8 above."
C_0150_001,DOC_WHO_2003,P_0150,150,138,1,0,220,0,1368,220,cd3295cbf9806727cccd3d5fb7c291a8dc07adddf2b3f4b03660765c31b8d831,"138 Manual of basic techniques for a health laboratory





Fig. 4.63 Transferring the sample to Fig. 4.64 Fasciola hepatica egg
a slide T: thickening; O: operculum.


Fasciola hepatica (Fig. 4.64)

Size: 130–145mm.

Shape: oval with rounded poles.

Shell: smooth and fine with a double line.

Content: a mass of large indistinct cells with clear, granular nuclei (adjust the focus).

Colour: ranges from yellow to dark brown.

Other features: finely marked operculum at one pole; the cell wall may be visibly
retracted. Thickening of a small part of the cell wall at the other pole.

Only small numbers of eggs are found in the stools (a search can be made by
duodenal aspiration in doubtful cases).


Fasciolopsis buski (Fig. 4.65)

Very similar to the eggs of Fasciola hepatica (see Fig. 4.64), but usually present in
greater numbers in the stools.

Size: 125–140mm.

Shape: oval.

Shell: thinner than F. hepatica, single line, with a marked thickening of the wall at
the opposite pole to the operculum.

Operculum: slightly smaller than F. hepatica.

Content: cells may be shiny with one clear cell in the centre of the egg.


Heterophyes heterophyes (Fig. 4.66)

Similar to the eggs of Clonorchis sinensis (see Fig. 4.49).

Size: 25–30mm.

Shape: more oval than C. sinensis; the operculum does not overlap.
Fig. 4.65 Fasciolopsis buski
egg Shell: slightly thicker"
C_0150_002,DOC_WHO_2003,P_0150,150,138,2,180,243,1106,1500,63,345173cc4d831de96e84bb2fb9a33a120ab382119675fa8000deca8b99edb308,"the centre of the egg.


Heterophyes heterophyes (Fig. 4.66)

Similar to the eggs of Clonorchis sinensis (see Fig. 4.49).

Size: 25–30mm.

Shape: more oval than C. sinensis; the operculum does not overlap.
Fig. 4.65 Fasciolopsis buski
egg Shell: slightly thicker than that of C. sinensis.
T: thickening;
O: operculum. Boss: tiny and wart-shaped, at the wider end of the egg; not always visible."
C_0151_001,DOC_WHO_2003,P_0151,151,139,1,0,220,0,1502,220,655745ce7a3b7272eb190942f1b077e98d07d6cc8bb8ec8f1bf8e12356c04983,"4. Parasitology 139





Fig. 4.66 Heterophyes heterophyes Fig. 4.67 Hymenolepis diminuta egg
eggs

Content: a mass of cells, sometimes with large shiny granules (unfertilized) or a
ciliated embryo.

Colour: yellow to dark brown.


Hymenolepis diminuta (Fig. 4.67)

Rare species (found in children’s stools).

Size: 70–90mm (much larger than H. nana).

Shape: round.

Shell: external shell thin with transverse lines; internal shell very thick without
filaments.

Content: a rounded embryo containing six hooklets arranged in fan shape.

Colour: transparent or pale yellow.


Hymenolepis nana (Fig. 4.68)

Size: 40–60mm.

Shape: oval, almost round.

Shell: double; external membrane thin and internal membrane often thicker at the
poles, with filaments coming away from both poles (reduce the intensity of the
microscope light source to see them), mixed with granules occupying the space
between the two membranes.

Content: rounded mass (embryo) with six shiny hooklets arranged in fan shape and
often some well-defined granules in the centre.

Colour: very pale grey.

Important: Record whether there are many or few eggs present.


Metagonimus yokogawai (Fig. 4.69)
Fig. 4.68 Hymenolepis nana
Similar to the eggs of Clonorchis sinensis and Heterophyes heterophyes (see Figs. 4.49 egg
and 4.66).

Size: 25–30mm.

Shape: oval, with no marked shouldering.

Shell: thicker than C. sinensis and H. heterophyes.

Operculum: more rounded than in H. heterophyes; overlapping less than in C. sinensis.

Boss:"
C_0151_002,DOC_WHO_2003,P_0151,151,139,2,180,239,1230,1617,59,3d611a0932842e7a3f04ca4fdbd7ece5ee78c5c47e3614c9eff06fea8cade7f7,"sinensis and Heterophyes heterophyes (see Figs. 4.49 egg
and 4.66).

Size: 25–30mm.

Shape: oval, with no marked shouldering.

Shell: thicker than C. sinensis and H. heterophyes.

Operculum: more rounded than in H. heterophyes; overlapping less than in C. sinensis.

Boss: tiny or invisible, at the narrower end of the egg.
Fig. 4.69 Metagonimus
Content: a ciliated embryo. yokogawai egg"
C_0152_001,DOC_WHO_2003,P_0152,152,140,1,0,220,0,1501,220,de888d5483c0afcdab3d479f34c615f50cff946db1ad3cd402518bfe66f8e44c,"140 Manual of basic techniques for a health laboratory




Necator americanus (Fig. 4.70)

Almost identical to the eggs of Ancylostoma duodenale (see Fig. 4.42).

Size: 60–80mm (slightly longer than A. duodenale).

Shape: oval with rounded flattened poles (more flattened than in A. duodenale).

Content: always contains at least eight cells (never four like A. duodenale in fresh
stools).


Fig. 4.70 Necator americanus Opisthorchis felineus (Fig. 4.71)
egg Similar to the eggs of Clonorchis sinensis (see Fig. 4.49).

Size: 25–35mm (identical to C. sinensis).

Shape: slightly narrower at the base and with less shouldering than C. sinensis; some
eggs are asymmetrical.

Operculum: less overlap than C. sinensis.

Boss: rarely visible.
Fig. 4.71 Opisthorchis
Content: a ciliated embryo. felineus eggs
It is very difficult to differentiate between the eggs of O. felineus, C. sinensis, Hetero-
phyes heterophyes and Metagonimus yokogawai:

G O. felineus: narrow, often asymmetrical, boss rarely visible.

G C. sinensis: squat shape, operculum with distinct overlap.

G H. heterophyes: squat shape, darker colour.

G M. yokogawai: thicker shell.


Paragonimus westermani (Fig. 4.72)

Eggs mainly found in sputum (if swallowed they pass into the stools).
Fig. 4.72 Paragonimus
westermani egg Size: 65–120mm (smaller than the eggs of Fasciolopsis buski).

Shape: oval, often slightly flattened on one side.

Operculum: quite distinct, with an obvious rim.

Shell: distinct thickening at the opposite end"
C_0152_002,DOC_WHO_2003,P_0152,152,140,2,180,327,1231,2216,147,4974184cf04c7ab7f2807c74c2d46944a9539bf317bf6b2475fa3d578d893d29,"pass into the stools).
Fig. 4.72 Paragonimus
westermani egg Size: 65–120mm (smaller than the eggs of Fasciolopsis buski).

Shape: oval, often slightly flattened on one side.

Operculum: quite distinct, with an obvious rim.

Shell: distinct thickening at the opposite end to the operculum.

Content: clear central space surrounded by squarish cells.

Colour: golden brown.


Schistosoma bovis (Fig. 4.73)

Eggs found in the stools of patients who have eaten infected beef.

Size: about 200mm.

Shape: spindle-shaped, with narrowed extremities extending beyond the embryo.

Fig. 4.73 Schistosoma bovis Spine: long terminal spine.
egg
Content: small round embryo lying in the centre of the egg but not filling it.

S. bovis does not cause disease in humans.


Schistosoma haematobium (Fig. 4.74)

Eggs found in urine (for detection, see section 7.2.8) and occasionally in stools.

Size: 110–150mm.

Shape: oval, with one well-rounded pole.

Spine: terminal and situated at the other pole."
C_0153_001,DOC_WHO_2003,P_0153,153,141,1,0,220,0,1530,220,7e2a0dde97f2efa5732c5341a11c6519145333ca48efa7d8cdba96c0608187b7,"4. Parasitology 141




Shell: smooth, very thin.

Content: a well-formed broad ciliated embryo surrounded by a membrane (internal
shell).

Colour: grey or pale yellow.


Schistosoma intercalatum (Fig. 4.75)

Similar in appearance to S. haematobium (see Fig. 4.74), but found in stools.

Size: 140–180mm (slightly larger than S. haematobium).

Shape: spindle-shaped; less broad than S. haematobium (sides particularly flattened
towards the rounded pole).
Fig. 4.74 Schistosoma
Spine: terminal spine; longer and more tapered than S. haematobium. haematobium egg
S: spine.
Content: a ciliated embryo surrounded by a membrane with two depressions or
indentations, one on each side near the middle.


Schistosoma japonicum (Fig. 4.76)

Size: 70–100mm.

Shape: oval, almost round.

Spine: difficult to see, lateral and very small; may be hidden by small granules often
found on the surface of the egg.

Content: a broad ciliated embryo.

Colour: transparent or pale yellow.


Fig. 4.75 Schistosoma
Schistosoma mansoni (Fig. 4.77) intercalatum egg
Size: 110–180mm. D: depression;
S: spine.
Shape: oval, with one well-rounded pole and one conical pole.

Spine: lateral, near the rounded pole; large and triangular (if hidden underneath,
adjust the focus of the microscope).

Shell: smooth, very thin.

Content: a broad ciliated embryo, surrounded by a membrane (internal shell) as in
all Schistosoma spp.

Colour: pale yellow.


Cellophane faecal thick-smear technique for diagnosis of Schistosoma Fig. 4.76 Schistosoma
mansoni infection"
C_0153_002,DOC_WHO_2003,P_0153,153,141,2,180,337,1241,2318,157,4c89c6b78b12b80e4cb95651dbe7b886b2a72b4f3c6c7071288651bced833569,"focus of the microscope).

Shell: smooth, very thin.

Content: a broad ciliated embryo, surrounded by a membrane (internal shell) as in
all Schistosoma spp.

Colour: pale yellow.


Cellophane faecal thick-smear technique for diagnosis of Schistosoma Fig. 4.76 Schistosoma
mansoni infection (Kato–Katz technique) japonicum egg
G: granules;
The Kato–Katz technique has proved to be an efficient means of diagnosing S: spine.
S. mansoni and certain other intestinal helminth infections. The slides can be pre-
pared in the field, stored in microscope-slide boxes, and shipped great distances,
for examination at a central laboratory if required. The technique is not suitable for
diagnosing strongyloidiasis or infections with Enterobius vermicularis or protozoa.


Materials and reagents
G Flat-sided applicator stick, wooden

G Screen, stainless steel, nylon or plastic, 60–105 mesh

G Template, stainless steel, plastic or cardboard

G Microscope

G Microscope slides Fig. 4.77 Schistosoma
mansoni egg
G Cellophane, 40–50mm thick, in strips 25mm ¥ 30mm or 25mm ¥ 35mm S: spine."
C_0154_001,DOC_WHO_2003,P_0154,154,142,1,0,220,0,1326,220,c6ce7083a907b96c64ca287d4a6fd601f756cb0f85c06144cde9c3dd8e9f10d4,"142 Manual of basic techniques for a health laboratory




G Flat-bottomed jar

G Forceps

G Toilet paper or absorbent tissue

G Scrap paper (e.g. newspaper)

G Glycerol–malachite green solution (reagent no. 31) or methylene blue solution
(reagent no. 39).


Method
Important: Care must be taken to avoid contamination during collection of stool
specimens. Always wear gloves.

1. Soak the cellophane strips in the glycerol–malachite green (or methylene blue)
solution for at least 24 hours before use.

2. Transfer a small amount (approximately 0.5g) of faeces on to a piece of scrap
paper (newspaper is ideal).

3. Press the screen on top of the faecal sample.

4. Using the applicator stick, scrape across the upper surface of the screen to sieve
the faecal sample (Fig. 4.78).

5. Place the template on a clean microscope slide. Transfer the sieved faecal material
into the hole of the template and level with the applicator stick (Fig. 4.79).

6. Remove the template carefully so that all the faecal material is left on the slide
and none is left sticking to the template.

7. Cover the faecal sample on the slide with a glycerol-soaked cellophane strip
(Fig. 4.80).

8. If any glycerol is present on the upper surface of the cellophane, wipe it off with
a small piece of absorbent tissue.

9. Invert the microscope slide"
C_0154_002,DOC_WHO_2003,P_0154,154,142,2,180,265,1092,1582,85,e2da96c589dcacabcdc35be9d39abdcc79502e5ba883a439547bc674f60c22ae,"faecal sample on the slide with a glycerol-soaked cellophane strip
(Fig. 4.80).

8. If any glycerol is present on the upper surface of the cellophane, wipe it off with
a small piece of absorbent tissue.

9. Invert the microscope slide and press the faecal sample against the cellophane
on a smooth surface (a piece of tile or flat stone is ideal) to spread the sample
evenly.





Fig. 4.78 Using an applicator stick, scrape across the upper surface of the screen to sieve
the faecal sample"
C_0155_001,DOC_WHO_2003,P_0155,155,143,1,0,220,0,1402,220,ccd80b473b2d7fcf4c23bfd8c484ba381de898907dc83367fe53f3d9fb00d041,"4. Parasitology 143





Fig. 4.79 Filling the template with the sieved faecal sample


10. Do not lift the slide straight up or it may separate from
the cellophane. Gently slide the microscope slide
sideways while holding the cellophane.

Preparation of the slide is now complete. Wipe off any excess
glycerol with a piece of absorbent tissue to ensure that the
cellophane stays fixed. With practice you can obtain perfect
preparations.


Strongyloides stercoralis (Fig. 4.81)

S. stercoralis eggs are rarely seen in formed stools because
they hatch before evacuation to produce larvae. They may,
however, be found in liquid stools (and occasionally in the
formed stools of carriers of certain strains).
Fig. 4.80 Covering the faecal sample with a glycerol-
S. stercoralis eggs are very similar to those of Ancylostoma soaked cellophane strip
duodenale (see Fig. 4.42).

Size: 50–80mm (slightly smaller than A. duodenale).

Shape: oval with slightly flattened poles.

Shell: very thin; appears as a black line.

Content: a thick larva curved around itself one or more times and sometimes motile.

Colour: pale grey; dark brown after staining with iodine solution.

Fig. 4.81 Strongyloides
Taenia saginata and T. solium (Fig. 4.82(a)) stercoralis eggs

The “eggs”1 of these two tapeworms are practically identical. They may be found in
stools and eggs of T. saginata can also be collected from the skin"
C_0155_002,DOC_WHO_2003,P_0155,155,143,2,180,276,1155,1778,96,b8619ccca3b322c80e9f9c729625a5ed903746143fff91b3ad2a641bd318ae0f,"solution.

Fig. 4.81 Strongyloides
Taenia saginata and T. solium (Fig. 4.82(a)) stercoralis eggs

The “eggs”1 of these two tapeworms are practically identical. They may be found in
stools and eggs of T. saginata can also be collected from the skin around the anus
(see page 136).

Size: 30–80mm.

Shape: round.

Shell: very thick, smooth, with transverse lines (reduce the illumination).

Content: a round granular mass enclosed by a fine membrane, with three pairs of
shiny lancet-shaped hooklets (adjust the focus).



1The correct name for these “eggs” is “embryophores”, embryonated eggs that have lost their
outer sac."
C_0156_001,DOC_WHO_2003,P_0156,156,144,1,0,220,0,1492,220,0f6e72374d1bef2142661115223b2d56a73fb117da7c6707b78c3776ea5142b4,"144 Manual of basic techniques for a health laboratory




Colour: shell — dark yellowish-brown, content — light yellowish-grey.

Other features: sometimes the egg is enclosed in a floating transparent sac (Fig.
4.82(b)).


Trichostrongylus spp. (Fig. 4.83)

Quite similar to eggs of Ancylostoma duodenale (see Fig. 4.42).

Size: 75–115mm (slightly larger than A. duodenale).

Shape: oval, asymmetrical, with one rounded pole and one narrower pole.

Shell: very thin and smooth (similar to A. duodenale).

Content: a mass of at least 20 small round granular cells (in fresh stools). The egg
quickly develops into an embryo.

Colour: yellowish-brown.


Trichuris trichiura (Fig. 4.84)

Size: 50–65mm.

Shape: barrel-shaped.
Fig. 4.82 Taenia spp. eggs Shell: fairly thick and smooth, with two layers.
a: Normal egg;
b: egg enclosed Content: a uniform granular mass (sometimes divided in old stools).
in a floating
transparent sac. Colour: shell — orange; content — yellow.

Other features: a rounded, transparent plug at each pole.

Important: Specify whether there are many or few eggs present.


Features not to be mistaken for eggs

Starch granules from plants (Fig. 4.85)

Size: 50–100mm.

Shape: round or oval and elongated.

Shell: thick in places, very irregular, with cracks.

Content: masses of starch packed closely.

Colour: whitish or greyish-yellow; violet after staining with iodine solution.





Fig. 4.83 Trichostrongylus Fig. 4.84 Trichuris trichiura Fig. 4.85 Starch granules"
C_0156_002,DOC_WHO_2003,P_0156,156,144,2,180,225,1199,1518,45,167bb90043139fe52ffd857e5d5c780c5b9c3e554898eae8be048666b6fa0b5e,"round or oval and elongated.

Shell: thick in places, very irregular, with cracks.

Content: masses of starch packed closely.

Colour: whitish or greyish-yellow; violet after staining with iodine solution.





Fig. 4.83 Trichostrongylus Fig. 4.84 Trichuris trichiura Fig. 4.85 Starch granules
sp. eggs eggs from plants"
C_0157_001,DOC_WHO_2003,P_0157,157,145,1,0,173,0,1128,173,ebd1c5f72de1a3afdc402f54c47b127c9d98e15d826e2c95b2e04037a3119ace,"4. Parasitology 145




These granules are the residue of starchy foods such as potatoes, beans,
yams and cassava.


Digested meat fibres (Fig. 4.86)

Size: 100–200mm.

Shape: oval or rectangular with rounded corners.

Content: transparent with no granulations or lines (or residual lines where
meat is not properly digested).

Colour: yellow.


Fig. 4.86 Digested meat fibres
Soaps (Fig. 4.87)

Size: 20–100mm.

Shape: round, oval or irregular (like a section of a tree trunk).

Content: lines radiating from the centre and visible near the rim; nothing
in the centre.

Colour: brownish-yellow or colourless.


Air bubbles and oil droplets (Figs. 4.88 and 4.89)

Size: variable (can be any size).

Shape: perfectly round.
False shell: a circular ring, very shiny (several layers in the case of oil). Fig. 4.87 Soap

Content: none.


Plant hairs (Fig. 4.90)

Size: very variable (50–300mm).

Shape: rather rigid, often curved; wide and clean-cut at one end, tapered at the
other.

Content: a narrow empty central canal between two transparent shiny layers.

Colour: pale yellow.





Fig. 4.88 Air bubbles Fig. 4.89 Oil droplets"
C_0158_001,DOC_WHO_2003,P_0158,158,146,1,0,220,0,1432,220,03fa874c63267dcc9f249dd43bd750aac1c00c45ecee08fc0536f66bedba8dea,"146 Manual of basic techniques for a health laboratory




Pollen grains and fungus spores (Fig. 4.91)

Size: very variable, depending on the geographical area and the local diet.

Shape: distinctive geometrical shapes.

Other features: distinctive saw-like or rounded projections, etc.


4.4.2 Identification of adult helminths

Adult helminths brought to the laboratory for identification may have been found
in stools, in clothing or bed linen, or during a surgical operation.

What to examine:

— their length

— their shape

— whether they are flat or segmented

— whether they are cylindrical (round)

— their internal structure.


Common helminths
Fig. 4.90 Plant hairs Ascaris lumbricoides (roundworm) (Fig. 4.92)

Length: male — about 15cm, with a curved tail; female — 20–25cm, with a straight
tail.

Colour: pinkish.





Fig. 4.91 Pollen grains and fungus spores


Enterobius vermicularis (pinworm or threadworm) (Fig. 4.93)

Length: male — 0.5cm; female — 1cm, with a very pointed tail (males are less
common).

Colour: white.

Pinworms or threadworms are found in large numbers, especially in children’s
stools, and are motile. They may also be found in the folds of skin around the anus,
where they can be collected with a strip of adhesive cellophane (see section 4.4.1,
page 135).


Taenia saginata (beef tapeworm) and T. solium (pork tapeworm)

Length: total worm, 3–10m, but single mature segments (1–3cm long) or"
C_0158_002,DOC_WHO_2003,P_0158,158,146,2,180,233,1181,1517,53,5bd829f9f0131b6e7ee2ed2018f2833b45885de5018e7d85d41e9c343383641c,"skin around the anus,
where they can be collected with a strip of adhesive cellophane (see section 4.4.1,
page 135).


Taenia saginata (beef tapeworm) and T. solium (pork tapeworm)

Length: total worm, 3–10m, but single mature segments (1–3cm long) or frag-
ments of the chain (variable in length) are usually presented for examination."
C_0159_001,DOC_WHO_2003,P_0159,159,147,1,0,209,0,1250,209,7b2aaa0edb6f8057b7959d89482fa11ec373fcd98aa5fd49a22b5116ce582be5,"4. Parasitology 147





Fig. 4.92 Adult Ascaris lumbricoides (roundworm) Fig. 4.93 Adult Enterobius vermicularis (pinworm or
threadworm)

Colour: ivory white (T. saginata) or pale blue (T. solium).

Important: If there is a delay in examination, separate pieces may dry out and roll
up, making them look like roundworms. Moisten them with water to restore their
shape.


Examination

Materials and reagents
G Microscope or magnifying glass

G Microscope slides

G Petri dish

G Forceps.


Method
G Examine a chain of segments to observe the arrangement
of the lateral pores (Fig. 4.94).

G Examine a single segment gently flattened between two
slides (Fig. 4.95).

Hold the slide against the light to observe and count the uterine
branches with the naked eye.

To examine the head (scolex):

1. Place the whole worm in a Petri dish (or on a plate) filled
with water.

2. Using forceps, transfer the worm little by little into another
dish (Fig. 4.96); untangle it, starting with the thicker end.

3. If at the end of a very narrow section (the neck) you find a
swelling the size of a small pinhead, examine it under the
microscope with the ¥10 objective or with a magnifying
glass. (The head is rarely found.) Fig. 4.94 Segments of adult Taenia spp."
C_0160_001,DOC_WHO_2003,P_0160,160,148,1,0,136,0,887,136,d7dfe748c18c862d2411a0b2c8214aad9d3ad69ccb55297bc77e76aa8563d341,"148 Manual of basic techniques for a health laboratory





Fig. 4.95 Flattening a segment between two slides





Fig. 4.96 Using forceps to transfer a tapeworm


Figure 4.97 shows how to differentiate between T. saginata and T. solium and two
less common tapeworms, Hymenolepis nana and Dipylidium caninum.


Other helminths found in stools

The helminths described below are rarely found in the stools. They are, however,
occasionally found in a patient’s organs during a surgical operation. Flukes are
seen in the liver and intestines and hydatid cysts are observed in the liver and lungs.


Ancylostoma duodenale and Necator americanus (hookworm) (Fig. 4.98)

A roundworm (resembles a piece of thread) similar to E. vermicularis (see Fig. 4.93).

Length: 1.0–1.5cm.

Colour: white, or red if it contains blood.

Examine the head (scolex) under the microscope with the ¥10 objective."
C_0161_001,DOC_WHO_2003,P_0161,161,149,1,0,11,0,79,11,3eda500e9a3a8200ff7d60f8822e24f228fcd9021b10174445f9ce63f3aeaa02,"4. Parasitology 149





Fig. 4.97 Features for the identification of tapeworms"
C_0162_001,DOC_WHO_2003,P_0162,162,150,1,0,96,0,680,96,4c67bd8817cc8b493e2796fe523404bb0f48caacbb198fedf6e9e5ee94496f91,"150 Manual of basic techniques for a health laboratory





Fig. 4.98 Adult Ancylostoma duodenale and Necator americanus (hookworm)





Fig. 4.99 Adult Trichuris trichiura (whipworm)


Trichuris trichiura (whipworm) (Fig. 4.99)

A small thin worm that lives in the wall of the caecum or occasionally the rectum.

Length: 3–5cm.

Colour: white.


Flukes (Fig. 4.100)

A flatworm with two suckers; it looks like a leaf.


Large fluke
Length: 2–3cm.

Width: fairly broad.

Colour: reddish-brown or dull white.


Small fluke
Length: 0.5–1.0cm.

Width: narrow.

Colour: transparent, greyish-red.


Schistosoma spp. (blood flukes) (Fig. 4.101)

Fig. 4.100 Flukes A small thin flatworm."
C_0163_001,DOC_WHO_2003,P_0163,163,151,1,0,128,0,868,128,abb4b515ac41cebe09525f6ff42f03dc040a3e8dddf0735591ae4689aaf69a33,"4. Parasitology 151





Fig. 4.101 Schistosomes





Fig. 4.102 Hydatid cysts


Length: 0.5–1.5cm.

Colour: white.

The flat male is rolled around the thread-like female, which is slightly longer. Each
schistosome has two suckers near the head.


Echinococcus granulosus (hydatid cyst)

Echinococcus granulosus worms are found in dogs. The worms are 3–6mm long.
Humans and livestock may become infected by accidental ingestion of the eggs,
which then develop into hydatid cysts in the liver or lungs (Fig. 4.102).

Size: about 150mm.

Shape: round, irregular or oval, with one pole slightly flattened.

Content: fine granules and a distinct ring of 10–30 hooklets.

Colour: colourless and transparent.

Hydatid disease occurs preferentially in areas where sheep are bred, such as East
and North Africa, South America, the Arabian peninsula, Australia and New
Zealand."
C_0164_001,DOC_WHO_2003,P_0164,164,152,1,0,220,0,1588,220,3794236da4b0573344c6ef4c5798f636c924c006d12f9d8d85d66603bff8cbd5,"152 Manual of basic techniques for a health laboratory




Diphyllobothrium latum (fish tapeworm)

Diphyllobothrium latum is found mainly in cold climates. Infection occurs through
eating raw or inadequately cooked fish and can result in intestinal obstruction,
anaemia, pain and weight loss.

Length: up to 20m.


4.5 Techniques for concentrating parasites

Concentration techniques are used when the number of helminthic ova or larvae,
or protozoal cysts or trophozoites, is small. Four different concentration techniques
are described in this book:

— the flotation technique using sodium chloride solution (Willis)

— the formaldehyde–ether sedimentation technique (Allen & Ridley)

— the formaldehyde–detergent sedimentation technique

— the sedimentation technique for larvae of Strongyloides stercoralis (Harada–
Mori).

Important: Always make a direct microscopic examination of stools before prepar-
ing a concentration. (Motile forms of protozoa are not found in concentrated
preparations.)


4.5.1 Flotation technique using sodium chloride solution (Willis)

This method is recommended for the detection of eggs of Ancylostoma duodenale
and Necator americanus (best method), Ascaris lumbricoides, Hymenolepis nana, Taenia
spp. and Trichuris trichiura.

It is not suitable for the detection of eggs of flukes and Schistosoma
spp., larvae of Strongyloides stercoralis, or protozoal cysts or
trophozoites.


Principle

The stool sample is mixed with a saturated solution of sodium
chloride (increasing the specific gravity). The eggs are lighter in
weight and float to the surface"
C_0164_002,DOC_WHO_2003,P_0164,164,152,2,180,272,1319,1913,92,b338be9ffbbc775e9d177506cef51e2ddd9634635ad22f9fca6cf0f46322de48,"and Schistosoma
spp., larvae of Strongyloides stercoralis, or protozoal cysts or
trophozoites.


Principle

The stool sample is mixed with a saturated solution of sodium
chloride (increasing the specific gravity). The eggs are lighter in
weight and float to the surface where they can be collected (Fig.
Fig. 4.103 Principle of the flotation technique 4.103).


Materials and reagents

G Microscope

G Microscope slides

G Coverslips

G Wide-mouth bottle, 10ml

G Wooden applicators

G Gauze

G Petri dishes

G 95% Ethanol

G Ether

G Willis solution (reagent no. 64)

G Petroleum jelly

G Wax."
C_0165_001,DOC_WHO_2003,P_0165,165,153,1,0,220,0,1272,220,b45bf012cf6fec55e4b1216bcac8f9a4c5ee9341f237649c32e41e7fc9a6e102,"4. Parasitology 153




Method

Preparation of grease-free coverslips

1. Mix in a cylinder: 10ml of 95% ethanol and 10ml of ether.

2. Pour into a Petri dish and in it place 30 coverslips, one by one;
shake and leave for 10 minutes.

3. Take the coverslips out one by one and dry them with gauze.

4. Keep them in a dry Petri dish.

The above steps are summarized in Fig. 4.104.

Fig. 4.104 Preparation of grease-free coverslips

Concentration of parasites

1. Place approximately 0.5g of stool in a wide-mouth bottle. Fill the bottle to the
2.5-ml mark with Willis solution.

2. Using an applicator, crush the portion of stool and mix it well with the solution.
Then fill the bottle to the top with Willis solution; the suspension should be
completely uniform.

3. Place a coverslip carefully over the mouth of the bottle.

4. Check that the coverslip is in contact with the liquid, with no air bubbles. Leave
for 10 minutes.

5. Remove the coverslip with care; a drop of liquid should remain on it. Place the
coverslip on a slide and examine under the microscope (using the ¥10 objective)
at once because the preparation dries very quickly. Otherwise seal the coverslip
with petroleum jelly and wax.

Use the fine adjustment of the microscope to examine every object in"
C_0165_002,DOC_WHO_2003,P_0165,165,153,2,180,334,1025,2078,154,acfafc187b1b82034addaa6367092ea7efec2479dbe0e22f605d337de3e173e3,"a slide and examine under the microscope (using the ¥10 objective)
at once because the preparation dries very quickly. Otherwise seal the coverslip
with petroleum jelly and wax.

Use the fine adjustment of the microscope to examine every object in the field
(eggs tend to stick to the coverslip and are not immediately distinct).


4.5.2 Formaldehyde–ether sedimentation technique
(Allen & Ridley)

Principle

The stool specimen is treated with formaldehyde, which preserves any parasites
present. Lumpy residues are removed by filtration. Fatty elements of the faecal
suspension are separated by extraction with ether (or ethyl acetate), followed by
centrifugation, which sediments any parasites present.


Materials and reagents

G Microscope

G Microscope slides

G Coverslips

G Centrifuge

G Test-tubes

G Test-tube rack

G Centrifuge tubes

G Wooden applicators

G Brass wire filter, 40 mesh (425mm), 7.2cm diameter (nylon coffee strainers
provide an inexpensive alternative)

G Small porcelain or stainless steel dish or beaker

G Pasteur pipette"
C_0166_001,DOC_WHO_2003,P_0166,166,154,1,0,220,0,1257,220,a147da50dfd8b26abfc562eb5612417bafd9e9904e497c218e9311f083724240,"154 Manual of basic techniques for a health laboratory




G Formalin, 10% solution (100ml of formaldehyde, 37% solution in 900ml of
distilled water)

G Ether (or ethyl acetate).


Method

1. Using a wooden applicator, remove a small amount (approximately 0.5g) of
faeces from both the surface and the inside of the stool specimen.

2. Place the sample in a centrifuge tube containing 7ml of 10% formalin.

3. Emulsify the faeces in the formalin and filter into the dish.

4. Wash the filter (with soapy water) and discard the lumpy residue.

5. Transfer the filtrate to a large test-tube. Add 3ml of ether (or ethyl acetate).

6. Stopper the tube and mix well.

7. Transfer the resulting suspension back to the centrifuge tube and centri-
fuge at 2000g for 1 minute.

8. Loosen the fatty plug with an applicator and pour the supernatant away
by quickly inverting the tube (Fig. 4.105).

9. Allow the fluid remaining on the sides of the tube to drain on to the
deposit and then mix well. Using the pipette, transfer a drop on to the
slide and cover with a coverslip.

10. Use the ¥10 and ¥40 objectives to examine the whole of the coverslip
Fig. 4.105 After centrifuging the for ova and cysts.
suspension, loosen the
It is now common practice to perform all"
C_0166_002,DOC_WHO_2003,P_0166,166,154,2,180,400,1033,2476,220,a1cdfe1f2803135c508c676b8d5c5662e4b6f7fec9007be26dcf2b37159625c3,"slide and cover with a coverslip.

10. Use the ¥10 and ¥40 objectives to examine the whole of the coverslip
Fig. 4.105 After centrifuging the for ova and cysts.
suspension, loosen the
It is now common practice to perform all the above steps in a biological
fatty plug and discard
the supernatant safety cabinet. If the extraction system of the cabinet is not fireproof, the
steps involving ether should be done outside the cabinet. Ethyl acetate provides
a less flammable alternative to ether.


4.5.3 Formaldehyde–detergent sedimentation technique

Principle

The formaldehyde–detergent sedimentation technique is an inexpensive, safe and
simple quantitative sedimentation method in which a measured amount of faeces
is mixed in formaldehyde–detergent solution of low specific gravity. The suspen-
sion is sieved and is then left undisturbed to allow the ova to sediment under their
own weight. The detergent “clears” the faecal debris in a short time. Following
sedimentation and clearing, the small amount of fine sediment which forms is
examined under the microscope for ova and the eggs are counted to give a
quantitative result.


Materials and reagents

G Microscope

G Microscope slides

G Commercial test kit, consisting of a conical-based container, a plastic strainer, a
Pasteur pipette, a beaker and a commercial detergent, diluted 1:50 with distilled water

G Formalin, 2% solution (prepared by diluting formaldehyde, 37% solution"
C_0166_003,DOC_WHO_2003,P_0166,166,154,3,360,432,2196,2666,72,59a2e5326397099975c45bff44d4b5705cb712cb931e19b40f460b76181422aa,"Microscope

G Microscope slides

G Commercial test kit, consisting of a conical-based container, a plastic strainer, a
Pasteur pipette, a beaker and a commercial detergent, diluted 1:50 with distilled water

G Formalin, 2% solution (prepared by diluting formaldehyde, 37% solution 1:50
with distilled water).


Method

Details of the method as supplied with the kit are as follows:

1. Fill the conical-based container to the 10-ml mark with 2% detergent in 2%
formalin."
C_0167_001,DOC_WHO_2003,P_0167,167,155,1,0,220,0,1360,220,ac606129df3e5466a61175280ad7f2d7a41121e87d3ea40ba9229b0411eb3863,"4. Parasitology 155




2. Using the spoon attached to the lid of the container, transfer approximately
350mg of faeces to the container and mix well in the formaldehyde–detergent
solution.

3. Using the plastic strainer, strain the suspension into the beaker supplied with
the kit (Fig. 4.106). Rinse the container and then add the filtrate.

4. Stand the container upright in the rack provided and leave for 1 hour (do not
centrifuge). Under field conditions, the emulsified faeces can be transported
back to the laboratory for examination. The schistosome eggs are fixed and will
not become distorted.

5. Carefully remove and discard the supernatant fluid, taking care not to disturb
the sediment which has formed in the base of the container (Fig. 4.107).

6. Add 10ml of the formaldehyde–detergent solution; mix and allow to sediment
for a further 1 hour. Further clearing of the faecal debris will take place.

7. Remove and discard the supernatant fluid, leaving approximately 0.5ml of fine
sediment.

8. Using the Pasteur pipette, transfer the entire sediment to a slide and cover with
a 22mm ¥ 40mm coverslip (supplied with the kit) (Fig. 4.108).

9. Examine the entire preparation under the microscope, using the ¥10 objective
with the condenser iris closed sufficiently to give good contrast.

Count all the ova present and multiply the number by 3"
C_0167_002,DOC_WHO_2003,P_0167,167,155,2,180,294,1109,1815,114,01122f492f766a1327eb07576e6e2055d2127ad8502bbba71d06735fc8328680,"coverslip (supplied with the kit) (Fig. 4.108).

9. Examine the entire preparation under the microscope, using the ¥10 objective
with the condenser iris closed sufficiently to give good contrast.

Count all the ova present and multiply the number by 3 to give the approximate
number per gram of faeces.

Note: If the supernatant fluid is not removed after 1 hour, but instead a further
10ml of reagent is added and the suspension is remixed and allowed to sediment
overnight, ova, cysts and larvae of other parasites will be sedimented. The tech-
nique is of particular value in laboratories without the facilities to perform the





Fig. 4.106 Straining the suspension Fig. 4.107 Removing the supernatant"
C_0168_001,DOC_WHO_2003,P_0168,168,156,1,0,220,0,1376,220,670a085604f030827af62025acb520ae09d49d8d4bcc464c52c53e950e8972bb,"156 Manual of basic techniques for a health laboratory





Fig. 4.108 Transferring the sediment to a slide


formaldehyde–ether sedimentation technique. The formalin preserves the parasites
without distorting their morphology.


4.5.4 Sedimentation technique for larvae of Strongyloides
stercoralis (Harada–Mori)

Principle

A strip of filter-paper is partially submerged in a test-tube containing water. Any
larvae of Strongyloides stercoralis present in the specimen migrate against the cur-
rent of water that rises by capillary action and accumulate at the bottom of the
tube.


Materials and reagents

G Microscope

G Cellophane tape

G Test-tubes

G Test-tube rack

G Strips of filter-paper (30mm ¥ 150mm)

G Spatula

G Lugol iodine, 0.5% solution (reagent no. 37).


Method

1. Use the spatula to spread a small quantity of the faecal specimen along a strip of
filter-paper (previously folded lengthwise to keep it straight), but leave the last 4
or 5cm clean to be put into water.

2. Put the strip of filter-paper, clean end first, into a test-tube containing filtered or
boiled water 2.5–3.0cm deep; fold the strip at the top so that the bottom does
not touch the bottom of the tube.

3. Record the serial number or name of the patient indelibly on the tube.

4. Plug the tube with cotton wool or, preferably, seal with cellophane tape and keep
for 7–8 days at room"
C_0168_002,DOC_WHO_2003,P_0168,168,156,2,180,288,1165,1800,108,33d02dcd4151deea531d409eeef04e395e5d00795f9972a5b464f91df9156ca4,"touch the bottom of the tube.

3. Record the serial number or name of the patient indelibly on the tube.

4. Plug the tube with cotton wool or, preferably, seal with cellophane tape and keep
for 7–8 days at room temperature.

5. Look for the larvae at the bottom of the tube. Stain with iodine solution for 1
minute and then examine under the microscope, using the ¥10 objective.

The larvae usually seen in fresh stool specimens are the rhabditiform (first-stage)
larvae of S. stercoralis. However, if the stool was passed more than 12 hours earlier,
the larvae may have hatched into filariform (infective-stage) larvae. These must be"
C_0169_001,DOC_WHO_2003,P_0169,169,157,1,0,220,0,1344,220,67baa339c89a9ba3ae96326b93906a013f541673f60a3f9e4744e3e84d0ebcfa,"4. Parasitology 157




differentiated from larvae of Ancylostoma duodenale and Necator americanus (hook-
worm), which may also hatch in stools 12–24 hours after passage. The appearance
of filariform larvae of S. stercoralis may indicate a systemic hyperinfection.

The genital primordium will be more visible in preparations stained with iodine.
The iodine kills the larvae and makes the features easier to see. You will need to use
the ¥40 objective to see these structures.

G If you see a larva with a short mouth opening and a prominent (clearly visible)
genital primordium, it is S. stercoralis.

G If you see a larva with a long mouth opening and do not see a genital primor-
dium, it is A. duodenale or N. americanus.

The main distinguishing features of S. stercoralis and A. duodenale or N. americanus
larvae are summarized in Table 4.6 and illustrated in Fig. 4.109.


4.6 Chemical test for occult blood in stools

This test is used for screening for parasitic infection, for example intestinal schisto-
somiasis, or for detection of bleeding in the intestine caused by polyps, tumours
or inflammation. It was originally developed using benzidine. However, the
use of benzidine is no longer recommended because it has been shown to be
carcinogenic.

Note: For 1 day before the examination, the patient should not:

— eat any meat;

—"
C_0169_002,DOC_WHO_2003,P_0169,169,157,2,180,374,1100,2399,194,98a8fd10f7880f31cab5c2f7d4a51e86f35f506ab18a82cd9cb7ea3073fd9376,"inflammation. It was originally developed using benzidine. However, the
use of benzidine is no longer recommended because it has been shown to be
carcinogenic.

Note: For 1 day before the examination, the patient should not:

— eat any meat;

— take any drugs containing iron compounds;

— brush his or her teeth vigorously.


4.6.1 Principle

Oxygen is produced when the haemoglobin in blood comes into contact with hy-
drogen peroxide. The liberated oxygen reacts with aminopyrine (aminophenazone)
to yield a blue colour.


4.6.2 Materials and reagents

G Centrifuge

G Conical centrifuge tube





Table 4.6 Characteristics of larvae of Strongyloides stercoralis and
Ancylostoma duodenale or Necator americanus

Larval stage S. stercoralis A. duodenale or N. americanus

Rhabditiform Buccal cavity short (4mm) Buccal cavity long (15mm)

Oesophagus one-third of body Oesophagus one-third of body
length with 2 swellings length with 2 swellings

Genital primordium large (22mm) Genital primordium small (7mm)

Anal pore 50 mm from posterior Anal pore 80mm from posterior
end end

Filariform Size 200–500mm ¥ 15–20mm Size 200–500mm ¥ 14–20mm

Unsheathed Sheathed

Tail forked or blunt Tail tapered

Oesophagus half of body length Oesophagus one-third of body
with no swelling length with no swelling"
C_0170_001,DOC_WHO_2003,P_0170,170,158,1,0,191,0,1202,191,710cd87599e5e2c3d1117d6631fa760d9a4174224ccebfc40af3268a31a52f06,"158 Manual of basic techniques for a health laboratory





Fig. 4.109 Features for the identification of larvae of Strongyloides stercoralis
and Ancylostoma duodenale or Necator americanus
M: mouth; O: oesophagus; GR: genital rudiment; AP: anal pore.





G Applicators

G Measuring cylinder, 20ml

G Test-tubes

G Test-tube rack

G Positive control tube (containing a 1% solution of blood in water)

G Negative control tube (containing distilled water)

G Acetic acid, 10% solution (reagent no. 2)

G Hydrogen peroxide (fresh 10% solution)

G 95% Ethanol

G Aminopyrine, crystalline.

Note: The glassware used for the test must be clean, with no traces of blood (see
section 3.5.1).


4.6.3 Method

1. Immediately before carrying out the test, prepare a solution of aminopyrine:
— put about 0.25g of aminopyrine in the bottom of a test-tube
— add 5ml of 95% ethanol.

2. Put a portion of stool (approximately 4ml) in a centrifuge tube. Add 7ml of
distilled water and mix thoroughly (Fig. 4.110).

3. Centrifuge at low speed (1000g) for about 5 minutes, or until the solids are
precipitated (a hand-operated centrifuge can be used).

4. Decant the supernatant fluid into another test-tube and keep it."
C_0171_001,DOC_WHO_2003,P_0171,171,159,1,0,220,0,1315,220,5d3c40d9c53e781b1afb28609bacde801d933058c5a6702e0dc93d70ad586111,"4. Parasitology 159




5. Add to the test-tube containing the supernatant fluid, without mixing:
— 10 drops of 10% acetic acid solution
— 5ml of the aminopyrine solution.

To prevent mixing, hold the tip of the pipette containing the aminopyrine solu-
tion against the inside wall of the test-tube and allow the liquid to run down the
wall.

6. Add 10 drops of the 10% hydrogen peroxide solution. Do not mix. Let it stand
for 1 minute.

The results must be read within 5 minutes of adding the hydrogen peroxide
solution.


4.6.4 Results

If the reaction is positive a red colour appears between the two lay-
ers of liquid (Fig. 4.111). Report the results as follows:

— pale red = positive reaction (+)

— red = strong positive reaction (++)

— dark red = very strong positive reaction (+++)

— no change in colour = negative reaction (-).

Fig. 4.110 Mixing the stool specimen with
4.7 Parasites of the blood and skin distilled water

Parasites that spend all or part of their life cycle in blood or tissue
are known as haemoparasites. They include:

— species belonging to the genera Brugia, Dirofilaria, Loa,
Mansonella, Meningonema, Onchocerca and Wuchereria — re-
sponsible for filariasis;

— Trypanosoma spp. — responsible for trypanosomiasis;

— Plasmodium spp. — responsible for malaria.
Infection by these"
C_0171_002,DOC_WHO_2003,P_0171,171,159,2,180,400,1019,2474,220,af8f144d0f9dbdc1234785547cfe3b9e623236a65a9fcaf29ba32c5063e6cfd6,"as haemoparasites. They include:

— species belonging to the genera Brugia, Dirofilaria, Loa,
Mansonella, Meningonema, Onchocerca and Wuchereria — re-
sponsible for filariasis;

— Trypanosoma spp. — responsible for trypanosomiasis;

— Plasmodium spp. — responsible for malaria.
Infection by these parasites and Borrelia spp. can be diagnosed by Fig. 4.111 Chemical test for occult blood in
stools
examination of stained blood specimens under the microscope. a: Positive reaction; b: negative
reaction.

4.7.1 Filariae

There are many species of filariae, but most are parasites of animals
and rarely affect humans. Only eight filarial species have adapted to
humans, and are transmissible between them. Of these, the most
important is subperiodic Brugia malayi.


The filarial worms inhabit the lymphatic system. The larvae of the adult worms —
the microfilariae — invade the blood, and they can be identified in a blood film.
The microfilariae of Onchocerca volvulus are normally confined to the skin (see
below), but sometimes migrate to the eyes (which may result in blindness); they
may also be found in the blood. The main clinical symptoms of lymphatic filariasis
are lymphadenopathy and lymphangitis. Attacks of lymphadenopathy lasting sev-
eral days occur at regular intervals, with headache, nausea, swelling of one leg,
hydrocoele and sterile abscesses. In advanced cases, elephantiasis of the lower ex-
tremities may occur due to obstruction of"
C_0171_003,DOC_WHO_2003,P_0171,171,159,3,360,442,2193,2782,82,b2d2fac218a794d65c4dbd547568451f95ef71ab0dac945eac362f2caed5cd6c,"lymphadenopathy and lymphangitis. Attacks of lymphadenopathy lasting sev-
eral days occur at regular intervals, with headache, nausea, swelling of one leg,
hydrocoele and sterile abscesses. In advanced cases, elephantiasis of the lower ex-
tremities may occur due to obstruction of the lymphatic circulation. Elephantiasis
of the scrotum, such as is seen in bancroftian filariasis (caused by Wuchereria
bancrofti), is rare in brugian filariasis (caused by Brugia malayi). Infections among
populations in regions where bancroftian and brugian filariasis are endemic may
remain asymptomatic."
C_0172_001,DOC_WHO_2003,P_0172,172,160,1,0,220,0,1554,220,2f3d91da6b85e4400c61687f6a519395eb8ad64fb8cb571f5214dc8197a0e5df,"160 Manual of basic techniques for a health laboratory




Microfilariae of the following species are found in human blood: Brugia malayi,
Brugia timori, Loa loa, Mansonella perstans,1 Mansonella ozzardi and Wuchereria
bancrofti. Table 4.7 shows the geographical distribution of these species.

Infections with Loa loa among populations of areas where it is endemic are often
asymptomatic. Non-residents visiting these areas are susceptible to symptomatic
infection. The initial infection is characterized by a transient, localized, subcutaneous
swelling, known as a “Calabar swelling”. Adult worms may migrate across the
conjunctiva of the eyes, causing inflammation, but the infection does not cause
blindness. Chronic infection may lead to complications such as renal disease,
encephalopathy and cardiomyopathy.

Infections with Mansonella perstans generally seem to be asymptomatic, but have
been associated with pruritus, abdominal pain, urticaria and Calabar-like swellings
(see above). Infections with Mansonella ozzardi are also generally asymptomatic,
but have been associated with lymphadenopathy, pruritus, fever, and pains in the
knees and ankles.

Microfilariae are transmitted by mosquitoes, flies and midges, which feed on the
blood of infected humans. The microfilariae develop into infective larvae which
invade the mouth parts of the insect.


Examination of skin for microfilariae of Onchocerca volvulus

A very small piece of the patient’s skin is collected. To see the highly motile
microfilariae, it is examined as a wet preparation"
C_0172_002,DOC_WHO_2003,P_0172,172,160,2,180,330,1309,2355,150,98cb3de57936788b7654a58b6d94027c0c353af0293f8d6f2ad2b33a1f8d326d,"larvae which
invade the mouth parts of the insect.


Examination of skin for microfilariae of Onchocerca volvulus

A very small piece of the patient’s skin is collected. To see the highly motile
microfilariae, it is examined as a wet preparation between a slide and coverslip
under the microscope.


Materials and reagents

G Microscope

G Microscope slides

G Coverslips

G Pasteur pipette

G Needle (for intramuscular or subcutaneous injection), 22-gauge

G Scalpel or razor blade

G Sodium chloride, 0.85% solution (reagent no. 53)

G 70% Ethanol.



Table 4.7 Geographical distribution of filarial worms

Species Geographical distribution

Brugia malayi Asia

Brugia timori Parts of Indonesia

Loa loa Central and West Africa

Mansonella ozzardi Central and South America, Caribbean

Mansonella perstans Central and West Africa, Central and South America

Onchocerca volvulus Tropical Africa, Central and South America, parts of Arabia

Wuchereria bancrofti Endemic in many tropical countries





1 Previously known as Dipetalonema perstans."
C_0173_001,DOC_WHO_2003,P_0173,173,161,1,0,220,0,1273,220,5877f3f461715dcde83b5b2e14b5bda1e7b5e14d62d8b62aa20b96b27b945f14,"4. Parasitology 161




Method

Collection of specimens
Look for nodules (see Fig. 4.112):

— on the chest (over the ribs) (1);

— on the hips (2);

— on the legs (tibia) (3);

— on the back (shoulder-blades) (4).

The nodules are round and hard, 1–5cm in diameter; when pushed with the
fingertips they slide about under the skin. Take the specimen from the skin in the
centre of the nodule.

If the patient does not have nodules, take the skin specimen from the top of
the buttocks (the upper outer part where intramuscular injections are given — 1 in
Fig. 4.113). If the examination gives a negative result, take specimens from:

— the calf (upper outer part — 2 in Fig. 4.113);

— the back (centre of the shoulder-blade — 3 in Fig. 4.113).





Fig. 4.112 Sites for collection of slit Fig. 4.113 Sites for collection of slit skin specimens
skin specimens from from patients without nodules
patients with nodules 1: top of the buttocks; 2: calves (upper
1: chest (over the ribs); outer part); 3: back (shoulder blades).
2: hips; 3: legs (tibia);
4: back (shoulder blades).




It is recommended that six specimens (two from the buttocks, two from the calves
and two from the shoulder-blades) be examined before reporting a negative result.

1. Flame the scalpel (or razor"
C_0173_002,DOC_WHO_2003,P_0173,173,161,2,180,347,1025,1932,167,d1d9d45468f385e8ae06b53d7a1f949c21b61c3643f28599d78dacbffb23f8ac,"hips; 3: legs (tibia);
4: back (shoulder blades).




It is recommended that six specimens (two from the buttocks, two from the calves
and two from the shoulder-blades) be examined before reporting a negative result.

1. Flame the scalpel (or razor blade) and the needle with ethanol.

2. Place one drop of sodium chloride solution on a slide.

3. Disinfect the chosen area with a gauze pad dipped in ethanol.

4. Using your left hand, pierce the skin with the point of the needle to a depth of
2–3mm.

5. Pull the skin away from the flesh with the point of the needle (Fig. 4.114).

6. Place the cutting edge of the scalpel or razor blade on the stretched skin
above the point of the needle (using your right hand; see Fig. 4.115).

7. Cut with a quick stroke the piece of skin pulled up by the point of the
needle, as close to the needle as possible (Fig. 4.116). Fig. 4.114 Lifting the skin with a needle"
C_0174_001,DOC_WHO_2003,P_0174,174,162,1,0,220,0,1270,220,dd1b2283ec87c84984525040ddbbf3193888975256fa336fb43b8f67db388552,"162 Manual of basic techniques for a health laboratory




The specimen should be about this size: G (2–3mm in diameter).

It should remain attached to the tip of the needle. The specimen should
not be bloodstained; the biopsy must be bloodless.

8. Place the fragment of skin in the drop of sodium chloride solution
on the slide (using the scalpel or razor blade if necessary). Do not
flatten the piece of skin; if only one microfilaria is present, it might
be damaged.

9. Cover with a coverslip. If any part of the specimen is not in contact
Fig. 4.115 Place the blade above the with the liquid, add more solution, injecting it under the coverslip
point of the needle
with a Pasteur pipette, until the whole area underneath the cover-
slip is wet.

10. Wait 2–3 minutes. Meanwhile, clean the spot from which the speci-
men was taken with ethanol. Apply an adhesive dressing.


Collection of specimens in the field
If no microscope is available, or during mass epidemiological surveys:

1. Place the piece of skin in a small bottle containing 2ml of sodium
chloride solution.

2. Wait 15 minutes for the microfilariae to leave the skin.
Fig. 4.116 Collecting a slit skin specimen
3. Fix the specimen by adding 2ml of 10% formaldehyde solution
(reagent no. 28). Mix and"
C_0174_002,DOC_WHO_2003,P_0174,174,162,2,180,400,1034,2374,220,b088a6c1163cf95fdbd87df16231fe9c3b4e01e89b12ee5396152d925e7ab3b5,"containing 2ml of sodium
chloride solution.

2. Wait 15 minutes for the microfilariae to leave the skin.
Fig. 4.116 Collecting a slit skin specimen
3. Fix the specimen by adding 2ml of 10% formaldehyde solution
(reagent no. 28). Mix and replace the cap on the bottle.

4. When you return to the laboratory, shake the bottle well.

Centrifuge the liquid (after removing the piece of skin) at medium
speed (2000g) for 5 minutes.

5. Transfer the deposit from the centrifuge tube to a slide and cover it
with a coverslip.


Microscopic examination

Examine the wet preparation under the microscope using the ¥10 ob-
jective. Microfilariae are highly motile. If any are present, they will be
seen moving towards the sodium chloride solution (Fig. 4.117).
Microfilariae of Onchocerca volvulus have the following features:

Length: 200–315mm.
Fig. 4.117 Onchocerca volvulus
microfilariae in wet Width: 5–9mm (the same as an erythrocyte).
preparation
Curvature of the body: angular.

Front end: slightly broader than an erythrocyte.

Tail: curved and tapered.

If no microfilariae emerge, wait for 10 minutes and look at the centre of the piece of
skin; you may see one or two microfilariae moving. If you are in any doubt, take a
fresh blood specimen from the patient’s finger and prepare a smear on a slide.
Cover it with a coverslip and examine"
C_0174_003,DOC_WHO_2003,P_0174,174,162,3,360,453,2166,2708,93,0accfcb45e940a01fda1872992b045c9cb6ac9d80aaf0c73765ac30ec0409cc7,"piece of
skin; you may see one or two microfilariae moving. If you are in any doubt, take a
fresh blood specimen from the patient’s finger and prepare a smear on a slide.
Cover it with a coverslip and examine it under the microscope. If you see any
microfilariae, prepare a stained skin smear (see below) and a stained thick blood
film (see page 170) to identify the species.

If microfilariae are present, they will be clearly visible. Staining is not necessary, as
the microfilariae can be identified by their characteristic angular curves."
C_0175_001,DOC_WHO_2003,P_0175,175,163,1,0,220,0,1282,220,ef94241b96cf95523ec9bcf454eede72e7f66ba5f6ea34dfcb0c2b2fffa7c03d,"4. Parasitology 163




Procedure for obtaining a stained specimen
Examine the deposit using the ¥10 objective. A smear is made on a slide by crush-
ing the skin specimen. It is fixed using methanol and stained with Giemsa stain (see
page 170).

Stained microfilariae of Onchocerca volvulus show the following features (Fig. 4.118):

— they have no sheath;

— the front end is broad;

— the body shows rigid curves;

— the tail tapers gradually and ends in a sharp curve;

— the nuclei are large and oval and stain blue-black; they are well separated and
do not extend to the tip of the tail.


Other microfilariae found in skin biopsies
Mansonella streptocerca causes an itchy dermatitis of the infected area. Its microfilariae
are found in the skin and differ from Onchocerca volvulus in the following ways
(Fig. 4.119):

— they are slightly shorter (180–240mm);

— they are less broad (5–6mm — half the width of an erythrocyte);

— the front end is not broad;

— the tail ends in a rounded crook;

— the nuclei are smaller and reach the tip of the tail.


Recommended procedures for the detection and identification of
microfilariae in blood

The microfilariae of some species (e.g. Loa loa) and the most common strain of
Brugia malayi appear in the blood with a marked nocturnal"
C_0175_002,DOC_WHO_2003,P_0175,175,163,2,180,314,1036,1962,134,ce75e288acb70e60057b2ce064e8597078f1388fc9c595bb9a469e92e162077f,"the tip of the tail.


Recommended procedures for the detection and identification of
microfilariae in blood

The microfilariae of some species (e.g. Loa loa) and the most common strain of
Brugia malayi appear in the blood with a marked nocturnal or diurnal periodicity
(Table 4.8). Other species and strains of B. malayi do not show the same degree of
periodicity; they are nocturnally subperiodic or diurnally subperiodic (e.g. Wuchereria
bancrofti). Other species show no periodicity (e.g. Mansonella ozzardi).

The times for collection of blood specimens should be selected in accordance with
the patient’s clinical symptoms and travel history. Table 4.9 shows the recommended
times for collecting blood specimens for testing for periodic and subperiodic spe-
cies of microfilariae.





Fig. 4.118 Onchocerca volvulus microfilaria Fig. 4.119 Mansonella streptocerca
in Giemsa-stained smear microfilaria in wet preparation"
C_0176_001,DOC_WHO_2003,P_0176,176,164,1,0,220,0,1423,220,1c3c3f7fbe9f6a540d0a76eba017aaeb53b9aec578e071b19194c8f11579c4ed,"164 Manual of basic techniques for a health laboratory




Note: Although microfilariae are not directly infectious to humans, all pathological
specimens should be treated as potentially hazardous.

An absolute minimum of one “day blood” specimen (taken around 13:00) and one
“night blood” specimen (taken around 24:00) should be examined. This is usually
sufficient to detect mixed infections and infections with subperiodic strains.

A blood sample for microfilariae is best examined immediately. If a “night blood”
sample will not be examined until the following morning, leave it at room
temperature.

For each specimen, collect 5–10ml of blood into a 2% solution of trisodium citrate
in saline (reagent no. 59) or heparin anticoagulant. Direct finger-prick samples
may give adequate results in areas where filariasis is endemic.


Microscopic examination of capillary blood

Materials and reagents
G Microscope

G Microscope slides

G Coverslips

G Blood lancets

G Cotton wool swabs

G Sodium chloride, 0.85% solution (reagent no. 53)

G 70% Ethanol.


Method
1. Sterilize the third finger with ethanol. Dry well. Prick with the lancet.

2. Collect the first drop of blood that appears (it contains most microfilariae) directly
on to the middle of the slide (Fig. 4.120).

3. Add an equal-sized drop of sodium chloride solution to the slide.

4. Mix the blood and sodium chloride solution using the corner of a slide."
C_0176_002,DOC_WHO_2003,P_0176,176,164,2,180,291,1192,1877,111,541b01cb397e7b2606123571de7065082a60387b541f705c2cb3e7cd1c7d3ea0,"(it contains most microfilariae) directly
on to the middle of the slide (Fig. 4.120).

3. Add an equal-sized drop of sodium chloride solution to the slide.

4. Mix the blood and sodium chloride solution using the corner of a slide. Cover
the preparation with a coverslip.

5. Examine the smear systematically under the microscope using the ¥10 objective
with the condenser aperture reduced. The first sign of the presence of microfilariae
is rapid movement among the erythrocytes.

6. To identify the species of microfilariae, prepare two smears on another slide
using two more drops of blood and stain them as described on page 170.





Fig. 4.120 Collecting a capillary blood sample"
C_0177_001,DOC_WHO_2003,P_0177,177,165,1,0,220,0,1480,220,6e1c24155d591393590e2433c5b5f43ba2b23fc7cc710e577b627d9ead49c024,"4. Parasitology 165

space; body and spp.) 2% and in in Aedes, unstained dispersed bancrofti head W. Giemsa; smooth Tropical subtropical countries Mosquitoes (Culex, Anopheles Mansonia Lymphatic system Blood Nocturnalb Present 240–300 smears; 275–320 formalin 7.5–10.0 Tapered; anucleate Short sheath in in curves; nuclei

and in America spp.) skin point; in flexed; to skin blood volvulus Central tail; in or treatment South
O. Africa, and Blackflies (Simulium Subcutaneous tissues Skin NA Absent 300–315 snips 5.0–9.0 Typically tapered anucleate Flexed occur occasionally urine after

spp.) skin hook; filled
a end in shape; tail skin and rounded, midges in Africa into to nuclei; streptocerca M. Central West Biting (Culicoides Dermis Skin NA Absent 180–240 snips 5.0–6.0 Bluntly bent nuclei Slender hooked with occur

2% nuclei filled
in in and America midges size; tail nuclei; perstans Africa,
end M. Central West South Biting (Culicoides spp.) Mesentery Blood Aperiodic Absent 190–200 smears; 180–225 formalin 4.0–5.0 Bluntly rounded; to Small blunt with aperiodic

spp.) spp.) 2% long
in in and tail; ozzardi America, midges blackflies slender, size; Thailand.
of M. Central South Caribbean Biting (Culicoides and (Simulium Subcutaneous tissues Blood Aperiodic Absent 160–205 smears; 205–250 formalin 3.0–5.0 Long, pointed; anucleate Small slender aperiodic areas
to rural 2% in spp.) in in in nuclei flies single orbit parasites loa and nuclei tail Thailand. L. Africa of"
C_0177_002,DOC_WHO_2003,P_0177,177,165,2,180,370,1218,2657,190,3102626fb63a9ff8f0b23b8d97b61cd6c5c5f468d1eafd66a284629318d97608,"and (Simulium Subcutaneous tissues Blood Aperiodic Absent 160–205 smears; 205–250 formalin 3.0–5.0 Long, pointed; anucleate Small slender aperiodic areas
to rural 2% in spp.) in in in nuclei flies single orbit parasites loa and nuclei tail Thailand. L. Africa of of Central West Tabanid (Chrysops Subcutaneous tissues, Blood Diurnal Present 230–250 smears; 270–300 formalin 5.0–7.0 Tapered; irregularly spaced Sheath unstained Giemsa; row end and subperiodicfilarial Philippines nuclei the spp.) 2% and space; nocturnallyhuman in in nuclei and of timori Timor separated unstained Sunda B. head parts Giemsa; Polynesia; Lesser islands, Mosquitoes (Anopheles Lymphatic system Blood Nocturnal Present 265–325 smears; 330–385 formalin 4.4–6.8 Tapered; subterminal terminal widely Long sheath in terminal subterminalcommon and Malaysia,
of
pink and Asia, and spp.) 2% space; terminal Caledonia malayi in in nuclei separated stains Indonesia, in New B. head subterminal in South-east Indian subcontinent Mosquitoes (Anopheles Mansonia Lymphatic system Blood Nocturnala Present 175–230 smears; 240–300 formalin 5.0–6.0 Tapered; subterminal terminal widely Long sheath inGiemsa; and nuclei microfilariae Characteristics of of subperiodic subperiodic
4.8 (mm) (mm) features Nocturnally DiurnallyTable Characteristic Geographical distribution Vectors Habitat Adults Microfilariae Periodicity microfilariae Morphology Sheath Length Width Tail Key a b"
C_0178_001,DOC_WHO_2003,P_0178,178,166,1,0,219,0,1556,219,bb03a3d101ee45f274a08c53f7173d88165436c0765f6a86764e86f0c614d80b,"166 Manual of basic techniques for a health laboratory




Table 4.9 Recommended times for collection
of blood specimens for testing for
microfilariae

Speciesa Recommended collection time

Periodic (nocturnal) 23:00–01:00 (peak 24:00)

Periodic (diurnal) 12:00–14:00 (peak 13:00)

Subperiodic (nocturnal) 20:00–22:00 (peak 21:00)

Subperiodic (diurnal) 15:00–17:00 (peak 16:00)

Aperiodic any time (day or night)

a See Table 4.8.





Fig. 4.121 A pathogenic microfilaria Fig. 4.122 A microfilaria of doubtful
Length: 250–300mm; pathogenicity
thickness: 6–8 mm (diameter Length: about 150 mm;
of an erythrocyte). thickness: about 4 mm (half
e.g. Wuchereria bancrofti, the diameter of an
Loa loa, Brugia malayi. erythrocyte).
e.g. Mansonella ozzardi,
M. perstans.


Staining is generally required to identify microfilariae in blood smears. It is possi-
ble, however, to gain some indication of the species seen and its pathogenicity from
a fresh smear (Figs. 4.121 and 4.122).


Microscopic examination of venous blood concentrated by centrifugation

Materials and reagents
G Microscope

G Microscope slides

G Syringes (5ml or 10ml)

G Needles for venepuncture

G Centrifuge or microhaematocrit centrifuge

G Conical centrifuge tubes or microhaematocrit capillary tubes

G Plastic modelling clay

G Adhesive tape

G Anticoagulant: trisodium citrate, 2% solution in saline (reagent no. 59)

G Formalin, 2% solution (prepared by diluting 37% formaldehyde solution 1:50
with distilled water) or saponin, 1% solution (reagent no. 48)

G Ether

G 70% Ethanol."
C_0179_001,DOC_WHO_2003,P_0179,179,167,1,0,220,0,1305,220,8bccb0c72941cccf38adac07acc83784d5fc956d0d7de337ad0114d732e986ee,"4. Parasitology 167




Method
1. Collect 4ml of venous blood. Expel into a bottle containing 1ml of trisodium
citrate solution. Mix.

2. Measure into a conical centrifuge tube 10ml of 2% formaldehyde solution. Add
1ml of citrated blood. Mix. Wait 5 minutes for the erythrocytes to lyse.

3. Centrifuge for 5 minutes at 10000g. Pour off the supernatant fluid. Tap the tube
to mix the deposit.

4. Place one drop of the deposit on a slide. Spread the drop to form a thin smear
and leave to air-dry.

5. Fix the smear using a 1:1 mixture of ethanol and ether. Leave to dry for 2 minutes,
then stain immediately as described on page 170 to identify the species of
microfilaria.


Alternative method using a microhaematocrit centrifuge
1. Collect 4ml of venous blood. Expel into a bottle containing 1ml of trisodium
citrate solution. Mix.

2. Three-quarters fill a microhaematocrit capillary tube with the citrated blood.
Seal one end of the tube with plastic modelling clay or by heating.

3. Centrifuge in a microhaematocrit centrifuge at 10000g for 2 minutes.

4. Lay the capillary tube on a slide and secure the two ends with adhesive tape.

5. Examine the dividing line between the blood cells and the plasma under the
microscope (Fig. 4.123), using the ¥10 objective with the condenser aperture
reduced."
C_0179_002,DOC_WHO_2003,P_0179,179,167,2,180,340,1067,2007,160,b861adfe8c194242e5ff209c162fb4f0e25e0e092485168539c9845cd18fb118,"the capillary tube on a slide and secure the two ends with adhesive tape.

5. Examine the dividing line between the blood cells and the plasma under the
microscope (Fig. 4.123), using the ¥10 objective with the condenser aperture
reduced.

Motile microfilariae will be seen at the bottom of the column of plasma, just above
the layer of leukocytes and erythrocytes (Fig. 4.124).

The tube can be snapped at the bottom of the column of plasma (see Fig. 4.124).
Use the first drop from each piece of the broken tube to prepare a thick film. Stain
the film as described on page 170 to identify the species.

Capillary blood can also be examined by this method. Collect two drops of capil-
lary blood from the finger on to a slide and mix with one drop of 2% trisodium
citrate solution.





Fig. 4.123 Examining the microhaematocrit Fig. 4.124 Motile microfilariae
capillary tube under the E: erythrocytes; L: leukocytes;
microscope P: plasma."
C_0180_001,DOC_WHO_2003,P_0180,180,168,1,0,220,0,1416,220,9f8846204e9301a8cb119e953c48164df3010cf9721608edf7fe20dd3b98f428,"168 Manual of basic techniques for a health laboratory




Alternative method using saponin lysing solution
1. Add 10ml of citrated blood (see above) to 10ml of saponin lysing solution.

2. Mix the blood gently and leave for 15 minutes to allow the erythrocytes to lyse.

3. Centrifuge at 2000g for 15 minutes.

4. Remove the supernatant with a pipette and discard it into a dish containing
disinfectant.

5. Transfer the deposit to a slide and cover with a coverslip.

6. Examine the entire deposit for motile microfilariae using the ¥10 objective.
(Microfilariae will still be motile in a “night blood” sample examined the
following morning.)

7. Count the number of microfilariae in the preparation and divide by 10 to give
the number of microfilariae per ml of blood.

Considerable experience is required to identify unstained microfilariae. It is
recommended that identification be performed on stained preparations (see page
170).


Microscopic examination of venous blood concentrated by filtration

Materials and reagents
G Microscope

G Microscope slides

G Coverslips

G Syringe, 15ml

G Swinnex-type filter holder

G Polycarbonate membrane filter (25mm diameter, 5mm pore size)1

G Filter-paper pad (25mm diameter)

G Shallow dish, 15ml, with lid

G Blunt forceps

G Sodium chloride, 0.85% solution (reagent no. 53)

G Absolute methanol

G Distilled water.


Method
1. Draw up 10ml of distilled water into"
C_0180_002,DOC_WHO_2003,P_0180,180,168,2,180,371,1174,2305,191,34dce825cab38ef242be5201fd3fd15d32dbc991728f8468f77e373433c2a99f,"5mm pore size)1

G Filter-paper pad (25mm diameter)

G Shallow dish, 15ml, with lid

G Blunt forceps

G Sodium chloride, 0.85% solution (reagent no. 53)

G Absolute methanol

G Distilled water.


Method
1. Draw up 10ml of distilled water into a syringe.

2. Draw 1ml of fresh blood or citrated blood into the syringe (Fig. 4.125). Rotate
gently to mix the contents. Wait for 2–3 minutes, for the erythrocytes to lyse.

3. Moisten the filter-paper pad with a few drops of distilled water and cover with
the membrane filter. Place the filter on the filter holder.

4. Connect the syringe to the filter holder. Gently push the blood through the
filter into a dish containing disinfectant solution (Fig. 4.126).

5. Remove the syringe from the filter holder (taking care to avoid disturbing the
filter) and draw up 10ml of distilled water.

6. Reconnect the syringe to the filter holder and gently push the water through
the filter into the dish containing disinfectant solution, to remove the debris
from the filter (Fig. 4.127).



1 In areas endemic for Mansonella perstans, a membrane filter with a pore size of 3mm should be
used."
C_0181_001,DOC_WHO_2003,P_0181,181,169,1,0,201,0,1282,201,be3e2be6f6ffb75e92e095733291a5e6a7415f442a977c6492145ae303c779fe,"4. Parasitology 169




7. Remove the syringe from the filter holder and draw up
approximately 5ml of air.

8. Reconnect the syringe to the filter holder and push the air
through the filter over the dish containing disinfectant,
to remove excess water from the filter. Discard the disin-
fectant solution into a sink.

9. Remove the syringe from the filter holder. Dismantle
the filter holder and remove the membrane filter using
forceps.

10. Place the membrane filter, top side facing up, on a slide.
Add a drop of sodium chloride solution and cover with a
coverslip.

11. Examine the entire membrane for motile microfilariae,
using the ¥10 objective. (Microfilariae will still be motile
in a “night blood” specimen examined the following
morning.

12. Count the number of microfilariae in the preparation and
divide by 10 to give the approximate number of
microfilariae per ml of blood.

Considerable experience is required to identify unstained
microfilariae. It is recommended that identification be per-
formed on stained preparations (see below). To prepare a
stained preparation, follow the method described above, with
the following modifications:

Fig. 4.125 Drawing up citrated blood into a syringe





Fig. 4.126 Filtering the blood sample Fig. 4.127 Rinsing the filter"
C_0182_001,DOC_WHO_2003,P_0182,182,170,1,0,220,0,1318,220,aa0ae0bb2bc26da33c88355147ac4ae2e9ca49bbbc51b1eec85a35a3ca751d11,"170 Manual of basic techniques for a health laboratory




8. Reconnect the syringe to the filter holder and push the air through the filter
over the dish containing disinfectant, to remove excess water from the filter.

9. Remove the syringe from the filter holder and draw up approximately 7ml of
air and 3ml of methanol.

10. Reconnect the syringe to the filter holder and push the methanol and air through
the filter over the dish containing disinfectant, to fix the microfilariae and re-
move excess methanol from the filter, respectively.

11. Remove the syringe from the filter holder. Dismantle the filter holder and re-
move the membrane filter using forceps.

12. Place the membrane filter, top side facing up, on a slide. Allow to air-dry.

13. Stain with Giemsa stain as for thick films (see page 175) and examine the
entire filter membrane using the ¥10 objective.


Technique for staining microfilariae

Materials and reagents
G Microscope

G Microscope slides

G Giemsa stain (reagent no. 29)

G Delafield’s haematoxylin stain (reagent no. 19)

G Methanol

G Buffered water (reagent no. 15).


Method
1. Prepare a thick blood smear of the deposit as described on page 174. Allow the
smear to air-dry.

2. Fix in methanol for 1 minute.

3. Stain with Giemsa stain (diluted 1 in 20 with buffered water, pH"
C_0182_002,DOC_WHO_2003,P_0182,182,170,2,180,400,1109,2419,220,50d0855ac32d664fbdd5e716de9571d1e1e631afb37f7324e0900d8883a8c960,"Method
1. Prepare a thick blood smear of the deposit as described on page 174. Allow the
smear to air-dry.

2. Fix in methanol for 1 minute.

3. Stain with Giemsa stain (diluted 1 in 20 with buffered water, pH 6.8) for 30
minutes.

4. Examine the preparation under the microscope using the ¥10 objective. If it is
difficult to distinguish the nuclei of the microfilariae, return the slide to the
Giemsa stain solution for another 5–10 seconds.

5. Stain with Delafield’s haematoxylin stain (diluted 1 in 10 with buffered water,
pH 6.8) for 5 minutes. Wash in buffered water, pH 6.8. (This second stain is
required because Giemsa stain alone does not stain the sheath of Loa loa very
well.)

6. Examine the preparation under the microscope. Use the ¥10 objective first to
locate the microfilariae; then identify the filarial species using the ¥40 and ¥100
objectives.


Results
Under the light microscope microfilariae appear (after appropriate staining) as primi-
tive organisms, serpentine in shape, often enclosed in a sheath and filled with the
nuclei of many cells (Fig. 4.128).

Not all species have a sheath. In those that do, the sheath may extend a short or
long distance beyond either extremity. In some species, depending on the stain
used, the sheath displays a unique staining quality which aids in"
C_0182_003,DOC_WHO_2003,P_0182,182,170,3,360,430,2193,2608,70,7b7a8f2d8f92514473fbb0ba22379a60bb38ac2acc8faba89f5d8dfcefebc01a,"Not all species have a sheath. In those that do, the sheath may extend a short or
long distance beyond either extremity. In some species, depending on the stain
used, the sheath displays a unique staining quality which aids in species identification.

The nuclei of the cells which fill the body are usually darkly stained and may be
crowded together or dispersed (see Fig. 4.128). The anterior extremity is charac-"
C_0183_001,DOC_WHO_2003,P_0183,183,171,1,0,220,0,1328,220,116b7f45c180df5197fb9836f28e0645e87c8c250e59cffe2cd91b77994b08a7,"4. Parasitology 171





Cephalic space Anal pore R1 cell


With a sheath Without a sheath


Sheath
R4 cell R3 cell R2 cell




Nerve ring Excretory pore Excretory cell


Microfilariae



In blood In skin



With sheath Without sheath Without sheath



Nuclei extending Nuclei not extending Nuclei extending Nuclei not extending Nuclei extending Nuclei not extending
to tip of tail to tip of tail, to tip of tail, to tip of tail, to tip of tail, to tip of tail,
cephalic space tail blunt small, thin filaria small, thin filaria, thick filaria
as long as broad hooked tail
Tail swollen with Tail uniform,
2 distinct nuclei, cephalic space
cephalic space twice as long as broad
as long as broad





Brugia Loa loa Wuchereria Mansonella Mansonella Mansonella Onchocerca 90589
malayi bancrofti perstans ozzardi streptocerca volvulus
who

Fig. 4.128 Microfilariae found in humans
R1, R2, R3, R4: rectal cells.


teristically devoid of nuclei and is called the cephalic or head space; it may be short
or long.

As you look from the anterior to the posterior end of the body you will see addi-
tional spaces and cells that serve as anatomical landmarks. These include the nerve
ring, excretory pore, excretory cell and anal pore. In some species an amorphous
mass called the inner body and four small cells (known as rectal cells) can"
C_0183_002,DOC_WHO_2003,P_0183,183,171,2,180,398,1088,2453,218,d6bd5f380e9ca4cc19fa618dbc614c776a05f96c27c82b20fa3a08bba08214d5,"tional spaces and cells that serve as anatomical landmarks. These include the nerve
ring, excretory pore, excretory cell and anal pore. In some species an amorphous
mass called the inner body and four small cells (known as rectal cells) can be seen.
Some of these structures and their positions are useful in identifying the species.
Other useful features include the shape of the tail and the presence or absence of
nuclei within it.

Table 4.8 summarizes the features of common human filarial parasites that are
used in their identification.

Note:

G Sometimes the microfilariae of the periodic strain of Brugia malayi lose their
sheath.

G Identification of species can be difficult and mistakes are frequently made. The
guidelines for the identification of microfilariae given above and those that ap-
pear in most textbooks make identification seem deceptively simple. Sometimes
it is difficult to see the sheath. At other times, the nuclei do not appear in their
characteristic position at the tip of the tail. It is good practice to examine several
microfilariae carefully, before deciding on their species. If a systematic study is
made of all the characteristics mentioned above, it should be possible to identify
with certainty the species observed. The identification must not be based on a
single characteristic, but on all the features taken together."
C_0184_001,DOC_WHO_2003,P_0184,184,172,1,0,220,0,1355,220,6a3e86824a83d3027e1188a1e59cf872c1dd0da7b647f94ffe7b8d7743f892f5,"172 Manual of basic techniques for a health laboratory




Possible causes of misidentification

Broken or folded tail. If the tail of Wuchereria bancrofti is broken
or folded over (Fig. 4.129), it appears to have nuclei extending to
the tip like Loa loa.

Torn or colourless sheath. The sheath is sometimes torn or al-
most colourless. In Loa loa, for example, the sheath appears as a
colourless space between the tail and the blood cells.

Unusually large or small microfilariae. Some Mansonella
perstans are very long (e.g. 200mm), and some Wuchereria bancrofti
Fig. 4.129 Possible cause of misidentification of
Wuchereria bancrofti: broken or and Loa loa are small (e.g. 250mm).
folded tail Badly made smears (or films). If it is damaged when the smear
(or film) is being made, Wuchereria bancrofti may appear twisted
and Loa loa may show a few curves.

Geographical origin of the patient. Always bear in mind where the patient is
from or which countries the patient has visited recently.

If the patient is from:

— Cameroon, eastern Nigeria or the Democratic Republic of the Congo river
basin, the parasite is probably Loa loa;

— Ghana, India, Senegal or the West Indies, the parasite is probably Wuchereria
bancrofti;

— Thailand, the parasite is probably Brugia malayi;

— Guyana, the parasite is probably Mansonella ozzardi.

Examination of thin"
C_0184_002,DOC_WHO_2003,P_0184,184,172,2,180,400,1093,2644,220,2d019c3d3a7388c9a997867d48cef030505dfb34e1111f7d026800ad71aff660,"basin, the parasite is probably Loa loa;

— Ghana, India, Senegal or the West Indies, the parasite is probably Wuchereria
bancrofti;

— Thailand, the parasite is probably Brugia malayi;

— Guyana, the parasite is probably Mansonella ozzardi.

Examination of thin films. Identification of microfilariae in stained thin films
is not recommended; the microfilariae are shrunken, distorted and difficult to
recognize.


4.7.2 Plasmodium spp.

Malaria, which is caused by infection with protozoa of the genus Plasmodium, is the
most important parasitic disease in tropical countries. It is transmitted to humans
through the inoculation of Plasmodium sporozoites by female Anopheles mosquitoes
or by blood transfusion. The sporozoites travel through the blood to the liver, where
they transform into large tissue schizonts containing considerable numbers of
merozoites (tissue schizogony). These begin to rupture after 5–20 days, according
to the species, and the released merozoites invade circulating erythrocytes. The
replication cycle is repeated at regular intervals.


Clinical symptoms

The first clinical symptoms of infection are low-grade fever, headaches, muscle
aches and malaise. These symptoms are often misinterpreted as being the result of
a viral influenza infection. The influenza-like symptoms are followed by recurrent,
periodic attacks of high fever and shivering. If high temperatures are accompanied
by mental disturbances marked by hallucinations and cerebral excitation, this may
indicate cerebral malaria, which is often fatal.

In"
C_0184_003,DOC_WHO_2003,P_0184,184,172,3,360,451,2351,2967,91,02754afc69e9ee5ed1ab2938d47e8cdec340af4accc26856f1334e8c1979939f,"influenza infection. The influenza-like symptoms are followed by recurrent,
periodic attacks of high fever and shivering. If high temperatures are accompanied
by mental disturbances marked by hallucinations and cerebral excitation, this may
indicate cerebral malaria, which is often fatal.

In areas in which malaria is endemic and where the population has developed par-
tial immunity to the disease, the clinical symptoms may be more moderate.


Plasmodium species infective to humans

There are four different species of Plasmodium infective to humans. These are
P. falciparum, P. malariae, P. ovale and P. vivax."
C_0185_001,DOC_WHO_2003,P_0185,185,173,1,0,220,0,1500,220,8baf52d92a04c0660ce742106b2c3acab70f5bf3adc9cd99dbc28cfef72a9a31,"4. Parasitology 173




Table 4.10 Geographical distribution of Plasmodium spp. infective
to humans

Country or area P. falciparum P. malariae P. ovale P. vivax

Central Africa Predominant Rare Rare Rare

East Africa Predominant Rare Rare Common

North Africa Very rare Very rare Absent Predominant

West Africa Predominant Rare Rare Very rare

Central America Common Rare Absent Predominant

South America Common Common Absent Predominant

Central and south-west Asia Common Common Absent Predominant

South-east Europe Very rare Very rare Absent Predominant

Indian subcontinent Common Rare Very rare Predominant

Indochina Predominant Rare Rare Common

Indonesia Predominant Very rare Very rare Common

Madagascar, Indian Ocean Predominant Rare Rare Common

Pacific Islands Predominant Very rare Rare Common



The geographical distribution of these species is summarized in Table 4.10.


Identification of Plasmodium spp. in blood films

Malaria parasites are usually detected in blood films stained with Field or Giemsa
stains. They may also be detected using an immunological procedure known as a
dipstick test (see section 11.9).

It is important for the prognosis and treatment of the disease that the species in-
volved are identified in the laboratory. If you cannot identify the species, always
report the presence of any malaria parasites you see. Do not mistake thrombocytes
superimposed upon erythrocytes for malaria parasites.


Preparation of a thick and a thin blood film on the same"
C_0185_002,DOC_WHO_2003,P_0185,185,173,2,180,337,1247,2193,157,e0b8d5c3a54226a780e835e659686a37a5cc13c54cc9be76e6046df8843d842d,"the laboratory. If you cannot identify the species, always
report the presence of any malaria parasites you see. Do not mistake thrombocytes
superimposed upon erythrocytes for malaria parasites.


Preparation of a thick and a thin blood film on the same slide

For routine malaria microscopy, a thin and a thick film are made on the same slide.
The thick film is used for the detection of parasites, while the thin film is used in
identifying the species of parasite.


Materials and reagents
G Microscope

G Clean glass microscope slides (see section 3.5.1)

G Sterile blood lancets

G Cotton wool

G Grease pencil

G Methanol

G 70% Ethanol.


Method
Blood to be examined for malaria parasites is usually collected at a health centre.
The most suitable time for collection is at the height of an episode of fever, when
the parasites are most numerous in the blood. Blood specimens should always be
collected before antimalarial drugs are given."
C_0186_001,DOC_WHO_2003,P_0186,186,174,1,0,220,0,1212,220,df7c61e984131d8018fabdc067dd6e8356b4631ff85f6d7f9fecaee9d97b2f97,"174 Manual of basic techniques for a health laboratory





Fig. 4.130 Cleaning the finger before Fig. 4.131 Using a lancet to puncture the ball of
collecting a capillary blood the finger
sample


1. With the patient’s left hand palm upwards, select the third or fourth finger. (The
big toe can be used with infants. The thumb should never be used for adults or
children.) Use cotton wool lightly soaked in ethanol to clean the finger — using
firm strokes to remove dirt and grease from the ball of the finger (Fig. 4.130).
Dry the finger with a clean piece of cotton wool (or lint).

2. With a sterile lancet, puncture the ball of the finger (Fig. 4.131), using a quick
rolling action. By applying gentle pressure to the finger, express the first drop of
blood and wipe it away with dry cotton wool. Make sure that no strands of
cotton wool remain on the finger.

3. Working quickly and handling clean slides only by the edges, collect the blood as
follows:
• Apply gentle pressure to the finger and collect a single small drop of blood,
about this size G, on to the middle of the slide. This is for the thin film.
• Apply further pressure to express more blood and collect two or three larger
drops, about this"
C_0186_002,DOC_WHO_2003,P_0186,186,174,2,180,400,1009,2170,220,cdddcdfcf7d69195db150045abf41c3d7b4a732de9186ee9b95d54f9f58e8e24,"a single small drop of blood,
about this size G, on to the middle of the slide. This is for the thin film.
• Apply further pressure to express more blood and collect two or three larger
drops, about this size G, on to the slide about 1cm from the drop intended for
the thin film (see Fig. 4.132).

Wipe the remaining blood away with cotton wool.

4. Thin film. Using another clean slide as a “spreader”, and with the slide with the
blood drops resting on a flat, firm surface, touch the small drop with the spreader
and allow the blood to run along its edge. Firmly push the spreader along the
slide, away from the largest drops, keeping the spreader at an angle of 45° (Fig.
4.133). Make sure that the spreader is in even contact with the surface of the
slide all the time the blood is being spread.

5. Thick film. Always handle slides by the edges, or by a corner, to make the thick
film as follows:

Using the corner of the spreader, quickly join the larger drops of blood and
spread them to make an even, thick film (Fig. 4.134).

6. Allow the thick film to dry in a flat, level position protected from flies, dust and
extreme heat. Label the dry film with"
C_0186_003,DOC_WHO_2003,P_0186,186,174,3,360,425,1960,2305,65,e2a0e6101da2b8615d452bf9f845a3af0f8f4c0b79e39d799d57dc273d682763,"the larger drops of blood and
spread them to make an even, thick film (Fig. 4.134).

6. Allow the thick film to dry in a flat, level position protected from flies, dust and
extreme heat. Label the dry film with a grease pencil by writing across the thicker
portion of the thin film the patient’s name or number and date (as shown in Fig.
4.135)."
C_0187_001,DOC_WHO_2003,P_0187,187,175,1,0,106,0,667,106,c7fae4ad627d916d53011b3b4f27fcb1e16fd6bbb40360f477a6916a71cecefb,"4. Parasitology 175





Fig. 4.132 Collecting the blood sample Fig. 4.133 Preparing a thin blood film





Fig. 4.134 Preparing a thick blood film Fig. 4.135 Labelling the slide


Staining blood films with Giemsa stain

Principle
During staining of the blood film, the haemoglobin in the erythrocytes dissolves
(dehaemoglobinization) and is removed by the water in the staining solution. All
that remain are the parasites and the leukocytes, which can be seen under the
microscope.


Materials and reagents
G Microscope

G Measuring cylinders, 10, 50 and 100ml

G Beakers, 50 and 250ml

G Staining troughs

G Glass rods

G Wash bottle

G Slide forceps

G Slide racks"
C_0188_001,DOC_WHO_2003,P_0188,188,176,1,0,220,0,1277,220,162e5f66e1a1e4e987331df22ab23ea55da5c07e5d8ba95e43f04b848d612840,"176 Manual of basic techniques for a health laboratory




G Timer

G Giemsa stain (reagent no. 29)

G Methanol in a drop bottle

G Buffered water, pH 7.2 (reagent no. 15) or distilled water.


Routine method for staining thick and thin blood films
Ideally, for optimum staining, thick and thin films should be made on separate
slides. This is often not possible and thick and thin films are generally made on the
same slide. When this is done, good-quality staining of the thick film is of primary
importance. Best results are obtained if the blood films have dried overnight.

This method is suitable for staining 20 or more slides.

1. Fix the thin film by adding three drops of methanol, or by dipping it into a
container of methanol for a few seconds. With prolonged fixation it may be difficult
to detect Schüffner’s dots and Maurer’s clefts. To permit dehaemoglobinization,
the thick film should not be fixed; therefore avoid exposure of the thick film to
methanol or methanol vapour.

2. Using forceps, place the slides back to back in a staining trough (Fig.
4.136).

3. Prepare a 3% Giemsa solution in buffered or distilled water, pH 7.2,
in sufficient quantity to fill the number of staining troughs being used.
Mix the stain well.

4. Pour the stain gently into the"
C_0188_002,DOC_WHO_2003,P_0188,188,176,2,180,398,1046,2295,218,1ab787db808bf9b57323a2a54e83fac89cbde1ae85c4bf27a845eca283b99f31,"staining trough (Fig.
4.136).

3. Prepare a 3% Giemsa solution in buffered or distilled water, pH 7.2,
in sufficient quantity to fill the number of staining troughs being used.
Mix the stain well.

4. Pour the stain gently into the staining trough, until all the slides are
totally covered. Stain for 30–45 minutes out of sunlight.

5. Pour clean water gently into the trough to remove the deposit on the
Fig. 4.136 Placing the slides in a staining surface of the staining solution (Fig. 4.137).
trough
6. Gently pour off the remaining stain (Fig. 4.138), and rinse again in
clean water for a few seconds. Pour the water off.





Fig. 4.137 Pouring clean water into the Fig. 4.138 Pouring off the remaining
staining trough to remove the stain
deposit




In some laboratories with limited supplies the diluted Giemsa stain is reused; in
such cases it must be used on the same day.

7. Using forceps, remove the slides one by one. Place them in a slide rack to drain
and dry, film side downwards, making sure that the film does not touch the slide
rack.


Rapid method for staining thick and thin blood films
This method is suitable for rapid staining of thick films when urgent results are
required. It uses much more stain than the regular method."
C_0189_001,DOC_WHO_2003,P_0189,189,177,1,0,220,0,1208,220,bf93770260a27adf18afc23aee08cb6d8267fd7b4421917c8a383b21f92693ce,"4. Parasitology 177




1. Allow the thick film to dry thoroughly; if results are required urgently, drying
may be hastened by fanning, or briefly exposing the slide to gentle heat such as
that from a microscope lamp. Care should be taken to avoid overheating, other-
wise the thick film will be heat-fixed.

2. Fix the thin film by adding three drops of methanol, or by dipping it into a
container of methanol for a few seconds. To permit dehaemoglobinization, the
thick film should not be fixed; therefore avoid exposure of the thick film to metha-
nol or methanol vapour.

3. Prepare a 10% Giemsa solution in buffered or distilled water, pH 7.2; if a small
quantity is being used, three drops of stain per ml of buffered water will give the
correct concentration of Giemsa solution. One slide requires about 3ml of made-
up stain. Mix the stain well with a glass rod.

4. Gently pour the stain on to the slides or use a pipette. Stain for 5–10 minutes.

5. Gently flush the stain off the slides by adding drops of clean water. Do not tip off
the stain and then wash, as this will leave a deposit of scum over the smears.

6. Place the slides in the slide rack to drain and dry, film side downwards, making"
C_0189_002,DOC_WHO_2003,P_0189,189,177,2,180,400,1008,2207,220,79c57b1ce31eb840026b36be6f1ab2f00a5503679edbdd78abaaef3885793b7b,"drops of clean water. Do not tip off
the stain and then wash, as this will leave a deposit of scum over the smears.

6. Place the slides in the slide rack to drain and dry, film side downwards, making
sure that the film does not touch the slide rack.


Staining blood films with Field stain

Staining with Field stain allows rapid detection of malaria parasites (but it does not
always stain Schüffner’s dots).


Materials and reagents
G Microscope

G Glass jars

G Slide racks

G Methanol

G Field stain (reagent no. 25)

G Buffered water, pH 7.2 (reagent no. 15).


Method for staining thick films
1. Dip the unfixed film into a jar containing Field stain A solution for 3 seconds.

2. Wash gently by dipping (once) into a jar of clean water for 5 seconds.

3. Dip the slide into a jar containing Field stain B solution for 3 seconds.

4. Wash the slide gently as in step 2.

5. Place the slide upright in a slide rack to air-dry.


Method for staining thin films
1. Fix the film in methanol for 1 minute.

2. Wash off the methanol with buffered water.

3. Using a pipette, cover the film with diluted Field stain B (one volume of stain
plus four volumes of buffered water).

4. Immediately add an"
C_0189_003,DOC_WHO_2003,P_0189,189,177,3,360,440,1985,2411,80,6fda7c1c600db96f160df357e068b05435e621a69b87168ee37d95b68521e6c8,"film in methanol for 1 minute.

2. Wash off the methanol with buffered water.

3. Using a pipette, cover the film with diluted Field stain B (one volume of stain
plus four volumes of buffered water).

4. Immediately add an equal volume of Field stain A solution and mix well by
tilting the slide.

5. Allow to stain for 1 minute.

6. Wash off the stain with clean water.

7. Place the slide upright in a slide rack to air-dry."
C_0190_001,DOC_WHO_2003,P_0190,190,178,1,0,90,0,611,90,113f4ab8fbca0b1ae1d7622d54c798c7fa8989f714f6e7f8e983fedf00549f4d,"178 Manual of basic techniques for a health laboratory




Microscopic examination

Examine the slide under the microscope using the ¥100 objective. Malaria para-
sites found in the blood are at different stages of development (Fig. 4.139). Some
malaria parasites have granules of pigments in their cytoplasm (Fig. 4.140).


Thin blood films
In thin blood films, the infected erythrocytes may remain unchanged or have a
different colour or shape, or may contain pink (“Schüffner’s”) or red (“James”)





Fig. 4.139 Stages of development of malaria parasites





Fig. 4.140 Malaria parasites containing pigment"
C_0191_001,DOC_WHO_2003,P_0191,191,179,1,0,220,0,1399,220,bdf8ccebb46f2ff885d997ff27f4bbb23d04fa484865f7754e9522b1042acd52,"4. Parasitology 179




Table 4.11 Comparison of infected erythrocytes in thin blood films

P. falciparum P. malariae P. vivax P. ovale

Size of young
trophozoite in
comparison
with diameter
of an erythrocyte
(at the same
stage of
development) One-fifth to one- One-quarter to two- One-quarter to two- One-quarter to two-
third of diameter thirds of diameter thirds of diameter thirds of diameter

Appearance of
infected
erythrocyte





Remains Remains unchanged or Enlarged and often Enlarged, oval, with
unchanged becomes smaller and pale-staining torn jagged edges
sometimes more
deeply coloured

Dots in the
infected
erythrocyte





Often nonea None Small pink dots Large red dots (James
(Schüffner’s dots) dots) always present

Stages found Trophozoites and/or All stages found in the All stages found in the All stages found in the
(see Fig. 4.139) gametocytes; many same film same film same film
trophozoites can be
found in one cell

a In some erythrocytes infected with adult trophozoites of P. falciparum, a few large pink granules (“Maurer’s clefts”) can be found.



dots (see Table 4.11). Thin films can be used to identify the species of malaria
parasite (see Table 4.12).

Note: In patients who have been suffering from malaria for a long time, monocytes
may be seen in the thin blood film; the cytoplasm often contains brown or greenish-
black bodies (siderophils). In patients who"
C_0191_002,DOC_WHO_2003,P_0191,191,179,2,180,362,1154,2303,182,b0b8fe7faf05025403bb23085714fe0704cd2416b563b10e9c2d9f1987c55a8f,"malaria
parasite (see Table 4.12).

Note: In patients who have been suffering from malaria for a long time, monocytes
may be seen in the thin blood film; the cytoplasm often contains brown or greenish-
black bodies (siderophils). In patients who have recently received an injection of an
antimalarial drug, the parasites stain poorly and appear distorted and indistinct.


Thick blood films
In thick blood films, the background should be clean and free from debris, as the
infected erythrocytes are lysed. The malaria parasites should have deep red chromatin
and blue or pale purplish-blue cytoplasm. In thick films stained with Giemsa, the
nuclei of leukocytes should be stained dark purple. Schüffner’s dots may be seen
around the malaria parasites.

Thick blood films are used for estimating the parasite density, as described below.


Parasite density
The parasite density is the number of parasites counted in each microscope field. It
usually varies according to the species.

Two methods can be used to count malaria parasites in thick blood films: determi-
nation of the number of parasites per microlitre (ml) of blood, and the plus system."
C_0192_001,DOC_WHO_2003,P_0192,192,180,1,0,220,0,1434,220,272aa495fe476afd8b84184c5c8808d4d2b89bdcf5ad91db05635c3332ba5af9,"180 Manual of basic techniques for a health laboratory




Table 4.12 Identification of Plasmodium spp. infective to humans in blood films

P. falciparum P. malariae

(Stage frequently found) (Stage frequently found)

Cytoplasm: small, fine, pale blue ring Cytoplasm: thick, dense, blue ring
Chromatin: one or two small red dots with some granules of black pigment
Chromatin: one large red dot Young trophozoite




(Stage frequently found) (Stage frequently found)

Cytoplasm: rather thin, blue ring, or Cytoplasm: either (a) round, compact,
shaped like a comma or an dark blue, with many black particles
exclamation mark of pigment, or (b) in band form (in Mature Chromatin: one or two medium- thin films only) trophozoite sized red dots Chromatin: a round dot or red band



(Very rare) (Fairly frequently found)

Hardly ever found in blood films Merozoites: 8–10 large red granules
(except in very serious cases) surrounded by pale cytoplasm and
Merozoites: 18–32 arranged irregularly (young form) or
in a rosette
Pigment: dark brownish-black Schizont Pigment: always seen





(Fairly frequently found) (Fairly frequently found)
Shape: similar to a banana or sickle Shape: large, oval or rounded

Colour: pale blue (male) or dense blue Colour: pale blue (male) or dense
(female) blue (female)

Nucleus: reddish-pink Nucleus: one round spot of red
Pigment: a few blue–black granules in chromatin against one edge
the centre of the"
C_0192_002,DOC_WHO_2003,P_0192,192,180,2,180,388,1190,2467,208,ec65aa5b2eba38543f0f1f72e23f627c82c29b17a758a0f161f39fcb98e809c4,"or rounded

Colour: pale blue (male) or dense blue Colour: pale blue (male) or dense
(female) blue (female)

Nucleus: reddish-pink Nucleus: one round spot of red
Pigment: a few blue–black granules in chromatin against one edge
the centre of the cytoplasm or Pigment: large black granules in the Gametocyte scattered through it cytoplasm





Normal in size Normal in size and shape

May show crenation cells containing No red dots usually seen
mature trophozoites; often contain a
few red dots, irregular in size and Erythrocytes shape

Often very high density Low density
Parasite densityb



a The identity of P. ovale must be confirmed by examination of a thin blood film.
b The parasite density in any area depends mainly on whether the malaria is seasonal or endemic. Adults living in endemic areas often develop
immunity to the disease and have a low parasite density.

1. Determination of the number of parasites/ml of blood is accomplished by count-
ing the number of parasites in relation to a standard number of leukocytes/ml
(8000). Initially, the blood film is examined for the presence of parasite species
and their stages of development. Using two hand tally counters, one for count-
ing leukocytes and the other for parasites, follow one of these two procedures:"
C_0193_001,DOC_WHO_2003,P_0193,193,181,1,0,220,0,1465,220,2d96989cbdd731d01cbd044e9cb3e6e0c6bc4663b7fd50c332cbd00c6d7a5b37,"4. Parasitology 181




Table 4.12 (cont.)

P. vivax P. ovalea

(Stage frequently found) Cytoplasm: regular, dense
Cytoplasm: blue, irregular, quite blue ring
thick ring Chromatin: one medium-
Chromatin: one large red dot sized red dot Young trophozoite




(Not frequently found) Cytoplasm: round, compact,
Cytoplasm: large, blue, irregular very blue with a few
(sometimes divided into 2–4); particles of brown pigment
small particles of brownish- Chromatin: one large red Mature orange pigment dot trophozoite Chromatin: 1 red dot



(Quite frequently found) Merozoites: 8–14 large red
Merozoites: 12–18 large granules in a rosette,
compact red granules round a central mass of
surrounded by pale blue particles of brown pigment
cytoplasm Schizont





(Frequently found) Shape: large, oval or round,
Female: oval or rounded, dense dense blue
blue Nucleus: one round red spot
A dense red triangular nucleus, Pigment: a few brown
often at one end; many particles in the cytoplasm
particles of orange pigment in Differentiated from:
the cytoplasm — P. vivax by its brown
Male: rounded, pale blue pigment
A round central pale red — P. malariae by the Gametocyte
nucleus; some particles of presence of Schüffner’s
orange pigment in the dots
cytoplasm





Enlarged, often pale-staining See Table 4.11 May appear oval with
Schüffner’s dots, especially around jagged ends
mature trophozoites Easily seen large red James
dots Erythrocytes


Medium density Medium density"
C_0193_002,DOC_WHO_2003,P_0193,193,181,2,180,278,1175,1833,98,c8ad2453db95dc357c2930f5caf29475122a840b7afd47c71ac175958d66d1da,"particles of presence of Schüffner’s
orange pigment in the dots
cytoplasm





Enlarged, often pale-staining See Table 4.11 May appear oval with
Schüffner’s dots, especially around jagged ends
mature trophozoites Easily seen large red James
dots Erythrocytes


Medium density Medium density
Parasite densityb




(i) if, after counting 200 leukocytes, 10 or more parasites are found, record the
results on the record form in terms of the number of parasites/200 leukocytes;

(ii) if, after counting 200 leukocytes, the number of parasites is 9 or fewer,
continue counting until you reach 500 leukocytes and then record the
number of parasites/500 leukocytes."
C_0194_001,DOC_WHO_2003,P_0194,194,182,1,0,220,0,1276,220,bb8deb6610e0395481df1660a98a9f285ee2156c68f4fb2f6b44b41f355b2257,"182 Manual of basic techniques for a health laboratory




After procedure (i) or (ii), use a simple mathematical formula, multiplying the
number of parasites by 8000 and then dividing this figure by the number of
leukocytes (200 or 500). The result is the number of parasites/ml of blood. It is
normal practice to count all the species present and to count and record sepa-
rately the gametocytes of P. falciparum and the asexual parasites. This is particu-
larly important when monitoring the response to antimalarial drugs that are
active against the schizont stage, which would not be expected to have any
effects on gametocytes.

number of parasites counted number of leukocytes
= number of parasites m l of blood

Example:

If 200 leukocytes are counted:

(50 parasites ¥ 8000 200 leukocytes) = 2000 parasites ml of blood

If 500 leukocytes are counted:

(5 parasites ¥ 8000 500 leukocytes) = 80 parasites ml of blood

2. A simpler method of counting parasites in thick blood films is to use the plus
system. This system is less satisfactory, however, and should be used only when
it is not possible to carry out the more acceptable count of parasites/ml of blood.
In this system, a code of between one and four plus signs is used:

+ = 1–10 parasites per 100 thick film"
C_0194_002,DOC_WHO_2003,P_0194,194,182,2,180,400,1072,2393,220,4ea39ee2df34becc159aafce494f7857fcadb4d662195f1f0a13efcbfbdbb10d,"used only when
it is not possible to carry out the more acceptable count of parasites/ml of blood.
In this system, a code of between one and four plus signs is used:

+ = 1–10 parasites per 100 thick film fields
++ = 11–100 parasites per 100 thick film fields
+++ = 1–10 parasites per single thick film field
++++ = more than 10 parasites per single thick film field.

Remember: For proper identification and reliable parasite counting, use clean slides
and well-made and well-stained thick films.

Note: Patients with very high parasite densities (over 10 parasites per thick film
field) require urgent treatment. Therefore, if you find a high parasite density, state
the result clearly in your report and send it immediately to the patient’s physician.


Reporting results
If the result of the examination of the stained blood films is positive, specify:

— the species of parasite found;

— the stage of development of the parasite;

— the parasite density.

Blood films containing P. ovale and P. vivax may contain few parasites and therefore
take more time to examine under the microscope. However, it is necessary to dif-
ferentiate the two species, since they may reappear in the blood without reinfec-
tion. Patients infected with P. ovale or P. vivax require additional treatment to eradicate
the liver stages of"
C_0194_003,DOC_WHO_2003,P_0194,194,182,3,360,483,2145,2913,123,c9a113883eabb55e206bfa501b485b02847d37294e0b9e5108d876b08333b692,"under the microscope. However, it is necessary to dif-
ferentiate the two species, since they may reappear in the blood without reinfec-
tion. Patients infected with P. ovale or P. vivax require additional treatment to eradicate
the liver stages of these parasites.

A patient can harbour more than one species of malaria parasite at the same time
(e.g. P. falciparum and P. malariae or P. falciparum and P. vivax).

If the result is negative, report as “no parasites found”.


4.7.3 Trypanosoma spp.

Trypanosomiasis is caused by infection with parasitic protozoa of the genus
Trypanosoma. It occurs in southern and western Africa, where it is known as
sleeping sickness or African trypanosomiasis, and in Central and South America,
where it is called Chagas disease."
C_0195_001,DOC_WHO_2003,P_0195,195,183,1,0,220,0,1414,220,f3e731bade2197a92f01518881d789c69f49048909b7c6b120892662b75a5ce7,"4. Parasitology 183




African trypanosomiasis

African trypanosomiasis occurs in three phases:

— the acute phase

— the parasitaemic phase

— the neurological phase.

Two or 3 days after the bite of an infected tsetse fly, a chancre appears at the inocu-
lation site; it disappears within 2–3 weeks. From the site of the chancre, the
trypanosomes invade the bloodstream, giving rise to occasional episodes of inter-
mittent fever. The most common symptoms of the first or acute phase are head-
ache, sleeplessness, pain in the joints and posterior lymph nodes of the neck, swelling
of the eyelids and joints, weight loss and generalized intense itching, especially in
the region of the breast bone. Invasion of the central nervous system causes irrita-
bility, paraesthesia, sleeplessness and eventually severe headaches and blurred vi-
sion, as well as epileptic attacks, psychotic phenomena, drowsiness, mental lethargy
and coma.

Trypanosomiasis caused by Trypanosoma brucei gambiense generally has a slow and
chronic course. Between the first and second phases, weeks or months can pass,
and months or years may elapse between the second and third phases. Trypano-
somiasis caused by T.b. rhodesiense follows a more acute course and the phases are
less marked. It may cause death within a few months. Heart complications are
more frequent in trypanosomiasis caused by T.b. rhodesiense, and some patients die"
C_0195_002,DOC_WHO_2003,P_0195,195,183,2,180,400,1163,2594,220,fab71efccd66492972cbfd06be8f91298efe0f20f255f4db222764731802f9af,"Trypano-
somiasis caused by T.b. rhodesiense follows a more acute course and the phases are
less marked. It may cause death within a few months. Heart complications are
more frequent in trypanosomiasis caused by T.b. rhodesiense, and some patients die
before reaching the neurological phase.


Sources of infection and modes of transmission
African trypanosomiasis is transmitted by tsetse flies (Glossina spp.) and humans
are the main reservoir of infection. Pigs, dogs and possibly other animal species can
also harbour the parasite, but their role in spreading the disease is secondary.

Transmission occurs when tsetse flies ingest the blood of infected humans or
animals.


Examination of lymph node aspirates for Trypanosoma brucei gambiense
and T.b. rhodesiense

In patients with African trypanosomiasis trypanosomes are found in the lymph
glands in the early stage, i.e. 2–3 weeks after infection. They disappear from the
glands within 2–6 months. At a later stage the parasites may infect the central nervous
system.

The standard method of diagnosis of African trypanosomiasis in the early stage is
to search for trypanosomes in aspirates from enlarged cervical lymph nodes.


Principle
A drop of fluid from the lymph node is collected with a needle and examined im-
mediately as a wet preparation. The trypanosomes, which are motile flagellate pro-
tozoa, are easily seen under the microscope.


Materials and reagents
G"
C_0195_003,DOC_WHO_2003,P_0195,195,183,3,360,429,2350,2781,69,d4dda8618db087f9dd4c3aa466e8ba500976fd51962f8a97873b7788ed884e7e,"Principle
A drop of fluid from the lymph node is collected with a needle and examined im-
mediately as a wet preparation. The trypanosomes, which are motile flagellate pro-
tozoa, are easily seen under the microscope.


Materials and reagents
G Microscope

G Microscope slides

G Coverslips

G Needle (for subcutaneous injection), 25-gauge

G Syringe, 5 or 10ml (both syringe and needle must be perfectly dry)

G Tincture of iodine"
C_0196_001,DOC_WHO_2003,P_0196,196,184,1,0,220,0,1258,220,628e8c5b30f30709e3fab6274aa07990f44839ed076a6dbd57c5c7780a851426,"184 Manual of basic techniques for a health laboratory





Fig. 4.141 Finding a lymph gland infected with trypanosomes


G 70% Ethanol

G Sodium chloride, 0.85% solution (reagent no. 53).


Method
Finding a lymph gland
Lymph nodes are found among the cervical glands of the neck. Feel both the right
and the left sides of the neck, from the base of the neck up to the ears.

Affected glands are swollen and form a round lump 2–4cm in diameter (Fig. 4.141).
They are elastic and slide under the skin, offering little resistance to pressure. They
do not become hard (except in chronic cases).


Collection of samples
1. Ask the patient to sit down. Disinfect the chosen site on the neck with ethanol.

2. With the left hand, take the gland between the thumb and the index finger and
make it stand out (Fig. 4.142). Hold your hand steady.

3. Holding the needle between your thumb and forefinger, introduce it at right
angles into the centre of the gland (Fig. 4.143). First pierce the skin, then pen-
etrate the centre of the gland. Avoid the jugular vein and the arteries.

4. With the left hand, gently knead the gland.

With the right hand revolve the needle in both directions (Fig. 4.144).

5. The glandular fluid will ooze into the needle. The operation"
C_0196_002,DOC_WHO_2003,P_0196,196,184,2,180,242,1025,1388,62,8191632a6333f810629bfc2d2b365e96fea9707e350d5ddeaa41fae4e798c7b6,"gland. Avoid the jugular vein and the arteries.

4. With the left hand, gently knead the gland.

With the right hand revolve the needle in both directions (Fig. 4.144).

5. The glandular fluid will ooze into the needle. The operation should take about 1
minute.





Fig. 4.142 Making the lymph gland stand Fig. 4.143 Introducing a needle into the lymph
out gland"
C_0197_001,DOC_WHO_2003,P_0197,197,185,1,0,220,0,1347,220,86e3372136b9fcff9bd28a00c2431d1b19a22ccf829d294e6541fcec93b3fa03,"4. Parasitology 185





Fig. 4.144 Twist the needle in both directions Fig. 4.145 Collecting a sample of fluid from the
lymph node

6. Attach the needle to the syringe, with the piston pulled back (Fig. 4.145). Push
the piston gently halfway down the barrel to discharge a drop of the glandular
fluid in the needle on to a slide.


Microscopic examination
Examine the slide first using the ¥10 objective, then change to the
¥40 objective to examine the parasites in greater detail. Close the
condenser iris diaphragm sufficiently to give a sharp image.

Wait until the convection currents stop. It is impossible to see the
movement of trypanosomes among moving cells.

Begin by examining the periphery of the preparation, near the edges
of the coverslip, as shown in Fig. 4.146, as the trypanosomes tend
Fig. 4.146 Examining a lymph node sample
to make their way to the edges. Then examine the rest of the prepa- under the microscope
ration.

The preparation will contain erythrocytes and leukocytes.
Trypanosomes are about 20mm long and are often hidden by cel-
lular elements which are disturbed by the flagella of the
trypanosomes as they move (Fig. 4.147).


Examination of blood films for Trypanosoma brucei
gambiense and T.b. rhodesiense

Principle
Trypanosomes belonging to the species Trypanosoma brucei are de-
tected in the blood:

— in"
C_0197_002,DOC_WHO_2003,P_0197,197,185,2,180,295,1085,1841,115,413ecacfe583c6bfccbe72c61adc7da3544c147e9cb6815fedffce6cfe4b5946,"are disturbed by the flagella of the
trypanosomes as they move (Fig. 4.147).


Examination of blood films for Trypanosoma brucei
gambiense and T.b. rhodesiense

Principle
Trypanosomes belonging to the species Trypanosoma brucei are de-
tected in the blood:

— in wet preparations

— in thick films after staining

— following concentration by repeated centrifuging
Fig. 4.147 Appearance of trypanosomes in
— in serological tests. a lymph node preparation
Important: In African trypanosomiasis trypanosomes appear in the blood at inter-
vals for a period of a few days, mainly during the first 3 months of the disease and
especially during bouts of fever.


Microscopic examination of capillary blood
Materials and reagents
G Microscope

G Microscope slides"
C_0198_001,DOC_WHO_2003,P_0198,198,186,1,0,220,0,1277,220,41e646fd639e47b1cd8f2915f389534023a98515c9b2234976d36cecafab4787,"186 Manual of basic techniques for a health laboratory





Fig. 4.148 Collecting a capillary blood sample on each of two Fig. 4.149 Collecting a capillary blood
slides sample on filter-paper


G Coverslips

G Blood lancets

G Filter-paper

G Sodium chloride, 0.85% solution (reagent no. 53)

G Giemsa stain (reagent no. 29) or Field stain (reagent no. 25)

G Buffered water, pH 7.2 (reagent no. 15)

G 70% Ethanol.


Method
1. Sterilize the pad of the third finger then prick with the blood lancet. Wipe away
the first drop of blood with filter-paper. Collect two drops of blood (Fig. 4.148):
— one drop on one slide
— one drop on a second slide.

2. Collect two drops of blood on a piece of filter-paper (Fig. 4.149). Leave to dry.

3. On the first slide, place one drop of sodium chloride solution beside the drop of
blood.

Mix, using the corner of a slide (Fig. 4.150). Cover with a coverslip.

4. On the other slide, spread the blood to make a thick film (see page 174).

Stain with Giemsa stain (see page 175) or Field stain (see page 177).

Note: Blood films must be stained and examined immediately after collection of
blood samples, since trypanosomes lyse and disappear within a few hours.


Microscopic examination
Wet preparation. Examine the first slide (with the"
C_0198_002,DOC_WHO_2003,P_0198,198,186,2,180,305,1012,1863,125,50b46bf49be910c8ae4c8987e04ee2cc7b3a27a08cfbea91fdf6de3cdd95d405,"175) or Field stain (see page 177).

Note: Blood films must be stained and examined immediately after collection of
blood samples, since trypanosomes lyse and disappear within a few hours.


Microscopic examination
Wet preparation. Examine the first slide (with the wet preparation) under the
microscope, using the ¥40 objective and reducing the condenser aperture.

Examine the edges of the smear first. Look for movement among the erythrocytes;
trypanosomes will displace them with their flagellum as they move forward.

Make sure that the organisms are trypanosomes:

Length: 15–25mm (2–3 erythrocytes).

Width: 3mm (half an erythrocyte).

Shape: like an elongated fish.

Motility: trypanosomes move rapidly, advancing and contracting like a snake, and
have an undulating membrane extending from a motile flagellum at the anterior
end (Fig. 4.151)."
C_0199_001,DOC_WHO_2003,P_0199,199,187,1,0,220,0,1526,220,583b619e5b01fae74d2fe818517384ac751bc4c06f73e1e85c11c6bf0cf06c68,"4. Parasitology 187





Fig. 4.150 Using a slide, mix the blood sample with Fig. 4.151 Appearance of trypanosomes in
saline solution a wet preparation



Do not confuse trypanosomes with microfilariae, which are
much bigger (100–300mm or 10–40 erythrocytes).

Thick films. Thick films must always be examined, even if the
examination of the wet preparation seems positive, to make sure
that the motile organisms seen are trypanosomes.

Trypanosomes of T.b. gambiense and T.b. rhodesiense are identical
in appearance in stained preparations (Fig. 4.152):

Length: 15–25mm.

Cytoplasm: pale blue.

Nucleus: large central nucleus, stained reddish-purple.

Granules: one compact red body at the posterior end: the kine-
toplast. Fig. 4.152 Appearance of trypanosomes
in a stained thick blood filmUndulating membrane: reddish-pink, starting at the kinetoplast.
F: flagellum; K: kinetoplast;
Flagellum: pink, extending 5mm beyond the undulating mem- M: undulating membrane.
brane.

If both slides are negative, repeat the tests for up to 7 days.

Send the dried drops of blood on the strip of filter-paper to an immunological
reference laboratory for testing for immunoglobulin M (IgM) and specific antibod-
ies.


Microscopic examination of venous blood concentrated by centrifugation
Materials and reagents
G Microscope

G Microscope slides

G Coverslips

G Centrifuge or microhaematocrit centrifuge

G Conical centrifuge tubes with a mark at 10ml or microhaematocrit capillary
tubes

G Pasteur pipette

G Trisodium citrate, 3.2%"
C_0199_002,DOC_WHO_2003,P_0199,199,187,2,180,224,1237,1553,44,4bfb458217b21007082b1522ad59735350f3cb5438f3c83a3e3aaccdef0a6717,"venous blood concentrated by centrifugation
Materials and reagents
G Microscope

G Microscope slides

G Coverslips

G Centrifuge or microhaematocrit centrifuge

G Conical centrifuge tubes with a mark at 10ml or microhaematocrit capillary
tubes

G Pasteur pipette

G Trisodium citrate, 3.2% solution (reagent no. 60)."
C_0200_001,DOC_WHO_2003,P_0200,200,188,1,0,220,0,1317,220,86c7dc26664a26b17c04b73e37ac7aeacda4d60b9fc54377b2e7fdb95e201164,"188 Manual of basic techniques for a health laboratory




Method
1. Pour 1ml of trisodium citrate solution into a conical centrifuge tube.

2. Collect 9ml of venous blood and add it to the trisodium citrate (i.e. fill the tube
up to the 10-ml mark).

3. Mix and immediately centrifuge at 3000g for 3 minutes.

4. Draw off all the supernatant plasma and the layer of leukocytes above the de-
posit of erythrocytes.

Expel this supernatant liquid into another tube (tube 2). Centrifuge at 3000g for
5 minutes.

5. Draw off all the supernatant fluid (but keep the deposit from tube 2).

Expel the supernatant fluid into a third tube (tube 3). Centrifuge at 3000g for
10 minutes.

6. Examine the deposits of tubes 2 and 3 between a slide and a coverslip under the
microscope.

The trypanosomes will appear in the deposit from tube 3 (and occasionally in
that from tube 2).


Alternative method
If a microhaematocrit centrifuge is available, venous (or capillary) blood with anti-
coagulant can be collected into a microhaematocrit capillary tube. The method of
collection and examination is as for microfilariae (see page 164). Motile
trypanosomes, if present, can be found in the plasma just above the layer of
leukocytes. First use the ¥10 objective with reduced condenser aperture to detect
any movement, then use the"
C_0200_002,DOC_WHO_2003,P_0200,200,188,2,180,326,1073,2060,146,3a347e82d45216b8ca6e09c2d78bd7226590478a912c6602fd9f97eafc5ec638,"examination is as for microfilariae (see page 164). Motile
trypanosomes, if present, can be found in the plasma just above the layer of
leukocytes. First use the ¥10 objective with reduced condenser aperture to detect
any movement, then use the ¥40 objective to see the trypanosomes more clearly.


Card agglutination trypanosomiasis test (CATT) for African
trypanosomiasis

The card agglutination trypanosomiasis test (CATT) is a serological test that is
used for the diagnosis of African trypanosomiasis.


Materials and reagents
G Jar

G Tissue paper or cloth

G Glass stirring rods

G Dispensing vial droppers

G Rubber bulb for microhaematocrit tubes

G Syringes, 2.5ml, with needles

G Blood lancets

G Heparinized microhaematocrit tubes

G Test cards

G Microhaematocrit tube holders with cover

G Manual or electric (12/220V) rotator with cover

G Lyophilized antigen

G Lyophilized positive control serum

G Lyophilized negative control serum

G Buffer to reconstitute reagents."
C_0201_001,DOC_WHO_2003,P_0201,201,189,1,0,220,0,1310,220,5e383f87af91b471a3c181d69b398de60b042ed04b45d1bfc7b7a56cede81601,"4. Parasitology 189




The above materials and reagents are available commercially as a test kit. The quan-
tities supplied are sufficient to carry out 250 tests. Before carrying out the test,
prepare your materials and reconstitute the amount of reagents required for the
day’s work. Read and follow carefully the instructions provided in the kit.


Method
Collection of samples
1. Using a blood lancet, make a small puncture wound in the first, second or third
finger of the patient. Collect the blood into a heparinized microhaematocrit tube
(Fig. 4.153) until it is three-quarters full.

2. Immediately rotate the tube gently so that the blood runs from one end of the
tube to the other (Fig. 4.154). Repeat the movement twice. This ensures that the
blood and the heparin are mixed together, and prevents the sample from clot-
ting in the tube.





Fig. 4.153 Collecting a blood sample using a Fig. 4.154 Rotating the tube to mix the sample
microhaematocrit tube


3. Place the microhaematocrit tube in the special holder (sup-
plied with the kit; Fig. 4.155). Keep the holder covered as
much as possible to avoid dust and to prevent the blood
sample from drying in the tube.

Microhaematocrit tube holders have 10 numbered slits.
Make sure that you place the first tube in the first slit, etc.

Once the"
C_0201_002,DOC_WHO_2003,P_0201,201,189,2,180,336,1091,1945,156,85eb25afaf0d19cd56188f0cdf1c508e8c122aa358ed10460bf4400190e5a7ff,"as
much as possible to avoid dust and to prevent the blood
sample from drying in the tube.

Microhaematocrit tube holders have 10 numbered slits.
Make sure that you place the first tube in the first slit, etc.

Once the holder is full, pass it to the person performing the
test.


Performing the test
1. Prepare two test cards. Place one drop of the reconstituted
antigen in wells 1 and 2 of the first card and in all the wells Fig. 4.155 A microhaematocrit tube holder
of the second card. Hold the vial vertically to have constant
calibrated drops (Fig. 4.156).

2. Using the first card, check the quality of the reagent. Place one drop of the
reconstituted positive control in well 1 and one drop of the reconstituted nega-
tive control in well 2 (Fig. 4.157).

Note: It is only necessary to do this once at the beginning of each day in a field
survey."
C_0202_001,DOC_WHO_2003,P_0202,202,190,1,0,220,0,1196,220,442e71b88d950ada496db0b71289dc4c39d61a767132483849540f1a4a7b51ab,"190 Manual of basic techniques for a health laboratory





Fig. 4.156 Applying antigen to the test card





Fig. 4.157 Preparation of controls for the CATT


3. Using the second card, test the collected blood. Place one drop of blood from
the first microhaematocrit tube in well 1, from the second tube in well 2, etc.
(Fig. 4.158). Discard the microhaematocrit tube in a jar containing water with
detergent.

4. Using a stirring rod, mix the reagents in each well of the first card and the rea-
gents and blood samples in each well of the second card. Spread the mixture so
that it covers the well (Fig. 4.159). Use a separate stirring rod for each well or
clean the rod with a piece of tissue paper or a cloth between each well to avoid
contamination of the samples.

5. Place both cards on the rotator, cover and set the timer to 5 minutes. If it is a
manual rotator, check the time with your watch. The rotation speed should be
slow, approximately 100g. If the rotation speed is too fast, clumps will settle at
the edge of the wells; if it is too slow, the reaction will be weak.

6. After 5 minutes, examine the plates and record the reactions in each well. Do
not allow the samples to dry"
C_0202_002,DOC_WHO_2003,P_0202,202,190,2,180,232,995,1261,52,358eddd85d16fe12fab5ab11c92bf8f89e608a2f31b683849dda2cd38f2656a0,"clumps will settle at
the edge of the wells; if it is too slow, the reaction will be weak.

6. After 5 minutes, examine the plates and record the reactions in each well. Do
not allow the samples to dry out. If any samples have dried out, the test should
be repeated."
C_0203_001,DOC_WHO_2003,P_0203,203,191,1,0,100,0,589,100,fb8b02bda7dd486431f31508e84526412447a955a3ca45c137558876731f6a09,"4. Parasitology 191





Fig. 4.158 Applying test samples to the test card





Fig. 4.159 Mixing the samples in each well of the test card





Fig. 4.160 Strong positive reaction in Fig. 4.161 Weak positive reaction in
the CATT the CATT


Results

Strongly positive reactions (Fig. 4.160)
Small or large clumps of particles are visible over the whole well or form a circle
around the edge of the well.


Weak positive reactions (Fig. 4.161)
Very small clumps of particles are spread throughout the well or form a circle around
the edge of the well. Repeat the test using serum or plasma."
C_0204_001,DOC_WHO_2003,P_0204,204,192,1,0,220,0,1416,220,adb0afe06dbf93aa5ac7c36a7373cccfb903517fdeb2c4ee2568eb9f8aecc387,"192 Manual of basic techniques for a health laboratory





who 1156

Fig. 4.162 Negative reaction in the Fig. 4.163 Nonspecific reaction in the
CATT CATT


Negative reactions (Fig. 4.162)
No agglutination is visible. The reaction remains uniform or occasionally slightly
denser in the centre.


Nonspecific reactions (Fig. 4.163)
A dried-up ring is observed around the edge of the well or small dots or fine threads
are seen.

This type of reaction is usually negative. If you are in any doubt about it, repeat the
test using serum or plasma.

Note: Discard any unused reconstituted reagents at the end of the day, unless they
have been refrigerated. They will not keep and may give false results if used the
next day.


Other diagnostic tests for African trypanosomiasis

In addition to the tests described above, African trypanosomiasis is also diagnosed
in the laboratory by:

— examining lymph node aspirates for trypanosomes (see page 183);

— testing dried blood collected on filter-paper for IgM and specific antibodies
(see page 187);

— inoculation of rats or mice with heparinized blood samples (only in special-
ized laboratories);

— examining CSF specimens for trypanosomes (see section 8.3.3, page 259).


Chagas disease

Chagas disease primarily affects children and is characterized by intermittent or
continual high fever. About 50% of children manifest unilateral swelling of the
eyelids (Romaña’s"
C_0204_002,DOC_WHO_2003,P_0204,204,192,2,180,383,1124,2465,203,8518608fa885b2104f2f8d35c19172ddde072d32afc2bb0c046620ad176a7f71,"ized laboratories);

— examining CSF specimens for trypanosomes (see section 8.3.3, page 259).


Chagas disease

Chagas disease primarily affects children and is characterized by intermittent or
continual high fever. About 50% of children manifest unilateral swelling of the
eyelids (Romaña’s sign). On other areas of the face or body, cutaneous lesions
(chagomas) that resemble furuncles occur near the inoculation site. There may be
generalized oedema of the entire body. Enlargement of the liver is common in chil-
dren but not often seen in adults. The fever can be accompanied by myocarditis
and meningitis. The infection of the digestive tract causes vomiting and diarrhoea.
Primary infections can often pass unnoticed, but severe infections may be fatal.

After the acute phase, a period of latent infection follows (indeterminate phase);
this phase is characterized by a low level of parasitaemia and absence of clinical
symptoms. It can either persist indefinitely or may lead to the chronic form of the
disease. The indeterminate phase is characterized by the presence of specific anti-
bodies which can be detected by serological tests, but not by clinical symptoms.

Patients suffering from the chronic form of the disease exhibit signs of cardiac
insufficiency. Abnormalities in the electrocardiogram are often apparent although"
C_0205_001,DOC_WHO_2003,P_0205,205,193,1,0,220,0,1392,220,0c7f43b5475b479defe0f0dce4c958762d4402d70facc99ff40dce6b4b2bdd83,"4. Parasitology 193




clinical symptoms are absent. Patients with the chronic form of the disease
may deny having ever experienced the acute form, possibly because it passed
asymptomatically or because it occurred in childhood and has been forgotten.


Sources of infection and modes of transmission
In Chagas disease the parasite (Trypanosoma cruzi) is transmitted by bugs of the
genus Triatoma that become infected by ingesting the blood of infected humans or
animals. The parasite multiplies in the intestine of the triatomine bug. Humans are
infected when the wound at the site of a triatomine bite is contaminated with the
infected faeces of the bug.

There is a serious risk that Chagas disease may be transmitted via blood transfu-
sion if proper precautions are not taken.


Diagnostic tests for Chagas disease

Trypanosoma rangeli infects humans in almost the same areas as T. cruzi. Although
T. rangeli is not pathogenic, it must be identified and distinguished from T. cruzi for
the diagnosis of Chagas disease.

Important: Motile trypanosomes are found in the blood during the acute phase of
the disease, and rarely thereafter. During the chronic stage the diagnosis is based
essentially on immunological methods.

The trypanosomes that cause Chagas disease are difficult to find in the blood. The
same techniques are used as for African trypanosomiasis:

— examination of a wet"
C_0205_002,DOC_WHO_2003,P_0205,205,193,2,180,317,1130,2034,137,de5c4a815082d471191221545890f98e3441d579a72b6442ed2946fe570889ab,"thereafter. During the chronic stage the diagnosis is based
essentially on immunological methods.

The trypanosomes that cause Chagas disease are difficult to find in the blood. The
same techniques are used as for African trypanosomiasis:

— examination of a wet preparation (see page 186; rarely positive during the
chronic stage of the disease);

— examination of thick films (see page 187) repeated several days in succession;

— examination of blood films prepared from centrifuged blood samples (see
pages 187–188);

— examination of dried blood samples for IgM and specific antibodies (see page
187).


Identification of Trypanosoma cruzi in thick blood films (Fig. 4.164)

Length: about 15mm in broad forms and 20mm in slender forms.

Shape: broad forms are C-shaped; slender forms are generally S-shaped.

Cytoplasm: pale blue.





Fig. 4.164 Appearance of Trypanosoma cruzi in thick blood films"
C_0206_001,DOC_WHO_2003,P_0206,206,194,1,0,220,0,1563,220,4d20dc2d60ac4c055f5794109894e491270465d30bcf1420c1bbb1ed22123ae4,"194 Manual of basic techniques for a health laboratory




Nucleus: large, central and red.

Kinetoplast: large and round granule, dark red or purple, near the posterior
extremity.

Undulating membrane: narrow, reddish-pink.

Flagellum: pink, extending beyond the undulating membrane.


Identification of Trypanosoma rangeli in thick blood films (Fig. 4.165)

Length: 25–35mm.

Shape: only slender forms, with tapering extremities.

Nucleus: red, near the central part of the cell body.

Kinetoplast: small, like a dark red dot, far away from the posterior extremity.

Undulating membrane: visible, narrow.

Flagellum: extending beyond the undulating membrane.

Fig. 4.165 Appearance of
Trypanosoma
rangeli in thick 4.7.4 Leishmania spp.
blood films
Leishmaniasis is a group of diseases caused by infection with parasitic protozoa of
the genus Leishmania. It can affect the skin (cutaneous leishmaniasis), mucous
membranes (mucocutaneous leishmaniasis) and the reticuloendothelial system (vis-
ceral leishmaniasis or kala-azar).

The incubation period is generally from 2 to 6 months, but can vary from 10 days
to several years. In some patients a primary lesion forms several months before the
other symptoms appear. Amastigotes of the Leishmania spp. multiply slowly in
macrophages near the site of inoculation. Some infected macrophages enter the
bloodstream and reach the viscera, where the amastigotes multiply rapidly.

Clinically, the early phases of visceral leishmaniasis are characterized by chronic
irregular fever, cough, diarrhoea and bleeding of the"
C_0206_002,DOC_WHO_2003,P_0206,206,194,2,180,400,1272,2698,220,5f9dd2ba94053f3f9ab881c14775c7734674f05e27cf42c55627f26ec6aac24c,"macrophages near the site of inoculation. Some infected macrophages enter the
bloodstream and reach the viscera, where the amastigotes multiply rapidly.

Clinically, the early phases of visceral leishmaniasis are characterized by chronic
irregular fever, cough, diarrhoea and bleeding of the mucous membranes and sec-
ondary infections. Later, progressive enlargement of the spleen, liver and, occa-
sionally, the lymph nodes, weight loss and — in some patients — patchy
hypopigmentation of the skin occur.

Cutaneous leishmaniasis is characterized by skin ulcers, which may be single or
multiple. In certain forms of cutaneous leishmaniasis plaques, papules or nodules
may appear in different parts of the body.

The clinical symptoms of leishmaniasis may be similar to those found in
schistosomiasis, chronic malaria and chronic leukaemia.


Sources of infection and modes of transmission

The epidemiology of the disease has unique features in each region and varies from
one geographical area to another.

G In the Americas, infection is spread to humans by the bite of the phlebotomine
fly Lutzomyia longipalpis. The vector feeds on dogs, wild animals and, less fre-
quently, humans; it can be found both outside in the countryside and inside
dwellings. The disease occurs mainly in rural areas.

G In India, humans are the main reservoir.

G In the Mediterranean basin and the Gulf area, dogs are the main reservoir, and"
C_0206_003,DOC_WHO_2003,P_0206,206,194,3,360,433,2468,2919,73,0be752c2a9feed0f7a7e4119faa46fa16e43cae150e5ab27b0f1f1d73dcac136,"be found both outside in the countryside and inside
dwellings. The disease occurs mainly in rural areas.

G In India, humans are the main reservoir.

G In the Mediterranean basin and the Gulf area, dogs are the main reservoir, and
the vectors are various species of the genus Phlebotomus.

G In Sudan, wild rodents and carnivores have been found to be reservoirs.

Transmission can take place inside dwellings, which constitute microfoci of
infection."
C_0207_001,DOC_WHO_2003,P_0207,207,195,1,0,220,0,1302,220,a365b9897ca452bd7577f5a50012e8c6fe776a740bc7b63e137d19a2f6039e72,"4. Parasitology 195




Examination of slit skin smears for diagnosis of cutaneous
leishmaniasis

Principle

Cutaneous leishmaniasis is diagnosed by demonstrating the typical amastigote stage
of the organism from slit skin smears of ulcers.

Typical leishmaniasis ulcers are cratered with a raised edge. Slit skin specimens are
collected from the edge of the ulcer.


Materials and reagents

G Microscope

G Microscope slides

G Scalpel

G Gauze

G Slide rack

G Diamond pencil

G 70% Ethanol

G Methanol

G Giemsa stain (reagent no. 29)

G Phosphate-buffered water, pH 6.8 (reagent no. 43).

For use, dilute the Giemsa stain in phosphate-buffered water (1 volume of stain to
19 volumes of buffered water).


Method

Collection of specimens
1. Clean the edge of the ulcer using a swab soaked in ethanol. Using the gauze pad
compress the edge of the ulcer as firmly as possible to present a bloodless area.

2. Use the scalpel to make a superficial incision along the edge of the ulcer about
0.5cm long and 2–3mm deep. Still squeezing, turn the scalpel on to the flat side
and gently scrape the base of the incision with the point of the blade. Collect
tissue cells, but avoid drawing blood.

3. Spread the material collected from the tip of the blade on to a slide in a circular
motion to cover an area"
C_0207_002,DOC_WHO_2003,P_0207,207,195,2,180,363,1094,2181,183,219492df2707fab1cf8172a87b9c9a53ea3d7567978fd17ef71450172f87b0ae,"base of the incision with the point of the blade. Collect
tissue cells, but avoid drawing blood.

3. Spread the material collected from the tip of the blade on to a slide in a circular
motion to cover an area of 5–7mm in diameter. Allow the smear to air-dry and
label the slide with a diamond pencil.


Staining of smears
1. Fix the air-dried smears by flooding the slide with methanol for 2 minutes.

2. Tip off the methanol and flood the slide with the diluted Giemsa stain for 20
minutes.

3. Rinse the slide in phosphate-buffered water and place it upside-down in a slide
rack to drain and dry.


Microscopic examination

Examine the slide under the microscope using the ¥100 oil-immersion objective.

The amastigotes of Leishmania spp. may be found intracellularly in the macrophage
cells or lying separately between the cells. They measure 2–4mm and have a pro-
minent nucleus and a rod-shaped kinetoplast (Fig. 4.166). Both the nucleus and
the kinetoplast stain red and the cytoplasm stains pale blue.

Report the result as “amastigotes of Leishmania spp. present” or “not found”."
C_0208_001,DOC_WHO_2003,P_0208,208,196,1,0,197,0,1203,197,db43ba4c653dc9295c6da89e8f373f1088cb1cc8ce7a9dd991b53ce16176e52a,"196 Manual of basic techniques for a health laboratory




Formol gel test for visceral leishmaniasis

This test is a non-specific indicator for the increased serum levels of gamma globu-
lin that are seen in most patients with visceral leishmaniasis.


Materials and reagents

G Test-tubes

G Test-tube rack

Fig. 4.166 Leishmania spp. G Centrifuge
amastigotes
G Centrifuge tubes

G Formalin (37% formaldehyde).


Method

1. Collect 2–5ml of blood into a centrifuge tube and allow it to clot.

2. Separate the serum by centrifuging the tube for 3 minutes at 5000g or by leaving
the tube overnight in a refrigerator or on the bench.

3. Pipette 1ml of clear serum into a test-tube.

4. Add two or three drops of formalin to the serum. Allow the tube to stand for 30
minutes.


Results

A positive result is shown by gelling of the serum — it becomes solid and turns
white, usually after about 5 minutes.

A negative result is recorded when there is no gelling or whitening of the serum.

Note: Increased gamma globulin concentrations in serum are also seen following
hepatitis B infection (see section 11.8) and in certain malignant diseases, such as
multiple myeloma and Waldenström macroglobulinaemia."
C_0209_001,DOC_WHO_2003,P_0209,209,197,1,0,220,0,1493,220,495402d139b30856eb9995dc6a5602f697e56a856400efd153f5c4b44da8cf24,"5. Bacteriology 197

5. Bacteriology





5.1 Introduction

Direct microscopic examination of smears is generally not sufficient to identify a
bacterial species; precise identification can only be obtained by culture. The collec-
tion and dispatch of specimens to referral laboratories is, therefore, of utmost im-
portance. Nevertheless, direct microscopic examination of stained smears is an
efficient way of studying the presence of bacteria in biological fluids that are nor-
mally sterile and in specimens from other sources. It may provide information of
great value for the diagnosis, immediate treatment and control of the disease. For
example:

G Specimens from male patients with urethritis at an early stage can be used to
diagnose gonococcal infection with reasonable certainty (in females it is much
more difficult).

G Microscopic examination of sputum smears is a practical and effective tech-
nique for the detection of infectious cases of tuberculosis.

G Microscopic examination of CSF is used in identifying the bacteria or fungi that
cause meningitis (see section 8.3.3).

The diagnosis of some diseases is also possible through serology; an example is
syphilis (see section 11.10). Serological techniques are also important for epide-
miological surveillance and early detection of diseases caused by bacteria that are
difficult to culture (e.g. Mycobacterium tuberculosis).


5.2 Preparation and fixation of smears
5.2.1 Principle

The sample to be examined (pus, sputum,"
C_0209_002,DOC_WHO_2003,P_0209,209,197,2,180,332,1203,2112,152,318271ac33799873f8f514bfad882416d2df28fc3c21899301c30a6afa05d0d7,"Serological techniques are also important for epide-
miological surveillance and early detection of diseases caused by bacteria that are
difficult to culture (e.g. Mycobacterium tuberculosis).


5.2 Preparation and fixation of smears
5.2.1 Principle

The sample to be examined (pus, sputum, urine centrifugate, CSF, etc.) is pre-
pared as follows:

G The specimen is spread in a thin layer on a glass slide.

G It is allowed to dry completely.

G It is fixed with 70% methanol or by heating before being stained.


5.2.2 Materials and reagents

G Inoculating loop: this is a metal wire (usually made of nickel–chromium alloy)
fixed on to a handle and bent into a loop at the other end. Make the loop with
forceps, taking care that it is centred (Fig. 5.1). The actual diameter of the loop
should be 2mm.

G Microscope

G Microscope slides

G Coverslips

G Bunsen burner or spirit lamp

G 70% Methanol.




197"
C_0210_001,DOC_WHO_2003,P_0210,210,198,1,0,220,0,1199,220,13159d25f17c204264f9c2807361228d914243abb1bced5b7259703ef36080b0,"198 Manual of basic techniques for a health laboratory





Fig. 5.1 Making an inoculating loop


5.2.3 Preparation of smears

1. Flame the loop until it is red-hot: hold the loop just above the blue part of the
flame, as close to the vertical as possible (Fig. 5.2). Allow it to cool (count to
20).

2. Take a portion of the specimen to be examined by placing the loop flat on the
surface of the liquid (Fig. 5.3).

3. Number a slide, then press the loop flat on to the centre of the slide (Fig. 5.4).

4. Still holding it flat against the slide, move the loop in an oval spiral, outwards
from the centre (Fig. 5.5).

Leave a space between the specimen and each of the four sides of the slide. Let
the slide dry completely in the air.

5. Repeat step 1.

Unmarked smears are sometimes received in the laboratory from outside sources.

To find out on which side of an unmarked slide the smear has been made, turn the
slide so that it reflects the light from the window:

G The side without the smear will shine.

G The side with the smear will not reflect the light.





Fig. 5.2 Flaming an inoculating loop Fig. 5.3 Collecting a sample using an inoculating
loop





Fig. 5.4 Transferring a sample"
C_0210_002,DOC_WHO_2003,P_0210,210,198,2,180,228,962,1237,48,31313b7976b969c010ca13b01df3a10e85a5ea9934dfbffc2f0dcc6510de1390,"window:

G The side without the smear will shine.

G The side with the smear will not reflect the light.





Fig. 5.2 Flaming an inoculating loop Fig. 5.3 Collecting a sample using an inoculating
loop





Fig. 5.4 Transferring a sample to a slide Fig. 5.5 Preparing a smear"
C_0211_001,DOC_WHO_2003,P_0211,211,199,1,0,220,0,1303,220,a8c30d5d8feb3e71d6730adec66ed92e176093c0890877993ea7b50149647a09,"5. Bacteriology 199



5.2.4 Fixation of smears

When the smear has dried completely, fix it by covering the
slide with a few drops of 70% methanol for 2 minutes or by
quickly passing the back of the slide through the flame three
times (Fig. 5.6).

The fixed smear can be stained as described in section 5.3.

It is sometimes useful to draw a circle around the smear
with a grease pencil, so that it can be seen more easily.


5.3 Staining techniques Fig. 5.6 Fixing a smear over a flame
5.3.1 Gram staining

Gram stain will enable the smear to be examined by microscopy for the presence of
bacteria, pus cells, Vincent’s bacilli and Candida albicans. Commensal bacteria, which
are always present, are not important. They do not need to be considered for fur-
ther examination or reported.


Principle

G Crystal violet stains all bacteria deep violet (Fig. 5.7).

G Iodine solution fixes the violet colour more or less strongly in the bacteria
(Fig. 5.8).

G 95% Ethanol:
— decolorizes certain bacteria when the crystal violet is not strongly fixed by
iodine solution (Fig. 5.9 (a));
— does not decolorize other bacteria when the crystal violet is strongly fixed by
iodine solution (Fig. 5.9 (b)).

G Carbol fuchsin, neutral red or safranine solution (pink):
— re-stains (pink) the bacteria discoloured"
C_0211_002,DOC_WHO_2003,P_0211,211,199,2,180,312,1050,1954,132,a395d911d0cf42100ffc1f9fd80d3753af10483e7fe2d055d39049faad4507a6,"by
iodine solution (Fig. 5.9 (a));
— does not decolorize other bacteria when the crystal violet is strongly fixed by
iodine solution (Fig. 5.9 (b)).

G Carbol fuchsin, neutral red or safranine solution (pink):
— re-stains (pink) the bacteria discoloured by ethanol (Fig. 5.10 (a))
— has no effect on the other bacteria, which remain dark violet (Fig. 5.10 (b)).


(a) (b) (a) (b)





Fig. 5.7 Gram staining reaction: Fig. 5.8 Gram staining reaction:
staining with crystal violet fixation using iodine
a: Gram-negative bacteria; a: Gram-negative bacteria;
b: Gram-positive bacteria. b: Gram-positive bacteria.


(a) (b)

(a) (b)





Fig. 5.9 Gram staining reaction: Fig. 5.10 Gram staining reaction: re-
decolorization with ethanol staining with carbol
a: Gram-negative bacteria; fuchsin, neutral red or
b: Gram-positive bacteria. safranine solution
a: Gram-negative bacteria;
b: Gram-positive bacteria."
C_0212_001,DOC_WHO_2003,P_0212,212,200,1,0,220,0,1469,220,96ef7d617fa3ae5fc3e288860d6d4a30025b9646573d782e983ec105743b310f,"200 Manual of basic techniques for a health laboratory




Materials and reagents

G Microscope

G Slide rack

G Crystal violet, modified Hucker (reagent no. 18)

G Lugol iodine, 0.1% solution (reagent no. 36)

G Acetone–ethanol decolorizer (reagent no. 4)

G Carbol fuchsin solution for Ziehl–Neelsen stain (reagent no. 16) (diluted 10-
fold with 95% ethanol), neutral red, 0.1% solution (reagent no. 40) or safranine
solution (reagent no. 47).


Method

1. Fix the smear as described in section 5.2.4.

2. Cover the smear with crystal violet stain for 60 seconds.

3. Wash off the stain with clean water. Drain the slide and cover the smear with
iodine for 60 seconds.

4. Wash off the iodine with clean water. Decolorize rapidly with acetone–ethanol.
Only 2–3 seconds are needed.

5. Cover the smear with carbol fuchsin for 2 minutes.

6. Wash off the stain with clean water and place the slide upright in a slide rack to
drain and air-dry.


Microscopic examination

First examine the slide using the ¥40 objective to see how the smear is distributed
and then use the ¥100 oil-immersion objective.


Gram-positive organisms

Gram-positive organisms appear dark purple (Fig. 5.11) (e.g. staphylococci, strep-
tococci, micrococci, pneumococci, enterococci, diphtheria bacilli, anthrax bacilli).





Fig. 5.11 Gram-positive organisms Fig. 5.12 Gram-negative organisms


Gram-negative organisms

Gram-negative organisms appear red (Fig. 5.12) (e.g. gonococci, meningo-"
C_0212_002,DOC_WHO_2003,P_0212,212,200,2,180,297,1091,2011,117,e318e713e6f0a65e85f50653053195027f47644825bfdb484c3a2572866e0c54,"objective.


Gram-positive organisms

Gram-positive organisms appear dark purple (Fig. 5.11) (e.g. staphylococci, strep-
tococci, micrococci, pneumococci, enterococci, diphtheria bacilli, anthrax bacilli).





Fig. 5.11 Gram-positive organisms Fig. 5.12 Gram-negative organisms


Gram-negative organisms

Gram-negative organisms appear red (Fig. 5.12) (e.g. gonococci, meningo-
cocci, coliform bacilli, shigellae, salmonellae, cholera vibrios).


Identification of specific organisms

Candida albicans appears as large (2–4mm in diameter) oval or round Gram-
positive spores (Fig 5.13(a)) with mycelium-like filaments of varying length
with rounded ends (Fig. 5.13(b)).

“Actinomycetes” are seen as large granules, sometimes visible to the naked eye
(white to yellow colour). The centre is Gram-negative, the periphery Gram-
Fig. 5.13 Candida albicans positive (Fig. 5.14). They are found in pus from skin, sputum, etc."
C_0213_001,DOC_WHO_2003,P_0213,213,201,1,0,220,0,1361,220,b55d748cfa8fbc80e0c7db258c5ce7d3271e553a6c49dc81f7b29a0e9bddb738,"5. Bacteriology 201





Fig. 5.14 “Actinomycetes” Fig. 5.15 Vincent’s bacilli


Vincent’s bacilli are seen as Gram-negative spirochaetes and fusiform rods
(Fig. 5.15).

No other bacteria should be reported as there are many commensal bacteria which
may be confused with pathogens.


Sources of error

A false Gram-positive reaction may occur because:

G The smear was fixed before it was dry.

G The smear was too thick.

G There was sediment in the bottle of crystal violet (filter before using).

G The iodine solution was not thoroughly washed off the slide.

G The acetone–ethanol was not left on the slide long enough.

G The carbol fuchsin (or safranine or neutral red) solution was too strong or left
on the slide too long.

A false Gram-negative reaction may occur because:

G The iodine solution was not left on the slide long enough.

G The acetone–ethanol was left on too long or not washed off properly.


5.3.2 Staining with Albert stain (for the detection of
Corynebacterium diphtheriae)

If diphtheria is suspected a sputum smear should be stained with
Albert stain. This stain is used to show the dark-staining volutin
granules that appear in Corynebacterium diphtheriae bacilli (see
Fig. 5.16).


Materials and reagents

G Microscope

G Slide rack

G Albert stain (reagent no. 7).


Method

1. Fix the smear as described in section 5.2.4.
Fig."
C_0213_002,DOC_WHO_2003,P_0213,213,201,2,180,278,1102,1693,98,dc847e2ebe09ea675d6e34d3f10fda3f1399c9eea0d2db16fed4978303c77384,"to show the dark-staining volutin
granules that appear in Corynebacterium diphtheriae bacilli (see
Fig. 5.16).


Materials and reagents

G Microscope

G Slide rack

G Albert stain (reagent no. 7).


Method

1. Fix the smear as described in section 5.2.4.
Fig. 5.16 Corynebacterium diphtheriae
2. Cover the smear with Albert stain for 3–5 minutes. C. diphtheriae rods may be arranged in
rows (a) or in V-formation (b) or joined
3. Wash off the stain with clean water and place the slide upright at angles, giving the appearance of
in a slide rack to drain and air-dry. Chinese characters (c)."
C_0214_001,DOC_WHO_2003,P_0214,214,202,1,0,220,0,1505,220,2adce205ea6844d2351f2d7e9bf9a7afd868f30ae32f2faabe3afe1c413598ae,"202 Manual of basic techniques for a health laboratory




Microscopic examination

First examine the slide using the ¥40 objective to see how the smear is distributed
and then use the ¥100 oil-immersion objective.

Corynebacterium diphtheriae appears as green rods (Fig. 5.16) containing green–
black volutin granules. The rods may be arranged in rows (a) or in V-formation (b),
or joined at angles, giving the appearance of Chinese characters (c). The presence
of slender rods containing volutin granules is sufficient evidence for starting treat-
ment for diphtheria.

If diphtheria is suspected, a specimen should be sent to the bacteriology laboratory
for culture (see section 5.4.4).


5.3.3 Staining with Ziehl–Neelsen stain (for the detection of
acid-fast bacilli)

Ziehl–Neelsen stain is used to identify mycobacteria and oocysts of Cryptosporidium
spp. (see section 4.3.2, page 123).


Principle

When mycobacteria and oocysts of Cryptosporidium spp. are stained with a hot
strong solution of carbol fuchsin, they resist decolorization with a solution of acid
or acid–ethanol and stain red. Tissues and other organisms are decolorized by the
acid–ethanol solution and are demonstrated by a counterstain such as methylene
blue, which stains them blue.

Mycobacterium leprae and oocysts of Cryptosporidium spp. only resist decolorization
with weak solutions of acid or acid–ethanol. They are demonstrated using the modi-
fied Ziehl–Neelsen technique (Table 5.1).

Mycobacterium spp. and oocysts of"
C_0214_002,DOC_WHO_2003,P_0214,214,202,2,180,315,1218,2123,135,784bdc15563e5e925fb0187a504dddbaddb09d6ae87ff4697b8f5f816b24d89f,"as methylene
blue, which stains them blue.

Mycobacterium leprae and oocysts of Cryptosporidium spp. only resist decolorization
with weak solutions of acid or acid–ethanol. They are demonstrated using the modi-
fied Ziehl–Neelsen technique (Table 5.1).

Mycobacterium spp. and oocysts of Cryptosporidium spp. are referred to as “acid-
fast” due to their resistance to decolorization with acid solution. They do not stain
well with Gram stain or simple stains such as methylene blue.


Materials and reagents

G Microscope

G Spirit lamp or Bunsen burner

G Slide rack

G Forceps

G Carbol fuchsin solution for Ziehl–Neelsen stain (reagent no. 16) (filtered before
use)


Table 5.1 Organisms stained by Ziehl–
Neelsen stain

Sample Organism

Sputum M. tuberculosis

M. bovis

Skin M. leprae

M. ulcerans

Urine M. tuberculosis

M. bovis

Stool Cryptosporidium spp.

Gastric lavage M. tuberculosis

M. bovis"
C_0215_001,DOC_WHO_2003,P_0215,215,203,1,0,220,0,1265,220,3bc41b57296762c7b3bb1b671c77641c7aaad396b8db64d3fc057abbda94facb,"5. Bacteriology 203




Table 5.2 Reporting the number of acid-fast bacilli present

Number of acid-fast bacilli present per Result
microscope field

< 0.1 (< 10 per 100 fields) Specify number present per 100 fields

0.1–1 (10–100 per 100 fields) +

1–10 ++

> 10 +++



G Acid–ethanol for Ziehl–Neelsen stain (reagent no. 5)

G Malachite green, 1% solution (see reagent no. 31), diluted 1:1 with distilled
water, or methylene blue solution (reagent no. 39).


Method

1. Fix the smear as described in section 5.2.4.

2. Cover the smear with filtered carbol fuchsin stain. Using forceps, gently heat the
slide over a spirit lamp or Bunsen burner until the stain starts to evaporate (at
about 60°C — do not overheat).

3. Leave the stain on the slide for 5 minutes.

4. Wash off the stain with clean water and cover the smear with acid–ethanol for
5 minutes or until the smear is pale pink.

5. Wash the slide well in clean water and cover the smear with malachite green or
methylene blue for 1–2 minutes.

6. Wash off the stain with clean water and place the slide upright in a slide rack to
drain and air-dry. Do not blot the smear.


Microscopic examination

Examine the slide under the microscope; first use the ¥40 objective to see how the
smear is distributed."
C_0215_002,DOC_WHO_2003,P_0215,215,203,2,180,373,1033,2223,193,ca589fd97470f4ce2bb3a939f9b1fd7f2749cae082dcfa1c06781a9d3ffdad59,"clean water and place the slide upright in a slide rack to
drain and air-dry. Do not blot the smear.


Microscopic examination

Examine the slide under the microscope; first use the ¥40 objective to see how the
smear is distributed. Then systematically examine the slide with the ¥100 oil-
immersion objective to look for acid-fast bacilli (red bacilli). Examine the slide
from end to end in steps until the whole smear is covered. Count the number of
acid-fast bacilli present per microscope field (or per 100 microscope fields, if very
few acid-fast bacilli are present).

Before moving to another slide, wipe the objective clean with lens tissue to prevent
transfer of acid-fast bacilli to another slide.

If red bacilli can be seen, report as “acid-fast bacilli present”. Report the numbers
of acid-fast bacilli present as described in Table 5.2.

If no acid-fast bacilli are seen, report as “no acid-fast bacilli found”.


5.3.4 Staining with Wayson stain (for the detection of
Yersinia pestis)

Wayson stain is used to identify Yersinia pestis in bubo aspirates (see section 5.10).


Materials and reagents

G Microscope

G Slide rack

G 70% Methanol

G Wayson stain (reagent no. 63)."
C_0216_001,DOC_WHO_2003,P_0216,216,204,1,0,220,0,1351,220,2161f5293a0bb3df601b52a3227ca73c3f3f629db8eefdfabe584c909dc42338,"204 Manual of basic techniques for a health laboratory




Method

1. Fix the smear with methanol for 2 minutes.

2. Cover the smear with Wayson stain for 15 seconds.

3. Wash the slide in clean water and place it upright in a slide rack to drain and air-
dry.


Microscopic examination

First examine the slide using the ¥40 objective to check the distribution of the
material and then use the ¥100 oil-immersion objective.

Yersinia pestis appears as bipolar organisms which stain blue with pink ends.


5.3.5 Staining with Loeffler methylene blue (for the detection of
Bacillus anthracis)

Loeffler methylene blue is used to stain Bacillus anthracis, which causes anthrax
(see section 5.11).

Note: Anthrax is a highly contagious disease. Gloves and protective clothing should
therefore be worn when specimens suspected of being infected with anthrax are
handled. The staining procedure should be carried out in a safety cabinet.


Materials and reagents

G Microscope

G Slide rack

G Potassium permanganate, 4% solution (reagent no. 46)

G Loeffler methylene blue (reagent no. 35).


Method

1. Cover the slide with potassium permanganate for 10 minutes.

2. Wash the slide in clean water and cover the smear with Loeffler meth-
ylene blue for 1 minute.

3. Wash off the stain with clean water and place the slide upright in a
slide rack to drain"
C_0216_002,DOC_WHO_2003,P_0216,216,204,2,180,335,1148,2155,155,bd3d2303c3f4bf3e72befc46bc414c9387817dc5f0b02c4f65013b7f91d5974d,"10 minutes.

2. Wash the slide in clean water and cover the smear with Loeffler meth-
ylene blue for 1 minute.

3. Wash off the stain with clean water and place the slide upright in a
slide rack to drain and air-dry.


Fig. 5.17 Bacillus anthracis Microscopic examination

First examine the slide using the ¥40 objective and then use the ¥100
oil-immersion objective.

Bacillus anthracis appears as large blue rods surrounded by a mauve capsule; the
bacilli appear in chains (Fig. 5.17).


5.4 Examination of sputum specimens and throat swabs

The presence of pathogenic organisms is revealed by microscopic examination of
sputum specimens and throat swabs. The organisms include:

G Bacteria: Gram-positive and Gram-negative acid-fast bacilli.

G Fungi or yeasts: filaments of mycelium with or without pores. They may be patho-
genic or saprophytes that have multiplied in the sample after collection (correct
identification by a specialized laboratory necessary).

G Actinomycetes: granules, see page 200."
C_0217_001,DOC_WHO_2003,P_0217,217,205,1,0,220,0,1369,220,0ecde23964f3575d5b3c7f70a0974b7b133673d32cf542e403632e3e5383d474,"5. Bacteriology 205




G Parasites: eggs of pulmonary flukes and, very rarely, eggs of schistosomes and
adult worms of Mammomonogamus laryngeus.

Culture is often necessary for the identification of the infective agents.


5.4.1 Materials and reagents

G Microscope

G Microscope slides

G Wide-necked, leakproof containers for sputum specimens, such as jars or stiff
paper boxes (see section 2.5.5)

G Sterile cotton wool swabs

G Tongue depressor or spatula

G Test-tubes

G Sodium chloride crystals

G N-cetylpyridinium chloride

G Distilled water.

If possible, sterile cotton wool swabs should be prepared at a central-level labora-
tory; otherwise, the following technique may be used.

1. Prepare some thin sticks of wood (or aluminium wire), 18cm long and 2mm in
diameter. Prepare strips of cotton wool, 6cm long by 3cm wide and as thin as
possible.

2. Roll the cotton wool round one end of the stick (or wire).

3. Mould the swab into a conical shape.

4. Place in a glass test-tube. Plug with non-absorbent cotton wool. Sterilize (see
section 3.5.5).


5.4.2 Method

Collection of specimens

Sputum specimens

Sputum specimens should be collected early in the morning.

1. Ask the patient to take a deep breath and then cough deeply, spitting
what he or she brings up into the container (Fig. 5.18).

Secure the top and label the container with the name and"
C_0217_002,DOC_WHO_2003,P_0217,217,205,2,180,335,1159,2105,155,44ffb5b147d7fa812e361b849ed08123121361d70587a05cfc1acbf71b920aca,"early in the morning.

1. Ask the patient to take a deep breath and then cough deeply, spitting
what he or she brings up into the container (Fig. 5.18).

Secure the top and label the container with the name and number of
the patient.

Check that a sufficient amount of sputum has been produced.

2. If the specimen is to be dispatched to a laboratory for culture of Myco-
bacterium tuberculosis (see section 5.4.4), ask the patient to expectorate
directly into a wide-mouthed, screw-topped jar containing 25ml of
the following solution:

N-cetylpyridinium chloride 5g
Sodium chloride 10g Fig. 5.18 Collecting a sputum sample
Distilled water to 1000ml.

Screw on the top and label the jar with the patient’s name and the date of collec-
tion of the specimen (see section 3.7.1).

Important: Liquid frothy saliva and secretions from the nose and pharynx are
not suitable for bacteriological examination. Ask the patient to produce another
specimen."
C_0218_001,DOC_WHO_2003,P_0218,218,206,1,0,220,0,1350,220,2e555d356dc24e62a8f64a224d8f594fed0303d9974e05e8ba404bf790df3ecd,"206 Manual of basic techniques for a health laboratory




Throat specimens

1. Using a tongue depressor or a spatula to press the tongue down (Fig. 5.19),
examine the back of the throat.

2. Look carefully for signs of inflammation and any exudate, pus, membraneous
deposits or ulcers.

3. Use a sterile cotton wool swab to swab the infected area. Take care not to con-
taminate the swab with saliva. Return the swab to the sterile test-tube.


Preparation of slides

Prepare two smears from each of the specimens (see section 5.2.3). Stain one smear
with Albert stain (see section 5.3.2) and the other with Ziehl–Neelsen stain (see
section 5.3.3).
Fig. 5.19 Examining the back
of the throat
5.4.3 Microscopic examination

Examine the sputum with the naked eye and then by microscopy.

The sputum of a person suffering from a bacterial infection usually contains:

— thick mucus with air bubbles

— threads of fibrin

— patches of pus

— occasional brownish streaks of blood.

After visual inspection report the appearance of the sputum as:

— purulent: greenish, containing pus;

— mucopurulent: greenish, containing both pus and mucus;

— mucoid: containing mostly mucus;

— mucosalivary: containing mucus with a small amount of saliva.

If there is blood present, this must also be reported.

A sputum sample composed mostly of saliva will not be"
C_0218_002,DOC_WHO_2003,P_0218,218,206,2,180,362,1108,2338,182,1c8f1f0e11644400b695cc3ec472c228359491ea24d5712e12518a7cb970c2a8,"containing both pus and mucus;

— mucoid: containing mostly mucus;

— mucosalivary: containing mucus with a small amount of saliva.

If there is blood present, this must also be reported.

A sputum sample composed mostly of saliva will not be useful either for culture or
for direct examination.

Examine the smear stained with Albert stain as described in section 5.3.2. If green
rods containing green-black volutin granules (see Fig. 5.16) are seen, report as
“Corynebacterium diphtheriae present”.

Examine the smear stained with Ziehl–Neelsen stain as described in section 5.3.3.
If red bacilli can be seen, report as “acid-fast bacilli present”. Report the numbers
of acid-fast bacilli present as described in Table 5.2. If no acid-fast bacilli are seen,
report as “no acid-fast bacilli found”.


5.4.4 Dispatch of specimens for culture1

Sputum specimens

Sputum specimens are sent to a bacteriology laboratory for culture of Myco-
bacterium tuberculosis, antimicrobial susceptibility testing and inoculation into
guinea-pigs.

The specimen should be collected in a transport medium as described in section
5.4.2 and dispatched immediately to the laboratory.

Maximum preservation time: 10 days.




1See also section 3.7.1."
C_0219_001,DOC_WHO_2003,P_0219,219,207,1,0,220,0,1456,220,e1b629d907c8c52aaffc568b4304b5a63e20422eab7343a13485c2f566d3ae35,"5. Bacteriology 207




Throat specimens

For routine investigation

As soon as the specimen has been collected, replace the swab in the sterile test-tube
(see section 5.4.2) and send it immediately to the bacteriology laboratory.


For confirmation of Corynebacterium diphtheriae infection

If diphtheria is suspected, the specimen should be sent in a sterile tube containing
coagulated serum (which must be stored in a refrigerator).

Rub the swab over the slanted surface of the serum, starting from the bottom and
not applying pressure (Fig. 5.20). Send the same day.

Maximum preservation time: 24 hours.


For detection of meningococci

This is seldom necessary, except for epidemiological surveys aimed at identifying
carriers of meningococci. If possible, use a transport medium such as Stuart trans-
port medium, modified (reagent no. 56).

Rub the swab over the surface of the medium from one side of the bottle to the
other, starting from the bottom (Fig. 5.21). Send the same day.

Maximum preservation time: 3 days.





Fig. 5.20 Dispatching throat Fig. 5.21 Dispatching throat
specimens in coagulated specimens in Stuart
serum transport medium


5.5 Examination of urogenital specimens for gonorrhoea
5.5.1 Materials and reagents

G Microscope

G Microscope slides

G Bottle, 100ml

G Pasteur pipette

G Cotton wool

G Amies transport medium (reagent no. 9).

5.5.2 Method

Collection of specimens

From male patients

1. If possible collect"
C_0219_002,DOC_WHO_2003,P_0219,219,207,2,180,232,1191,1529,52,bcd4c947628dbb09faab683a50a6144117cf957036b6cad55b6804b41dd021fa,"specimens for gonorrhoea
5.5.1 Materials and reagents

G Microscope

G Microscope slides

G Bottle, 100ml

G Pasteur pipette

G Cotton wool

G Amies transport medium (reagent no. 9).

5.5.2 Method

Collection of specimens

From male patients

1. If possible collect the specimen first thing in the morning before the patient
passes urine."
C_0220_001,DOC_WHO_2003,P_0220,220,208,1,0,220,0,1306,220,78591b32831868fe864ceadb9fbf89b7d94dc0f649a9aebd53af75aa711cf4c1,"208 Manual of basic techniques for a health laboratory




2. Clean around the urethral opening with sterile saline.

3. Apply gentle pressure on the penis so that a drop of pus
appears on the meatus; if no pus appears, gently massage
the urethra from above downwards.

4. Collect a sample of the pus using a sterile cotton wool swab
on a stick (see section 5.4.1). Insert the swab into a small
bottle containing Amies transport medium. Cut the stick
to allow the top to be tightened (Fig. 5.22).

5. Use another swab to collect a drop of the pus for Gram
Fig. 5.22 Transferring a urogenital specimen to staining (see section 5.3.1).
Amies transport medium

From female patients

The specimen should be taken from the cervical canal by a
physician or specialist nurse. In cases of chronic gonorrhoea,
the specimen should be taken just before or just after the men-
strual period.


Preparation of slides

Prepare a smear from each of the specimens. Leave the
smears to air-dry and then stain with Gram stain (see section
5.3.1).


5.5.3 Microscopic examination

Microscopic examination is of great value in the diagnosis of
gonorrhoea in males: it is much less so in females. Culture is
therefore necessary to isolate and identify the gonococci in
specimens from females.

Examine the slides using the ¥100"
C_0220_002,DOC_WHO_2003,P_0220,220,208,2,180,353,1062,2251,173,eca546fc1e7236b718e032875214590655ecde64e67312cb8b7890b0f3b92943,"Microscopic examination is of great value in the diagnosis of
gonorrhoea in males: it is much less so in females. Culture is
therefore necessary to isolate and identify the gonococci in
specimens from females.

Examine the slides using the ¥100 oil-immersion objective.
Fig. 5.23 Gonococci and pus cells Pay particular attention to the edges of the smears, where the
a: Intracellular gonococci; b: extracellular elements are spread more thinly and are easier to see and the
gonococci. stain is less concentrated.


Pus cells

Pus cells have a pink nucleus and a colourless cytoplasm. The nucleus may appear
degenerated.


Gonococci

Gonococci appear as Gram-negative diplococci (in pairs) (Fig. 5.23 (a)). Cocci
appear oval and kidney-shaped. Extracellular Gram-negative diplococci (Fig. 5.23
(b)) should also be reported.

A presumptive diagnosis of gonorrhoea can be made if Gram-negative intracellular
diplococci are seen in smears from male patients. Extracellular Gram-negative diplo-
cocci may be seen if the pus cells are damaged.

Report as:

— Gram-negative intracellular diplococci present;

— Gram-negative extracellular diplococci present;

— no Gram-negative diplococci found."
C_0221_001,DOC_WHO_2003,P_0221,221,209,1,0,220,0,1370,220,aa4434d07e48c5256976c7e8ed56f60f2aa119d32f8260521ca141eb3db1def8,"5. Bacteriology 209




Other bacteria that cause infections in male patients

Numbers of the following may occasionally be seen in smears of urethral pus:

— Gram-positive cocci (e.g. staphylococci);

— Gram-positive bacilli (e.g. diphtheria bacilli);

— Gram-negative bacilli (e.g. coliform bacilli).

These organisms are described in section 5.3.1.


Other bacteria that cause infections in female patients

All kinds of organisms are found in the smears, particularly:

— Gram-positive bacilli;

— Gram-negative cocci (saprophytes).


5.5.4 Dispatch of specimens for culture1

Using Stuart transport medium

Sending the specimen in Stuart transport medium, modified (reagent no. 56) is the
best method, if the medium can be obtained from a specialized laboratory. It is
usually supplied in 30-ml flat bottles that contain 8ml of solid medium (along one
side of the bottle) and are filled with a mixture of air (90%) and carbon dioxide
(10%). Round bottles may also be used. The bottle should remain open for as short
a time as possible to prevent the escape of gas.


Method

1. Place the bottle of medium upright. Collect the pus specimen on a swab as
described in section 5.5.2. Unscrew the bottle cap.

2. Holding the bottle as upright as possible (to prevent the gas escaping), rub the
swab of pus over the whole surface of the solid medium, from one side of the"
C_0221_002,DOC_WHO_2003,P_0221,221,209,2,180,366,1154,2298,186,4f3a434d470388b9a21f9fefac819155dd79737263653ee86de028008ad73132,"as
described in section 5.5.2. Unscrew the bottle cap.

2. Holding the bottle as upright as possible (to prevent the gas escaping), rub the
swab of pus over the whole surface of the solid medium, from one side of the
bottle to the other, starting from the bottom (see Fig. 5.22).

3. Replace the cap on the bottle at once. Dispatch the bottle (at ambient tempera-
ture) immediately.

Maximum preservation time: 3 days, but the shorter the delay the better.

This transport medium is also suitable for meningococci.


Using a Pasteur pipette

Method

1. Collect the pus specimen on a sterile cotton wool swab as described in section
5.5.2.

2. Draw the pus specimen into a sterile Pasteur pipette plugged with cotton wool.

3. Place the pipette in a sterile test-tube, padded and plugged with cotton wool, as
shown in Fig. 5.24.

Maximum preservation time: 6 hours (at ambient temperature).


5.6 Examination of genital specimens for syphilis Fig. 5.24 Dispatching
urogenital
Syphilis is a sexually transmitted disease caused by Treponema pallidum and occurs specimens in a
in three clinical stages. Pasteur pipette





1See also section 3.7.1."
C_0222_001,DOC_WHO_2003,P_0222,222,210,1,0,220,0,1467,220,b75d5d521b0bc9960e24803fab8cbfa0fdb878df1443e83f334d221e5bc6a72c,"210 Manual of basic techniques for a health laboratory




The primary stage is characterized by a painless genital ulcer (syphilitic chancre),
sometimes with enlargement of the lymph nodes in certain regions of the body. The
chancre heals spontaneously, even when untreated.

In some patients the disease progresses to the secondary stage.

The secondary stage results in:

— skin rash

— mouth ulcers

— genital warts

— generalized enlargement of lymph nodes.

The tertiary stage is very rare and is characterized by central nervous system in-
volvement and cardiac disease.

Secondary or tertiary syphilis may be transmitted to a fetus in utero (congenital
syphilis).


Yaws

Yaws is caused by a non-venereal treponeme (Treponema pertenue) and occurs in
humid tropical climates. It is characterized by granular papillomas on the skin.

T. pallidum and T. pertenue are delicate, tightly-coiled spirochaetes measuring 6–
12mm ¥ 0.2mm. They are indistinguishable under the microscope.

It is necessary to inspect samples suspected of being infected with spirochaetes by
dark-field microscopy as they do not stain easily for viewing by transmitted light.


5.6.1 Materials and reagents

G Microscope with dark-field attachment

G Microscope slides

G Coverslips

G Gloves

G Gauze

G Sterile lancet or scalpel

G Sodium chloride, 0.85% solution (reagent no. 53).


5.6.2 Method

Collection of specimens

Important:

G Wear protective gloves for this procedure.

G The"
C_0222_002,DOC_WHO_2003,P_0222,222,210,2,180,314,1200,2000,134,7625f7f0976676afcf6610fbf355abbab5beb283663711dd860998ef46064733,"with dark-field attachment

G Microscope slides

G Coverslips

G Gloves

G Gauze

G Sterile lancet or scalpel

G Sodium chloride, 0.85% solution (reagent no. 53).


5.6.2 Method

Collection of specimens

Important:

G Wear protective gloves for this procedure.

G The chancre area should be clear of any ointment before attempting to collect
the specimens.

1. Collect the chancre specimen with gauze moistened with sodium chlo-
ride solution.

2. If there is no obvious serous fluid, gently scrape the edge of the ulcer
with a sterile lancet or the flat edge of a scalpel blade (Fig. 5.25). Do not
draw blood.

3. Compress the ulcer gently with a gauze pad.

Fig. 5.25 Collecting a chancre 4. Using a coverslip, collect a drop of the serous exudate and invert it im-
specimen mediately onto a slide."
C_0223_001,DOC_WHO_2003,P_0223,223,211,1,0,144,0,985,144,e9971cdfaef340a940355670c40acd5519be9e01bf143cefd771c89789763547,"5. Bacteriology 211



5.6.3 Microscopic examination

Examine the slide using the dark-field microscope.

With experience of dark-field microscopy, the treponemes may be seen and can be
distinguished from saprophytic treponemes by their size, characteristic movement
and typical number of coils (Fig. 5.26).





Fig. 5.26 Treponemes


5.7 Examination of semen specimens

Semen is investigated in patients to exclude infertility. This is done by assessing the
functional characteristics of spermatozoa in the seminal fluid.


5.7.1 Materials and reagents

G Microscope

G Microscope slides

G Coverslips

G Blood (Sahli) pipette

G Graduated cylinder, 10ml

G pH indicator paper

G Improved Neubauer counting chamber

G Sodium bicarbonate

G Phenol or formalin (37% formaldehyde)

G Distilled water

G Petroleum jelly.

Before collecting the semen specimen, prepare the semen diluting fluid as
follows:

— sodium bicarbonate 5 g

— phenol or formalin 1 ml

— distilled water to 100 ml."
C_0224_001,DOC_WHO_2003,P_0224,224,212,1,0,220,0,1346,220,e2e3514b3a3d6d932ae94f44bcfa9b43daa43a58e0a1d6e649b896af6461601f,"212 Manual of basic techniques for a health laboratory



5.7.2 Method

Collection of specimens

The semen is collected by the patient in a clean, dry bottle and is brought to the
laboratory as soon as possible after collection, preferably within 30 minutes. It
cannot be examined immediately as semen is a highly viscous fluid and must
“liquefy”. It does this within 15–30 minutes and should be examined as soon as
possible after liquefaction has taken place.


Preparation of slides

After liquefaction has taken place, make a thin smear of semen on a slide (similar to
a blood smear), let it dry in the air and then heat it very gently to fix. Remove the
mucus (which will interfere with staining) by washing the slide with semen diluting
fluid (see above). Then wash the slide gently with buffered distilled water.

Stain the sperm with Leishman stain or Giemsa stain (see section 9.10.3, page
303–304).


5.7.3 Macroscopic examination

Volume

Measure the volume in a small graduated cylinder — the amount varies from only
a few drops up to 10ml. The normal volume is 4–5ml. Less than 1.5ml is consid-
ered abnormal.


Viscosity

Freshly ejaculated semen should be completely liquefied within 30 minutes.
Absence of liquefaction may interfere with sperm motility and fertilization.


Colour

Semen is normally an opaque grey colour. After an"
C_0224_002,DOC_WHO_2003,P_0224,224,212,2,180,311,1070,1900,131,1c7ee22ca5f512d6b6ab97dc16f7d2c4d6a16d63ce6ec7c3099e1391841128ca,"is 4–5ml. Less than 1.5ml is consid-
ered abnormal.


Viscosity

Freshly ejaculated semen should be completely liquefied within 30 minutes.
Absence of liquefaction may interfere with sperm motility and fertilization.


Colour

Semen is normally an opaque grey colour. After an extended period of abstinence
from sexual activity it may appear slightly yellow.


pH

The pH is usually noted though it is of little significance. Semen is always alkaline,
with an average pH of about 7.6 (range 7.2–8.9).


5.7.4 Microscopic examination

Normal spermatozoa are 50–70mm in length, with a large oval head, a small neck
and a long slender tail; the tail takes up about 90% of the total length (Fig. 5.27).
The head is 3–6mm ¥ 2–3mm.





Fig. 5.27 Normal spermatozoa
Source: Image House Medical, Sperm MORPH
system. Used with permission."
C_0225_001,DOC_WHO_2003,P_0225,225,213,1,0,85,0,578,85,778e0e10dab53acf20e5830863f685515cd17ad85ee54070cd0567e15097f342,"5. Bacteriology 213





Fig. 5.28 Spermatozoan with an Fig. 5.29 Spermatozoan with an abnormally
abnormally shaped small head
head Source: Image House Medical, Sperm
Source: Image House MORPH system. Used with permission.
Medical, Sperm MORPH
system. Used with
permission.





Fig. 5.30 Spermatozoan with a double head
Source: Image House Medical, Sperm MORPH system. Used with permission.



The abnormalities of morphology to be looked for include:

— abnormally shaped heads (Fig. 5.28);

— abnormally sized heads (giant or minute) (Fig. 5.29);

— double heads (Fig. 5.30);"
C_0226_001,DOC_WHO_2003,P_0226,226,214,1,0,220,0,1387,220,0d5801bee55056fc1f5315292eac4e28e5d34169250d43865b6215e0584b4dea,"214 Manual of basic techniques for a health laboratory





Fig. 5.31 Spermatozoan with a Fig. 5.32 Spermatozoan with swollen neck
coiled tail Source: Image House Medical, Sperm
Source: Image House MORPH system. Used with
Medical, Sperm permission.
MORPH system. Used
with permission.




— coiled tails (Fig. 5.31);

— absent, bifurcated or swollen necks (middle section) (Fig. 5.32);

— double, rudimentary or absent tails (Fig. 5.33).

In a normal smear there should not be more than 20% abnormal forms.

During the examination of semen note the presence of any other cells such as:

— erythrocytes;

— polymorphonuclear leukocytes;

— epithelial cells;

— immature cells from the testis, etc.

Various crystals may also be seen; their presence should also be noted.


Motility
Fig. 5.33 Spermatozoan with To check the motility, place a drop of semen on a slide, cover the drop with a
double or
rudimentary tails coverslip and rim the edge with petroleum jelly to prevent evaporation. Examine
Source: Image under the ¥40 objective of the microscope.
House Medical,
Sperm MORPH Estimate roughly the proportion of motile to non-motile sperm forms in several
system. Used with different microscope fields. Normally about 80% of the spermatozoa are actively
permission.
motile and about 20% are sluggish or not moving at all. Observe the slide after 3
and 6 hours, and if convenient, also"
C_0226_002,DOC_WHO_2003,P_0226,226,214,2,180,315,1148,1908,135,449329fe168ebea8bd0e29b3fc987eafe2b16b6a229c4122eb7db27720512e8f,"in several
system. Used with different microscope fields. Normally about 80% of the spermatozoa are actively
permission.
motile and about 20% are sluggish or not moving at all. Observe the slide after 3
and 6 hours, and if convenient, also after 12 and 24 hours. For up to 3 hours there
should be little or no reduction in motility, but after this there is an increasing loss
of motility which at room temperature is often complete by 12 hours.

Decreased sperm motility may be a factor in infertility.


Sperm count

1. After liquefaction has taken place, gently shake the specimen to mix.

2. Using a Sahli pipette, draw semen to the 0.5-ml mark; then draw in the semen
diluting fluid to the 11-ml mark and place the pipette on a rotator to mix the
contents."
C_0227_001,DOC_WHO_2003,P_0227,227,215,1,0,220,0,1350,220,554583222e41bd21d6ef0fd94829e019e4a4fce1c1263f9136ae44bccc8a4d41,"5. Bacteriology 215




3. Load an improved Neubauer counting chamber (see Fig. 9.40), allow the sperm
to settle and then count in the four corner squares, as for a leukocyte count (see
section 9.6.3). The formula for calculation is similar to that used for leukocytes,
except that the sperm count is per ml instead of per mm3, so an additional mul-
tiplication factor of 1000 is needed.

n ¥ 10 ¥ 20 ¥ 1000
Number of sperm ml =
4

where n = number of sperm counted.

The normal sperm count is between 60 million and 150 million per ml (100–
500 million/ml according to some sources). Patients with sperm counts below
60 million per ml definitely have low counts, though they may still be fertile.


5.8 Examination of vaginal discharge

Vaginal discharge is examined by microscopy to exclude infections with gonococci,
Candida albicans and Trichomonas vaginalis, which cause bacterial vaginosis, vulvo-
vaginal candidiasis and trichomoniasis, respectively.


5.8.1 Materials and reagents

G Microscope

G Microscope slides

G Coverslips

G Sodium chloride, 0.85% solution (reagent no. 53).


5.8.2 Method

Collection of specimens

The specimen should be collected by a physician or specialist nurse.


Preparation of slides

1. Make a smear of the discharge on a slide and allow it to air-dry. Stain the smear
with Gram stain (see section 5.3.1) and"
C_0227_002,DOC_WHO_2003,P_0227,227,215,2,180,358,1121,2240,178,5157fd131a7eb72e4e3f4442704bcd88dbe924067d86fc01365f6e11e419c079,"specimens

The specimen should be collected by a physician or specialist nurse.


Preparation of slides

1. Make a smear of the discharge on a slide and allow it to air-dry. Stain the smear
with Gram stain (see section 5.3.1) and examine for Candida albicans.

2. Transfer a small sample of discharge to a second slide, add a drop of saline
solution and cover with a coverslip. Look for gonococci and Trichomonas vaginalis
trophozoites in this preparation.


5.8.3 Microscopic examination

Examine the Gram-stained slide using the ¥ 40 objective and the ¥ 100 oil-
immersion objective. Candida albicans appears as large Gram-positive yeasts, often
with budding or short lengths of mycelium (see Fig. 5.13).

Examine the saline preparation as soon as possible using the ¥10 and the ¥40
objectives. Use a microscope with the iris diaphragm closed to give good contrast.
Do not allow the specimen to dry out. Gonococci are Gram-negative and appear as
small dots (see Fig. 5.12). Trichomonas vaginalis trophozoites appear as highly
motile flagellates measuring 8–20mm, with an undulating membrane and a promi-
nent nucleus."
C_0228_001,DOC_WHO_2003,P_0228,228,216,1,0,220,0,1439,220,9447c4fb5d0a8208288ec244b33deeb4c69160234cbbebafa22d4a6d8bb874d1,"216 Manual of basic techniques for a health laboratory



5.9 Examination of watery stool specimens

Dark-field microscopy is used to identify Vibrio cholerae and Campylobacter spp. in
watery stool specimens.


5.9.1 Materials and reagents

G Microscope with dark-field attachment

G Microscope slides

G Coverslips

G Inoculating loop

G Sodium chloride, 0.85% solution (reagent no. 53).


5.9.2 Method

1. Suspend 0.2g of stool in 5ml of sodium chloride solution. Allow the large parti-
cles to sediment.

2. Using an inoculating loop (sterilized by flaming), prepare a very thin smear on a
slide. Carefully remove any large particles.

3. Cover with a coverslip. Place the slide on the microscope stage.

4. Open the iris diaphragm fully and place the dark-field attachment in position.


5.9.3 Microscopic examination

Use the ¥10 objective for focusing. The background appears black, and all objects
suspended in the saline solution appear bright.

Use the ¥40 objective to search for bacteria with characteristic shapes and motility
(see below).

Vibrio cholerae appears as motile rods, which may be short, curved, straight or invo-
luted (Fig. 5.34).

Campylobacter spp. are Gram-negative spiral rods that rotate rapidly on a central
axis.


5.9.4 Dispatch of specimens for culture1

It is often necessary to send stool specimens to a bacteriology laboratory for
culture:

— for the detection of cholera vibrios

— for the detection"
C_0228_002,DOC_WHO_2003,P_0228,228,216,2,180,335,1196,2161,155,4bbe5b9936a61fd2ee5168445be58132e779e33609afa01803f92a59152e0c2d,"spiral rods that rotate rapidly on a central
axis.


5.9.4 Dispatch of specimens for culture1

It is often necessary to send stool specimens to a bacteriology laboratory for
culture:

— for the detection of cholera vibrios

— for the detection of other bacteria that cause dysentery (species of Salmo-
nella, Shigella, etc.).


Using Cary–Blair transport medium

Cary–Blair transport medium (reagent no. 17) will preserve many kinds of enteric
bacteria (cholera vibrios, other vibrios, salmonella, shigella, etc.) for up to 4 weeks.
The uninoculated medium may be stored in a sealed bottle at room temperature
for 8–12 weeks.

1. Dip a sterile cotton wool swab in the stool specimen (Fig. 5.35).

2. For infants or other patients who cannot produce a stool specimen, take a rectal
swab. Moisten the swab with sodium chloride solution and introduce the swab
into the rectum. Turn the swab several times with a circular movement (Fig.
5.36).

1See also section 3.7.1."
C_0229_001,DOC_WHO_2003,P_0229,229,217,1,0,127,0,800,127,f0c1e640f6fe0c7e4f3bf29be82475b109bc5a48ba0163fce5cc5da7f4acf47c,"5. Bacteriology 217





Fig. 5.34 Vibrio cholerae


3. Place the swab in a bottle containing Cary–Blair medium (three-quarters full)
and send it to the bacteriology laboratory. If you cannot send the swab immedi-
ately, store it at room temperature.

Important:

G Never store the swab in the incubator.

G Never store the swab in the refrigerator.


Fig. 5.35 Collecting a watery
Using buffered glycerol saline stool specimen
When specimens are to be sent for culture of enteric organisms other than cholera
vibrios and Cary–Blair transport medium is not available, buffered glycerol saline
(reagent no. 14) may be used.

Note: If the buffered glycerol saline has changed colour from pink to yellow, discard
it and prepare a fresh solution.





Fig. 5.36 Collecting a stool specimen from an infant"
C_0230_001,DOC_WHO_2003,P_0230,230,218,1,0,220,0,1399,220,0b3a9f5bc2cfa201166968369450df78128f0c234b397b5d7b2d73ae8a6e4430,"218 Manual of basic techniques for a health laboratory




1. A bijou bottle with a capacity of 7.5ml is recommended. Fill it to within 2cm of
the top with buffered glycerol saline.

2. Place the stool swab or rectal swab in the bottle and send it directly to the bac-
teriology laboratory.


5.10 Examination of aspirates, exudates and effusions

Aspirates, exudates and effusions are collected by inserting a sterile needle into the
appropriate cavity. This can only be done by an experienced physician as there is a
risk of introducing infection. The cavities from which effusions can be collected
include the following:

— pleural (chest)

— peritoneal (abdominal)

— pericardial

— synovial joint

— bursa.

Bubo aspirates are examined for Yersinia pestis, which causes bubonic plague. The
organism is carried from the sites of inoculation to the lymph glands in the axillae,
groin and neck, where it causes localized swellings or buboes.


5.10.1 Materials and reagents

G Microscope

G Microscope slides

G Centrifuge

G Centrifuge tubes

G Specimen containers (see section 3.7)

G Inoculating loop

G 70% Methanol

G Reagents for:
— Giemsa stain (see section 9.10.3)
— Gram stain (see section 5.3.1)
— Wayson stain (see section 5.3.4)
— Ziehl–Neelsen stain (see section 5.3.3).


5.10.2 Method

Collection of specimens

Aspirated cavity fluid

Aspirated cavity fluid is collected into clean,"
C_0230_002,DOC_WHO_2003,P_0230,230,218,2,180,272,1134,1752,92,8be41c87161b61159b44322894f15b536a7c30b81d029eb53c193186e405f6ed,"for:
— Giemsa stain (see section 9.10.3)
— Gram stain (see section 5.3.1)
— Wayson stain (see section 5.3.4)
— Ziehl–Neelsen stain (see section 5.3.3).


5.10.2 Method

Collection of specimens

Aspirated cavity fluid

Aspirated cavity fluid is collected into clean, dry, sterile containers.

Report the appearance of the fluid. Cavity fluid is normally straw-coloured (yel-
low), but can appear turbid or bloodstained.


Preparation of slides

Aspirated cavity fluid

1. Using an aseptic (sterile) technique, transfer 10ml of the fluid to a centrifuge
tube and centrifuge at moderate speed (2000g) for several minutes."
C_0231_001,DOC_WHO_2003,P_0231,231,219,1,0,220,0,1375,220,7a459117abb5f235e93a2c40f7880e0199c2034532d69d7f08cc124ae36cf8a8,"5. Bacteriology 219




2. Remove the supernatant, resuspend the deposit and use an inoculating loop
(sterilized by flaming) to prepare three smears. Spread the fluid thinly over each
slide (see section 5.2.3).

3. Allow the smears to air-dry and fix with methanol.

4. Stain the slides with:
— Gram stain (see section 5.3.1)
— Ziehl–Neelsen stain (see section 5.3.3)
— Giemsa stain (see section 9.10.3).


Bubo aspirates

1. Prepare a smear from the aspirated fluid as described in section 5.2.3.

2. Fix the smear in methanol for 2 minutes and stain with Wayson stain (see section
5.3.4).


5.10.3 Microscopic examination

Aspirated cavity fluid

Examine each slide using the ¥ 40 objective and the ¥ 100 oil-immersion
objective.

Look for any bacteria present on the slide stained with Gram stain.

Look for acid-fast bacilli (mycobacteria) on the slide stained with Ziehl–Neelsen
stain.

When examining the slide stained with Giemsa stain, identify the predominant
type of blood cell present — leukocytes, lymphocytes or mesothelial cells (from the
lining of the cavity) and any atypical cells which may suggest cancer cells.

If there are more than a few cells present or if the fluid is bloodstained, send the
slide to a bacteriology laboratory for culture.


Bubo aspirates

First examine the slide using the ¥40 objective to check the distribution of the
material and"
C_0231_002,DOC_WHO_2003,P_0231,231,219,2,180,326,1140,2040,146,a44b58b43135f4abb9d8d131a7802d7476d271931fe5d19859919e74b7892f9e,"are more than a few cells present or if the fluid is bloodstained, send the
slide to a bacteriology laboratory for culture.


Bubo aspirates

First examine the slide using the ¥40 objective to check the distribution of the
material and then use the ¥100 oil-immersion objective to look for Yersinia pestis.

Yersinia pestis is seen as bipolar organisms which stain blue with pink ends.


5.11 Examination of pus for Bacillus anthracis

Bacillus anthracis is a pathogen of several types of animal. It is responsible for cuta-
neous anthrax where it shows in its early form as a blister on the skin often called a
malignant pustule.


5.11.1 Materials and reagents

G Protective clothing

G Gloves

G Microscope

G Microscope slides

G Inoculating loop or sterile cotton wool swabs (see section 5.4.1)

G Loeffler methylene blue (reagent no. 35)

G Potassium permanganate, 4% solution (reagent no. 46)."
C_0232_001,DOC_WHO_2003,P_0232,232,220,1,0,220,0,1414,220,4944e689c73b8268c72361394866a3e84ea9eca6e115ac83e6239b71be99c8ef,"220 Manual of basic techniques for a health laboratory



5.11.2 Method

Collection of specimens

Warning: Anthrax is highly contagious. Gloves and protective clothing must
therefore be worn when specimens are collected.

Using an inoculating loop or a cotton wool swab, collect a few drops of pus or
fluid from malignant pustules. Leave the smear to air-dry in a safety cabinet.


Preparation of slides

1. Prepare a smear from the pus or fluid as described in section 5.2.3.

2. Fix the smear with potassium permanganate for 10 minutes, then stain with
Loeffler methylene blue (see section 5.3.5).


5.11.3 Microscopic examination

First examine the smear using the ¥40 objective to check the distribution of
the material and then use the ¥100 oil-immersion objective to look for Bacillus
anthracis.

Bacillus anthracis is seen as large blue rods surrounded by a mauve capsule; the
bacilli are arranged in chains (see Fig. 5.17).


5.12 Examination of skin smears and nasal scrapings for
Mycobacterium leprae

Leprosy or Hansen disease is an infection of the peripheral nerve tissues by the
bacterium Mycobacterium leprae. The bacilli can be present in large numbers in
lepromatous lesions (multibacillary leprosy) and are usually sparse or absent in
tuberculoid lesions (paucibacillary leprosy).

Diagnosis is made by examination of slit skin smears taken from various sites
on the body, or from nasal scrapings"
C_0232_002,DOC_WHO_2003,P_0232,232,220,2,180,346,1144,2168,166,a61ed40903bb4db78aa1906338e8156dec09c576269c40730e24897dbd2223c9,"present in large numbers in
lepromatous lesions (multibacillary leprosy) and are usually sparse or absent in
tuberculoid lesions (paucibacillary leprosy).

Diagnosis is made by examination of slit skin smears taken from various sites
on the body, or from nasal scrapings taken from the septum of the nose. After
fixation, smears are stained by the modified Ziehl–Neelsen method.

Slit skin smears are usually collected from six sites, which are chosen from
areas where nerves run near to the skin surface. These sites should include any
nodules or patches on the face or the body.


5.12.1 Materials and reagents

G Microscope

G Microscope slides

G Scalpel

G Forceps with rounded ends and no teeth, or curved clamp forceps with no
teeth, or tissue forceps

G Diamond pencil

G Gauze

G Small plastic sheets or gloves

G Sterile cotton wool swabs (see section 5.4.1)

G Spirit lamp or Bunsen burner

G Reagents for Ziehl–Neelsen stain (see section 5.3.3)

G 95% Ethanol

G Sodium chloride, 0.85% solution (reagent no. 53)."
C_0233_001,DOC_WHO_2003,P_0233,233,221,1,0,220,0,1225,220,22ff3bc7abcff1b0708781b125f18c16e3dec03285232be0ae848b6981ac0b03,"5. Bacteriology 221



5.12.2 Method

Collection of specimens

Specimens from the ear and skin lesions

1. Examine the ear and skin in good light, look for any lesions or
small swellings with a shiny surface (Fig. 5.37).

From each ear select the most congested lesion or nodule. If no
lesion is visible, use the edges of the ear lobe.

From the skin lesion choose one area just inside the edge of a
patch of depigmented area.

2. Disinfect the area using a gauze swab moistened with ethanol.
Flame the forceps and scalpel. Fig. 5.37 Leprosy lesions on the ear

3. Squeeze the ear lobe or skin area hard using forceps (Fig. 5.38),

if available, or else use the forefinger and thumb to stop the flow of blood.

4. Use the scalpel to make a superficial incision about 0.5cm long and 2–3mm
deep lengthwise in the middle of the lesion.

Still squeezing with the forceps, turn the scalpel on to the flat side and gently
scrape the base of the incision with the point of the blade (Fig. 5.39). Collect the
serous tissue fluid and a small amount of cellular material, but avoid drawing
blood.


Specimens from the body and face

1. Examine the body and face for:

— lesions similar to those found on the ear, but often larger (Fig."
C_0233_002,DOC_WHO_2003,P_0233,233,221,2,180,296,1001,1667,116,698d06d6a401debe3bebc790e98c9492817b4c9fa6791a1612420e774c018116,"serous tissue fluid and a small amount of cellular material, but avoid drawing
blood.


Specimens from the body and face

1. Examine the body and face for:

— lesions similar to those found on the ear, but often larger (Fig. 5.40);

— papules, flat patches (maculae) or plaques (Fig. 5.41); these are pale or thick-
ened, infiltrated areas of skin which are similar in appearance to orange peel.

Choose the most acutely infiltrated lesion and select a site for collection of the
specimen. This should be just inside the edge of the patch, where the skin





Fig. 5.38 Squeezing the ear lobe to stop the Fig. 5.39 Collecting a specimen from an ear
blood flow lesion"
C_0234_001,DOC_WHO_2003,P_0234,234,222,1,0,220,0,1239,220,7000254ab65ae408a390d54c05cc6b42c933fa354c187ff729972eab95047ecd,"222 Manual of basic techniques for a health laboratory




appears to be altering most rapidly. (This is important, to ensure that
bacilli are detected.)

A sample can also be taken from an area of skin showing the first signs of
leprous infiltration.

2. Disinfect the area using a gauze swab soaked in ethanol. Flame the clamp
forceps and scalpel.

3. Squeeze the site hard using the forceps and make an incision about 0.5cm
long and 2–3mm deep with the tip of the scalpel (Fig. 5.42).

4. Still squeezing with the forceps, scrape the bottom and edges of the inci-
sion with the tip of the scalpel. Collect a small amount of pulp and serous
material. Disinfect the incision with ethanol and apply a dressing if there
is bleeding.


Specimens from the nose

Fig. 5.40 Leprosy lesions on the arm Specimens are best prepared from an early morning “nose blow”. The pa-
tient blows his or her nose thoroughly into a small clean dry sheet of cello-
phane or plastic.


Preparation of slides

Specimens from the ear and skin lesions

1. Spread the serous material from the tip of the blade on to the slide in a circular
motion until it covers an area of 5–7mm in diameter (Fig. 5.43). Label the slide
with a diamond pencil. Between two and four"
C_0234_002,DOC_WHO_2003,P_0234,234,222,2,180,372,1032,2092,192,6ee98c93d4f4c9c8acfcff6f7ccc4c764b889890579fd69de6c818a4f7406ca0,"Spread the serous material from the tip of the blade on to the slide in a circular
motion until it covers an area of 5–7mm in diameter (Fig. 5.43). Label the slide
with a diamond pencil. Between two and four smears from the same patient
may be prepared on a single slide.

2. Leave the slide to dry in a dust-free place and then fix the smears by passing the
back of the slide through the flame of a spirit lamp or Bunsen burner several
times.

3. Stain the smears using the modified Ziehl–Neelsen technique (see section 5.3.3).


Specimens from the body and face

1. Using the scalpel, spread the specimen in a circular motion over an area 5–
7mm in diameter on a glass slide labelled with a diamond pencil. Between
three and six specimens from the same patient can be placed on the same slide.

2. Dry and fix the smears as for specimens from the ear or skin lesions (see above).

3. Stain the smears using the modified Ziehl–Neelsen technique (see section 5.3.3).





Fig. 5.41 Leprosy lesions on the Fig. 5.42 Collecting a specimen from a skin lesion
face"
C_0235_001,DOC_WHO_2003,P_0235,235,223,1,0,220,0,1351,220,30d97a4b29ac9c42aa139bc2af30ae8489fbad38f2a43b638b9835416bec53bc,"5. Bacteriology 223





Fig. 5.43 Transferring the specimen to a slide

Specimens from the nose Fig. 5.44 Mycobacterium leprae
M. leprae rods arranged: (a) in groups
1. Using a small cotton wool swab slightly moistened in sodium of 2–5 lying in parallel; (b) in larger
chloride solution, transfer some of the nasal mucus from the plas- groups or clusters; and (c) in large
numbers in circular masses (globi).
tic sheet to a labelled slide.


2. Spread the material evenly on the slide and leave to dry.

3. When completely dry, fix the slide by passing the back of the slide quickly through
the flame of a spirit lamp or Bunsen burner several times.

4. Stain the slide by the modified Ziehl–Neelsen technique (see section 5.3.3).


5.12.3 Microscopic examination

Examine the slide using the ¥100 oil-immersion objective.

Mycobacterium leprae are acid-fast bacilli. After staining by the modified Ziehl–
Neelsen technique, they appear red on a blue background.

Size: 1–8mm.

Shape: Largish rods, straight or slightly curved with rounded ends; they may often
appear granular with the rod being broken into several parts.

Arrangement: The rods are arranged either in groups of 2–5 lying in parallel (Fig.
5.44 (a) or in larger groups or clusters (Fig. 5.44 (b)); occasionally large num-
bers in circular masses called “globi” can be seen (Fig. 5.44"
C_0235_002,DOC_WHO_2003,P_0235,235,223,2,180,313,1117,1926,133,50927516b2c2fe0eb61aa0e4cab20c0174a8459a01fd696f89bf9c033f026b9b,"parts.

Arrangement: The rods are arranged either in groups of 2–5 lying in parallel (Fig.
5.44 (a) or in larger groups or clusters (Fig. 5.44 (b)); occasionally large num-
bers in circular masses called “globi” can be seen (Fig. 5.44 (c)).

Note: Nasal smears sometimes contain non-pathogenic acid-fast bacilli that are not
M. leprae.


Recording the results

Record the results as follows:

— acid-fast bacilli present, or

— no acid-fast bacilli seen.

The results of the examination can be graded as shown in Table 5.3.


Bacteriological index

The bacteriological index (BI) is a guide to the bacterial load and is calculated
by adding all the positive findings from all the body sites where a sample has
been taken and dividing the total number of positive specimens by the number of
sites. For example:"
C_0236_001,DOC_WHO_2003,P_0236,236,224,1,0,212,0,1169,212,55d0cbdd86cf72fc4f73f3bddc2a482232d37e8b674e95bb28cc91b6c0065a72,"224 Manual of basic techniques for a health laboratory




Table 5.3 Reporting the results of the
examination for Mycobacterium
leprae

Number of bacilli per microscope field Result

None (< 1 per 100 fields) 0

0.01–0.1 (1–10 per 100 fields) 1 +

0.1–1 (1–10 per 10 fields) 2 +

1–10 3 +

10–100 4 +

100–1000 5 +

> 1000 6 +




— right ear 3 +

— left ear 2 +

— left arm 2 +

— back 1 +

The total number of positive specimens is 8 + and the BI is 8/4 = 2.


Morphological index

The morphological index provides an indicator of the viability of the bacilli. It is
determined as follows:

Examine 100 bacilli on the prepared slide using the ¥100 objective. Count the
numbers of bacilli that are uniformly stained red, with no break in the rod. These
are considered as viable bacilli and if, for example, the number of viable bacilli is 8,
the morphological index is 8%.

The morphological index is used for the initial diagnosis and follow-up of patients
with multibacillary leprosy.


Culture

There is no method available for the in vitro culture of Mycobacterium leprae.
However, the organism can be cultured in vivo in the foot pads of mice or in the
armadillo."
C_0237_001,DOC_WHO_2003,P_0237,237,225,1,0,220,0,1235,220,71437cacc176e168f304d5f45d7b3584ac0b6daea3c0272d3337e20049e3a455,"6. Mycology1





6.1 Examination of skin and hair for fungi

Ringworm or tinea is a fungal infection of the skin. It can be found on the surface
of the body, the scalp and the nails and between the toes. Cross-infection between
humans frequently occurs and infection can also be acquired from infected ani-
mals or soil.

The circular lesions on the skin consist of a mass of branching hyphae; infected hair
and nails may also contain spores of fungi.


6.1.1 Materials and reagents

G Microscope

G Microscope slides (or dark paper)

G Coverslips

G Scalpel

G Tweezers

G Petri dish

G Bunsen burner or spirit lamp

G Cotton wool swab

G Cotton wool

G 70% Ethanol

G Lactophenol cotton blue mounting solution (reagent no. 33)

G Potassium hydroxide, 20% solution (reagent no. 45).


6.1.2 Method2

Collection of specimens

1. Clean the infected area with a cotton wool swab soaked in ethanol.

2. Use a sterile scalpel to gently scrape the edge of a lesion and collect some skin
scales on to a glass slide or on to a piece of dark paper on which the scales can be
more easily seen. Also collect a few broken or damaged hairs from the infected
areas of the scalp using broad tweezers and place them on the slide.

3. Place a drop of"
C_0237_002,DOC_WHO_2003,P_0237,237,225,2,180,326,1030,1876,146,49bed473c6033603e37bd30bc7dd613e440f1ec3d8971bdf5315b39471b7a328,"dark paper on which the scales can be
more easily seen. Also collect a few broken or damaged hairs from the infected
areas of the scalp using broad tweezers and place them on the slide.

3. Place a drop of lactophenol cotton blue mounting solution and a drop of 20%
potassium hydroxide on to the scales and hair (Fig. 6.1). Cover with a coverslip.
The strong alkali will dissolve the keratin in the tissue, enabling hyphae and
spores to be seen.

Note: Potassium hydroxide is a corrosive fluid and should not be allowed to
touch the skin.



1 A description of the method used for the identification of Candida albicans in vaginal discharge
is provided in section 5.8.
2 Tinea infection can also be identified by examining the patient in a dark room illuminated with
ultraviolet light. The hairs infected with tinea will appear fluorescent.


225"
C_0238_001,DOC_WHO_2003,P_0238,238,226,1,0,220,0,1371,220,bedb656a683584f147fca5523f8ed1d95a1c6c394493d3fad43b97fa6f4d2abd,"226 Manual of basic techniques for a health laboratory





Fig. 6.1 Preparation of slides for
microscopic examination of Fig. 6.2 Clearing the specimen above
skin and hair for fungi a flame





Fig. 6.3 Ectothrix Fig. 6.4 Endothrix
a: Immature spores; a: Immature spores;
b: mature spores. b: mature spores.



4. Place the slide in a covered Petri dish with some damp cotton wool to prevent
the specimen drying out. Leave the specimen to clear for 5–30 minutes, depend-
ing on the thickness. Alternatively, clear the specimen by holding the slide above
a Bunsen burner or spirit lamp flame for 1 minute (Fig. 6.2).


Microscopic examination

Examine the cleared specimen using the ¥10 and ¥40 objectives. Adjust the iris
diaphragm of the condenser to give good contrast.

Branching hyphae and chains of angular rounded arthrospores may be seen. Fun-
gal hyphae can be differentiated from other tissue structures by their branching
and cross walls or septa. They stain blue with lactophenol cotton blue.

Spores (large round granules with transparent membranes) may be seen around
the outside of the hairs (Fig. 6.3). These spores are known as ectothrix.

Spores found inside the hairs are called endothrix (Fig. 6.4).

Report as “fungal hyphae or spores present” or “not found”.


6.2 Examination of pus for mycetoma

Mycetoma is a chronic granulomatous disease of the"
C_0238_002,DOC_WHO_2003,P_0238,238,226,2,180,275,1120,1707,95,e5ee9db9f05ccf9030421399612867b163e47aaec9a4780b49e39197edb62a6c,"These spores are known as ectothrix.

Spores found inside the hairs are called endothrix (Fig. 6.4).

Report as “fungal hyphae or spores present” or “not found”.


6.2 Examination of pus for mycetoma

Mycetoma is a chronic granulomatous disease of the subcutaneous and deep tis-
sue. The most commonly infected site is the foot, where it is called “Madura foot”.
Other possible sites of infection include the hands, the head and the chest wall.

Mycetoma produce small granules which are discharged through sinuses to the
surface. These granules are used in the diagnosis of the disease."
C_0239_001,DOC_WHO_2003,P_0239,239,227,1,0,220,0,1330,220,e7dd7d0edb92add0bbb35ef6a9ee474c1d0858d188582c7d812399f4146c54c7,"6. Mycology 227



6.2.1 Materials and reagents

G Microscope

G Microscope slides

G Coverslips

G Sterile needles

G Distilled water

G 70% Methanol

G Sodium chloride, 0.85% solution (reagent no. 53)

G Potassium hydroxide, 20% solution (reagent no. 45)

G Reagents for Gram staining (see section 5.3.1).


6.2.2 Method

Collection of specimens

1. Use a sterile needle to lift the surface crust over a sinus.

2. Carefully remove some of the discharging pus on to a slide.

3. Add a drop of saline or water, spread the pus gently and look for granules. Gran-
ules vary in colour, size, shape and degree of hardness.

4. Crush a few granules in some distilled water and place on two slides.

5. Allow one slide to air-dry, fix with methanol for 2–3 minutes and stain with
Gram stain (see section 5.3.1).

6. Place a few drops of 20% potassium hydroxide on to the second slide and cover
with a coverslip. Leave the specimen to clear for 10 minutes.


Microscopic examination

Examine the cleared specimen using the ¥10 and ¥40 objectives. Adjust the iris
diaphragm of the condenser to give good contrast.

Look for branching and twisted hyphae or fragmented threads. Gram-stained gran-
ules may show thin or fragmented Gram-positive threads.

Report as:

G “pus from sinus containing granules [specify colour and size] present”;"
C_0239_002,DOC_WHO_2003,P_0239,239,227,2,180,302,1057,1887,122,c91a5386046669152506f653174d5dd83c436bce1630b8d7104e6a5192ee6020,"diaphragm of the condenser to give good contrast.

Look for branching and twisted hyphae or fragmented threads. Gram-stained gran-
ules may show thin or fragmented Gram-positive threads.

Report as:

G “pus from sinus containing granules [specify colour and size] present”;

G “Gram staining shows Gram-positive thin hyphae” or “Gram staining does not
show Gram-positive thin hyphae”.


6.3 Examination of skin for pityriasis versicolor

Pityriasis versicolor is a common skin disease in hot climates; it is caused by the
fungus Pityrosporum furfur. The face and body are covered with patches, which
appear:

— pale and discoloured in dark-skinned patients;

— yellowish-brown in white-skinned patients.


6.3.1 Materials and reagents

G Microscope

G Microscope slides

G Adhesive cellophane tape

G Tongue depressor or glass rod"
C_0240_001,DOC_WHO_2003,P_0240,240,228,1,0,173,0,1001,173,32485a4cdde092f788f7457da4dcd35d6a1ecc21eea5f545f5ed2b47d2f62c98,"228 Manual of basic techniques for a health laboratory




G Forceps

G Gauze pads

G Eosin, 1% solution (reagent no. 23), if possible (otherwise, examine without
staining).


6.3.2 Method

Collection of specimens

1. Choose a rapidly developing patch of infected skin. Moisten it with a gauze
pad dipped in the eosin solution (Fig. 6.5). Leave to dry for 1 minute. (Do
not take the specimen if talcum powder has been used on the skin. Wash it off
first.)

2. Cut a strip of adhesive tape about 5cm long. Place it over the patch so that it
overlaps one edge (Fig. 6.6).

3. Stick the tape on the skin and press firmly from one end to the other, passing a
tongue depressor or glass rod over it several times (Fig. 6.7).

Pull the adhesive tape away with forceps. Place it immediately on a microscope
slide, sticky side down (Fig. 6.8).





Fig. 6.5 Staining pityriasis versicolor-infected skin patches Fig. 6.6 Applying adhesive tape to a skin patch
with eosin





Fig. 6.7 Collecting a skin specimen"
C_0241_001,DOC_WHO_2003,P_0241,241,229,1,0,119,0,780,119,51a5c05ea62bf4e37f553df2b60ca7ba0887f8bafb043956d84195d7bae507fb,"6. Mycology 229





Fig. 6.8 Transferring a skin specimen to a slide Fig. 6.9 Pityrosporum furfur (¥40)



Microscopic examination

Examine the whole slide under the microscope using the
¥40 objective until a cluster of large granules (the spores)
is seen (Fig. 6.9). The spores appear white on a pink back-
ground if the skin was treated with eosin, and are also
visible in unstained preparations.

Change to the ¥ 100 oil-immersion objective to examine
the details (Fig. 6.10).


Spores

Size: 3–8mm diameter.

Shape: round or slightly rectangular, thick-walled, arranged
in a bunch or cluster. Budding is sometimes visible.


Mycelium filaments

Size: 20–40mm long and 5mm wide.

Shape: finger-shaped, bent and twisted rods, with branches. Fig. 6.10 Pityrosporum furfur (¥100)"
C_0243_001,DOC_WHO_2003,P_0243,243,231,1,0,7,0,37,7,e9f0066c3fa4858586137a389cccb262b711d8c11953d6d93c0240a0ac449b86,"7. Examination of urine 231

Part III"
C_0244_001,DOC_WHO_2003,P_0244,244,232,1,0,9,0,54,9,5577047d620b73b2ba6199e3c916f9bd6450be764ac5a3ee0039812ea55aa252,232 Manual of basic techniques for a health laboratory
C_0245_001,DOC_WHO_2003,P_0245,245,233,1,0,220,0,1363,220,c69d05555e03dbfe670a3510a5d9f0f32f6377a7e1df473d81a568411d430c33,"7. Examination of urine 233

7. Examination of urine





Examination of urine is a fundamental investigation in patients in whom kidney
disorders or infections of the urinary tract are suspected. There are also many pa-
tients who exhibit no clinical symptoms, but in whom previously unrecognized
urinary tract infections can be diagnosed by urine examination.


7.1 Collection of urine specimens

Containers for the collection of urine should be wide-mouthed, clean and dry. If
the urine specimen has to be transported for any length of time it should contain an
appropriate preservative to prevent bacterial overgrowth or hatching of viable ova.


7.1.1 Types of urine specimen

Early morning urine specimen

Early morning urine provides the most concentrated sample.


Random urine specimen

A random urine sample, taken at any time of the day, will enable the laboratory to
screen for substances which are indicators of kidney infection.


24-Hour urine specimen

The 24-hour urine specimen is collected in a clear 2-litre bottle with a stopper. On
the first morning the patient gets up and urinates; this urine is not collected. All the
urine passed during the rest of the day and night is collected in the bottle. The next
morning the patient gets up and collects the first urine of the morning in the bottle.
The bottle should then be taken immediately to"
C_0245_002,DOC_WHO_2003,P_0245,245,233,2,180,330,1149,2076,150,e638a5a87d278977f65c07c0a9e739c12389fab27b45e109c7ce1807b962de41,"passed during the rest of the day and night is collected in the bottle. The next
morning the patient gets up and collects the first urine of the morning in the bottle.
The bottle should then be taken immediately to the laboratory.

Measure the volume of urine with a measuring cylinder and record it.


Midstream urine specimen

While passing urine, the patient places an open container in the stream of urine
and collects about 20ml of urine. The container should be covered immediately.


Terminal urine specimen

The patient urinates the last portion of urine into an open container.


Urine specimens collected using a catheter

Collection of urine using a catheter must be carried out by a qualified physician or
nurse. The procedure is used for certain bacteriological tests, mainly in women.
Usually, however, a specimen collected in the normal way following thorough cleans-
ing is acceptable for this purpose.





233"
C_0246_001,DOC_WHO_2003,P_0246,246,234,1,0,220,0,1368,220,5b2d7e2662b77ecbd5d70a4ecf0ca804393b15c8213599ab3c89038b6ebcdef6,"234 Manual of basic techniques for a health laboratory




Urine specimens from infants

Urine can be collected into a plastic bag with an adhesive mouth. The bag is fixed
around the genitalia and left in place for 1–3 hours, depending on the examination
requested. Colostomy bags can be used.


7.1.2 Preservation of urine specimens

G Urine passed at a clinic and examined immediately does not require
preservation.

G If urine has been collected to check for the presence of Schistosoma haematobium
ova but it may not be examined for several hours, it should be acidified with a
few drops of 10% acetic acid (reagent no. 2).


7.2 Examination of urine specimens
7.2.1 Appearance

G Urine is normally clear straw-yellow in colour. More concentrated urine may
appear dark yellow.

G The presence of blood cells or excess salts may make the urine appear cloudy.

G Pigments from bile substances may make the urine appear deep yellow or brown.

G Urine can occasionally appear colourless.

Report the appearance as:

— clear or cloudy;

— colourless, pale yellow, deep yellow or brown.


7.2.2 Testing for the presence of blood

Elevated erythrocyte counts and haemoglobin levels may occur in urine:

— after heavy physical exercise;

— in vaginal tract infections;

— in parasitic infections (e.g. schistosomiasis);

— in acute glomerulonephritis;

— in acute cystitis"
C_0246_002,DOC_WHO_2003,P_0246,246,234,2,180,366,1093,2317,186,d8ab234cf202c923362a513bf7e7c9613a6095b86898d63035c24602f5c1c33c,"Testing for the presence of blood

Elevated erythrocyte counts and haemoglobin levels may occur in urine:

— after heavy physical exercise;

— in vaginal tract infections;

— in parasitic infections (e.g. schistosomiasis);

— in acute glomerulonephritis;

— in acute cystitis or urethritis;

— in patients suffering from certain tumours.

Blood cells are easily seen by microscopic examination after centrifugation (see
section 7.2.7).

Lysed erythrocytes can be detected using a urine dipstick which has a segment for
detection of blood. Urine dipsticks are available for detection of a single substance
(e.g. blood, glucose or protein) or for detection of several substances (e.g. nitrite
and leukocyte esterase).


Method

The dipsticks are placed into the urine and immediately removed. They are then
compared with a comparison chart after an appropriate time that is also specified
on the chart.

The colour changes observed on the dipstick will give a semi-quantitative estima-
tion of the amount of substance present. This can be reported as negative, +, ++,
+++, ++++ or as an approximate value of the concentration of the substance tested
for.

Dipsticks must be stored according to the manufacturer’s instructions."
C_0247_001,DOC_WHO_2003,P_0247,247,235,1,0,220,0,1242,220,81bdf2382e1c1f36a7a881586a6c2d17001810f8e16e4562ef836fc3725eb360,"7. Examination of urine 235



7.2.3 Measuring the pH

Normal freshly passed urine is slightly acid, with a pH of
around 6.0.

In certain diseases the pH of the urine may increase or
decrease.


Principle

G Coloured indicator paper is dipped in the urine (or placed
in a watch glass and a few drops of urine are added to it).
Fig. 7.1 Materials for measuring the pH of urine
G The colour changes according to the pH.

G The paper is then compared with a standard control chart
giving the corresponding pH value.


Materials (Fig. 7.1)

G Watch glasses

G Dropper

G Forceps

G Universal indicator paper (for measuring pH from 1 to
10)

G Indicator paper of limited pH range: for the 5.0–7.0 range Fig. 7.2 Applying the urine specimen to universal
and for the 6.0–8.0 range. indicator paper

The urine specimen must be tested within 1 hour of
collection.


Method

1. Place a strip of universal indicator paper in a watch glass.

Let a few drops of fresh urine fall from the dropper on to
the paper (Fig. 7.2).

Alternatively, dip the test paper directly into the urine in
the receptacle.

2. Pick the strip of paper up with forceps. Fig. 7.3 Checking the pH using universal indicator
paper
Compare the colour obtained with those shown on the"
C_0247_002,DOC_WHO_2003,P_0247,247,235,2,180,382,1005,2134,202,d68c72baa58f15653beeb27413f39d8dffe11016cf237d0143a867afa50be8a5,"7.2).

Alternatively, dip the test paper directly into the urine in
the receptacle.

2. Pick the strip of paper up with forceps. Fig. 7.3 Checking the pH using universal indicator
paper
Compare the colour obtained with those shown on the
standard chart (Fig. 7.3). Read off the pH unit given for
the colour that matches the test paper most closely.

3. According to the result obtained, select a strip of indicator
paper for the corresponding limited range. For example,
if the pH is 6, use indicator paper for the range 5.0–7.0.
If the pH is 7 or more, use indicator paper for the range
6.0–8.0.

4. Repeat the test in another watch glass, using the paper
for the corresponding limited range. Read off the pH of
the urine on the standard chart (Fig. 7.4), e.g. pH = 6.2
or pH = 7.5. Fig. 7.4 Checking the pH using indicator paper of
limited pH range
The pH of urine is normally about 6.0 (range 5.0–7.0). Acid
pH values (4.5–5.5) are observed in some forms of diabe-
tes, muscular fatigue and acidosis. Alkaline pH values (7.8–
8.0) are common in patients with infections of the urinary
tract and in people on a vegetarian diet."
C_0248_001,DOC_WHO_2003,P_0248,248,236,1,0,220,0,1369,220,7fc77663f617ba6e83369ee1bde8ff5c2f7b7bcc347c10de50d12dd1d24f708a,"236 Manual of basic techniques for a health laboratory




pH and crystalline deposits

Determination of the pH of urine is useful for the identification of crystalline
deposits (see section 7.2.7, pages 245–248).

Some crystals are deposited only in acid urine, others only in alkaline urine.

For example:

— acid urine: oxalates, uric acid;

— alkaline urine: phosphates, carbonates, urates.

Except in very rare diseases, crystalline deposits in urine have no diagnostic
significance.


7.2.4 Detection of glucose

Principle

Glucose is the most commonly found sugar substance in urine, particularly in dia-
betic patients and patients suffering from chronic renal failure. Glucose is a reduc-
ing substance. It reduces the blue copper sulfate in Benedict solution to red copper
oxide, which is insoluble.

Lactose is also a reducing sugar and is occasionally seen in the urine of pregnant
women.


Materials and reagents

G Test-tubes

G Wooden test-tube holder

G Test-tube rack

G Beaker or can

G Bunsen burner or spirit lamp

G Dropper pipette

G Graduated pipette, 5ml

G Benedict solution (reagent no. 10).


Method

1. Pipette 5ml of Benedict solution into a test-tube.

2. Add eight drops of urine and mix well.

3. Boil over a Bunsen burner or spirit lamp for 2 minutes (Fig. 7.5), or place
the test-tube in a beaker or can of boiling water for 5 minutes."
C_0248_002,DOC_WHO_2003,P_0248,248,236,2,180,303,1169,1879,123,42e44fba985e2d20e3658aaa4aaada82202060c2ec8bbb4a6b6d075bbbc328c2,"a test-tube.

2. Add eight drops of urine and mix well.

3. Boil over a Bunsen burner or spirit lamp for 2 minutes (Fig. 7.5), or place
the test-tube in a beaker or can of boiling water for 5 minutes.

4. Place the test-tube in the test-tube rack and allow to cool to room tem-
perature.

Examine the colour change of the solution and any precipitate. Report the
result as shown in Table 7.1.
Fig. 7.5 Benedict method for
detection of reducing Glucose in urine can also be detected using a urine dipstick (see section
substances in urine 7.2.2).


7.2.5 Detection and estimation of protein

Elevated protein levels are observed in the urine of patients with:

— urinary schistosomiasis

— chronic renal disease"
C_0249_001,DOC_WHO_2003,P_0249,249,237,1,0,220,0,1506,220,09566393b4b6ea39118f912f754c63086a82fa1f04efff72f8d16b17314e6a07,"7. Examination of urine 237




Table 7.1 Reporting the results of the
Benedict method for detection of
reducing substances in urine

Colour Result

Blue Negative

Green Borderline

Green with yellow precipitate +

Yellow/dark green ++

Brown +++

Orange to brick red ++++



— pyelonephritis

— diabetes mellitus

— systemic disorders (lupus erythematosus)

— multiple myeloma.

However, orthostatic proteinuria, a form of functional proteinuria usually seen in
young men, which occurs on standing up and disappears on lying down, has no
pathological significance.


Principle1

When trichloroacetic acid is added to urine containing protein, a precipitate is
formed, which is measured by turbidimetry. This reaction occurs with almost all
proteins, including albumin and globulins.


Materials and reagents

G Spectrophotometer

G Test-tubes

G Test-tube rack

G Centrifuge

G Mechanical rotator

G Bovine or human serum albumin

G Trichloroacetic acid, 5% solution (see reagent no. 62), diluted 1:4 with distilled
water

G Sodium chloride, 0.85% solution (reagent no. 53)

G Positive and negative controls

G Albumin working standard, 0.005% solution (prepared from albumin stock
standard, 5.0% solution, diluted 1:100 with sodium chloride, 0.85% solution
(reagent no. 53)).

The albumin working standard can be divided into aliquots and stored at -20°C
for up to 6 months.

If albumin stock standard is not available, commercial serum-based standards
containing both albumin and globulin can be used to"
C_0249_002,DOC_WHO_2003,P_0249,249,237,2,180,301,1259,2037,121,9567d5c9404f2e9ad5fee6ca6e4123d262cb09171c133cd557c28c1cd1273a25,"(reagent no. 53)).

The albumin working standard can be divided into aliquots and stored at -20°C
for up to 6 months.

If albumin stock standard is not available, commercial serum-based standards
containing both albumin and globulin can be used to prepare a working standard
solution of the appropriate concentration. As with the albumin standard, the working
standard can also be divided into aliquots and stored at –20°C for up to 6 months.


1 Further details of the method described here are given in the following references: Shahangian
S, Brown PI, Ash KO. Turbidimetric measurement of total urinary proteins: a revised method.
American journal of clinical pathology, 1984, 81:651–654; Tietz NW, ed. Textbook of clinical chemistry,
2nd ed. Philadelphia, WB Saunders, 1994."
C_0250_001,DOC_WHO_2003,P_0250,250,238,1,0,220,0,1343,220,0140d77bef52c0a88a305fa1ce41fd099036294c5baeb480be66125b011d6dc0,"238 Manual of basic techniques for a health laboratory




Method

Collection of specimens

Random, timed or 24-hour urine specimens should be used (see section 7.1.1). No
preservatives should be added to the specimens. Specimens that are collected over
24 hours should be stored at 4–8°C during the period of collection, to prevent
bacterial growth.

Collected specimens should be kept at 4°C until analysis. If analysis is likely to be
delayed for more than 24 hours, however, the specimens should be stored at
-20°C.


Technique

1. Add 1.6ml of the urine specimen to each of two test-tubes (test and test blank).
Repeat the process with the working standard and the control.

2. Add 0.4ml of trichloroacetic acid solution to all of the test-tubes and mix well.
Leave to stand at room temperature for 10 minutes.

3. Centrifuge the test blanks at 2000g for 10 minutes.

4. Using the spectrophotometer, measure and record the optical density of the
tests and blanks at 620nm. The spectrophotometer should be set to zero with
distilled water before any measurements are taken. It should also be calibrated,
as described below. The analytical range of measurement using this method is
100–1000mg/l.


Calculation

Calculate the concentration of protein in the urine specimen using the following
formula:

OD T - OD TB ¥ C
ODR - ODRB

where:

C"
C_0250_002,DOC_WHO_2003,P_0250,250,238,2,180,394,1096,2403,214,3197167a0e28f4cb3860c8f41435d78ef4ba97bf6371dcb39dde9c9285d8465d,"calibrated,
as described below. The analytical range of measurement using this method is
100–1000mg/l.


Calculation

Calculate the concentration of protein in the urine specimen using the following
formula:

OD T - OD TB ¥ C
ODR - ODRB

where:

C = concentration of the calibration solution

ODR = optical density of the working standard
ODRT = optical density of the working standard test blank
ODT = optical density of the test specimen
ODTB = optical density of the test specimen blank.
Note:

G If a serum-based control is used for calibration purposes, an independent material
must be used for the purpose of quality control.

G Because the amount of protein excreted in the urine may vary greatly, any positive
results should always be confirmed by repeating the test on one or more separate
samples.

G If this method is used to screen for microproteinuria (which may be correlated
with microalbuminuria in the absence of tubular damage, urinary infections and
treatment with certain drugs) in high-risk populations such as patients with
diabetes, the following modifications should be applied to steps 2 and 4:

2. Leave all the tubes to stand at room temperature for 35 minutes after mixing.

4. Using the spectrophotometer, measure and record the optical density of the
tests and blanks at 405nm."
C_0251_001,DOC_WHO_2003,P_0251,251,239,1,0,220,0,1407,220,7128ccba182b590199c8c5b53bb02184f064acb679ade5c95e9bc1ccac879a75,"7. Examination of urine 239




The analytical range of this modified method is 25–700mg/l.

Protein in urine can also be detected using a protein dipstick (see section 7.2.2).


7.2.6 Detection of ketone bodies

Normal urine does not contain ketone bodies. Acetone and other ketone bodies
may appear in urine:

— in severe or untreated diabetes;

— in certain other conditions (dehydration, vomiting, malnutrition, prolonged
starvation and following strenuous exercise).


Principle

When sodium nitroprusside (sodium nitrosyl pentacyanoferrate (III)) is added to
urine containing ketone bodies, a purple colour is produced.


Materials and reagents

G Test-tubes

G Test-tube rack

G Measuring cylinder, 10ml

G Dropping pipette

G Sodium nitroprusside crystals

G Acetic acid

G Ammonia.


Method

1. Just before carrying out the test, place a sufficient number of sodium nitroprus-
side crystals into a test-tube to cover the bottom (Fig. 7.6).

2. Add 5ml of distilled water. Shake well until the crystals are almost dissolved.
(Not all the crystals are expected to dissolve as the solution is saturated.)

3. Measure 10ml of urine into another test-tube.

4. Add four drops of acetic acid to the urine, followed by 10 drops of freshly pre-
pared sodium nitroprusside solution. Mix well.

5. Holding the tip of the pipette against the side of the tube, let 20 drops (1ml) of
ammonia solution flow on to"
C_0251_002,DOC_WHO_2003,P_0251,251,239,2,180,264,1190,1678,84,4b3bdad547fbe50e50fe12fc003fbcce8b4afb0568fbaff04b3f9d8f0e09457d,"acid to the urine, followed by 10 drops of freshly pre-
pared sodium nitroprusside solution. Mix well.

5. Holding the tip of the pipette against the side of the tube, let 20 drops (1ml) of
ammonia solution flow on to the surface of the liquid (Fig. 7.7). Wait for 5 min-
utes before reading — a positive result may be obvious before this time.





Fig. 7.6 Preparation of sodium nitroprusside solution Fig. 7.7 Adding ammonia solution to the
surface of the sodium nitroprusside
solution"
C_0252_001,DOC_WHO_2003,P_0252,252,240,1,0,220,0,1405,220,d5d77a763a031365c00b7cb78f280610ca88afc9be24492c39803c33c5ca9803,"240 Manual of basic techniques for a health laboratory




Table 7.2 Reporting the results of the test
for detection of ketone bodies in
urine

Colour change Result

None Negative

Pink ring +

Red ring ++

Purple ring +++



If the result is positive (Fig. 7.8), a purple ring appears on top of the urine. If the
result is negative, no colour change occurs.

Report the result as shown in Table 7.2.

Ketone bodies in urine can also be detected using a urine dipstick (see section
7.2.2).


7.2.7 Detection of abnormal elements
Fig. 7.8 Test for ketone Principle
substances in urine
a: Positive reaction; Urine contains cells and crystals in suspension that can be collected by centrifu-
b: negative reaction. gation or by allowing the urine to stand and the suspended particles to form a
sediment. The resulting urinary deposit can be examined under the microscope.

In certain diseases of the urinary tract, the urinary deposits are considerably al-
tered. The following abnormal elements may be found:

— leukocytes

— abnormal numbers of erythrocytes

— abnormal crystals (very rarely)

— parasitic trophozoites (e.g. Trichomonas vaginalis) or ova (e.g. Schistosoma
haematobium,1 Enterobius vermicularis)

— bacteria

— fungi

— abnormal casts.


Materials and reagents

G Microscope

G Microscope slides

G Centrifuge

G Conical centrifuge tube, 15ml

G Pasteur pipette

G Coverslips

G Formaldehyde"
C_0252_002,DOC_WHO_2003,P_0252,252,240,2,180,228,1104,1456,48,d67b5e0d8cfb53a6cdb89cbd6ffeb823737ed87da6f983d5a8af78831e6bce74,"trophozoites (e.g. Trichomonas vaginalis) or ova (e.g. Schistosoma
haematobium,1 Enterobius vermicularis)

— bacteria

— fungi

— abnormal casts.


Materials and reagents

G Microscope

G Microscope slides

G Centrifuge

G Conical centrifuge tube, 15ml

G Pasteur pipette

G Coverslips

G Formaldehyde

G Distilled water.





1 See also section 7.2.8."
C_0253_001,DOC_WHO_2003,P_0253,253,241,1,0,220,0,1349,220,e7001f71333d8180d3b698ed4cea50deea4b557912a060a2a29d79749bc38f69,"7. Examination of urine 241




Method

Collection of specimens

Urine to be examined under the microscope must be freshly passed into a clean dry
vessel. A midstream urine specimen (see section 7.1.1) is the most useful. Urine
stored in a refrigerator may contain an excess of precipitated salts and will not be
suitable for microscopy.

The specimen can be preserved for microscopic examination of the deposit by
adding 8–10 drops of formaldehyde, 10% solution (reagent no. 28) per 300ml of
urine. Urine preserved in this way is not suitable for other tests.


Preparation of the deposit

1. Mix the urine specimen gently and pour approximately 11ml into a centrifuge
tube.

2. Centrifuge the specimen at medium speed (2000g) for 5 minutes.

3. Pour off the supernatant by quickly inverting the tube without shaking. (The
supernatant may be used for biochemical testing.)

4. Resuspend the deposit in distilled water and mix by shaking the tube.

5. Transfer one drop of the deposit on to a slide using a Pasteur pipette and cover
with a coverslip.

6. Label the slide with the patient’s name or identification number.


Microscopic examination

Using the ¥10 objective and with the condenser lowered, scan the coverslip all over
to look for ova of Schistosoma haematobium when indicated.

Using the ¥40 objective and with the condenser lowered or"
C_0253_002,DOC_WHO_2003,P_0253,253,241,2,180,339,1080,2124,159,e32976ee9156d6e59372d95279c7f5c032fbf117f1a12cdb504739a08c03d9c2,"patient’s name or identification number.


Microscopic examination

Using the ¥10 objective and with the condenser lowered, scan the coverslip all over
to look for ova of Schistosoma haematobium when indicated.

Using the ¥40 objective and with the condenser lowered or aperture reduced, scan
the coverslip area again and report any findings as a quantitative value for each
high-power field.

The following may be found in urine:

— erythrocytes

— leukocytes

— epithelial cells

— casts

— fungi

— crystals

— parasite eggs and larvae

— Trichomonas vaginalis

— spermatozoa.


Erythrocytes (Fig. 7.9)

Erythrocytes in urine may be:

(a) intact: small yellowish discs, darker at the edges (8mm);

(b) crenated: spiky edges, reduced diameter (5–6mm);

(c) swollen: thin circles, increased diameter (9–10mm).

The shape of the cells often changes during storage of urine
and does not have any diagnostic importance. Fig. 7.9 Erythrocytes
a: Intact cells; b: crenated cells; c: swollen
There are normally very few erythrocytes in urine. cells."
C_0254_001,DOC_WHO_2003,P_0254,254,242,1,0,220,0,1412,220,c9c8030181ce44023fa1e4931971d528329d4ae0e8ecd4fa129f5190791f128e,"242 Manual of basic techniques for a health laboratory





Fig. 7.10 Leukocytes Fig. 7.11 Ureteral and renal pelvic cells
a: Intact cells; b: degenerated cells; c: pus.


Note: Erythrocytes may be found in the urine of women if the specimen has been
taken during the menstrual period.


Leukocytes (Fig. 7.10)

Leukocytes found in urine may be:

(a) intact: clear granular discs, 10–15mm (the nuclei may be visible);

(b) degenerated: distorted shape, shrunken, less granular;

(c) pus: clumps of numerous degenerated cells.

The presence of many leukocytes, especially in clumps, indicates a urinary tract
infection.


How to express the quantity of erythrocytes and leukocytes found in
urine deposits
Place one drop of urine deposit on a slide and cover with a coverslip.

Using the ¥40 objective, examine the deposit and count the number of erythrocytes
and leukocytes per microscope field.

Report the results as described in Tables 7.3 and 7.4.


Ureteral and renal pelvic cells (Fig. 7.11)

Medium-sized oval cells with a distinct nucleus.

If many cells are present together with leukocytes and filaments, they may be from
the ureter. If a few are present, with no leukocytes, they may be cells from the renal
pelvis.


Table 7.3 Reporting the results of microscopic examination of urine
for erythrocytes

Number of erythrocytes per microscope field Result

0–10 few erythrocytes (normal)

10–30 moderate"
C_0254_002,DOC_WHO_2003,P_0254,254,242,2,180,227,1146,1459,47,56d35b86f2214764db66b8352cdad3e8699634f59aeb990ee271d7f5825dd6ab,"a few are present, with no leukocytes, they may be cells from the renal
pelvis.


Table 7.3 Reporting the results of microscopic examination of urine
for erythrocytes

Number of erythrocytes per microscope field Result

0–10 few erythrocytes (normal)

10–30 moderate number of erythrocytes

> 30 many erythrocytes"
C_0255_001,DOC_WHO_2003,P_0255,255,243,1,0,220,0,1411,220,fd06998fe9d88b2505eaab87e20f5cebd0fec0fb960b3afd56de81c252bb5011,"7. Examination of urine 243




Table 7.4 Reporting the results of microscopic examination of urine
for leukocytes

Number of leukocytes per microscope field Result

0–10 few leukocytes (normal)

10–20 moderate number of leukocytes

20–30 many leukocytes

20–30 (degenerated) in clumps many leukocytes seen in clumps

> 30 (degenerated) in clumps full field





Fig. 7.12 Renal cells Fig. 7.13 Hyaline casts


Renal cells (Fig. 7.12)

Renal cells are smaller than renal pelvic cells (the size of 1–2 leukocytes) and are
very granular. The nucleus is shiny and clearly visible.

Renal cells are almost always present with protein in the urine.


Casts

Casts are cylindrical in shape and long, crossing almost the whole field when exam-
ined under the ¥40 objective.

Hyaline casts are transparent and slightly shiny; the ends are rounded or tapered
(Fig. 7.13). They may be found in healthy persons after strenuous muscular effort
and have no diagnostic significance.

Granular casts are rather short casts filled with large granules, pale
yellow in colour, with rounded ends (Fig. 7.14). The granules come
from degenerated epithelial cells from the tubules of the kidney
and have no diagnostic significance.

Fine granular casts (Fig. 7.15) have smaller granules that do not fill
the cast (a). Do not confuse with hyaline casts, partly covered by
amorphous phosphate crystals (b).

Blood casts are filled with"
C_0255_002,DOC_WHO_2003,P_0255,255,243,2,180,350,1162,2207,170,34549fa232d7b15003e41e1f4e05f21468159a560611087635f6ccd3377ff8d4,"the kidney
and have no diagnostic significance.

Fine granular casts (Fig. 7.15) have smaller granules that do not fill
the cast (a). Do not confuse with hyaline casts, partly covered by
amorphous phosphate crystals (b).

Blood casts are filled with more or less degenerated erythrocytes,
brownish in colour (Fig. 7.16). They are found in acute kidney
Fig. 7.14 Granular casts
disease.

Pus casts (Fig. 7.17) are completely filled with leukocytes (a). Do not confuse with
hyaline casts, which may contain a few leukocytes (b). Pus casts are found in patients
suffering from kidney infection.

Epithelial casts are filled with pale yellow epithelial cells (Fig. 7.18). (To make the
cells more distinct, add a drop of 10% acetic acid (reagent no. 2) to the deposit.)
Epithelial casts have no diagnostic significance.

Fatty casts are very shiny yellowish casts; the edges are indented and distinct and
the ends are rounded (Fig. 7.19). They are soluble in ether but not in acetic acid.
Fatty casts are found in patients with severe kidney disease."
C_0256_001,DOC_WHO_2003,P_0256,256,244,1,0,151,0,936,151,8d136878b97e9f67b7b51e6f5a09d10ba937b4739b3087d32d54f0e111b067c6,"244 Manual of basic techniques for a health laboratory





Fig. 7.15 Fine granular casts Fig. 7.16 Blood casts
a: True fine granular casts; b: hyaline casts
partly covered by amorphous phosphate
crystals.





Fig. 7.17 Pus casts Fig. 7.18 Epithelial casts
a: True pus casts; b: hyaline casts.





Fig. 7.19 Fatty casts Fig. 7.20 False casts
a: Phosphate crystals; b: translucent
mucus.


False casts (Fig. 7.20). Do not mistake for casts:

— clumps of phosphate crystals, short and clear-cut (a);

— aggregations of translucent mucus, the ends tapering into threads (b).


Miscellaneous foreign substances

If dirty receptacles or slides are used or if the urine specimen is left exposed to the
air, the following may be found (see Fig. 7.21):

— oil droplets (shiny) (a);

— starch granules (which will be stained blue–black with Lugol iodine, 0.5%
solution (reagent no. 37)) (b);

— grains of pollen from flowers (c);

— hairs (d);"
C_0257_001,DOC_WHO_2003,P_0257,257,245,1,0,167,0,1147,167,92d06b232c5ab7f901c91e0798289a3fc6c3061b220309842a0f93e35ca7123e,"7. Examination of urine 245





Fig. 7.21 Miscellaneous foreign substances Fig. 7.22 Crystals
a: Oil droplets; b: starch granules; c: pollen a: Crystals; b: amorphous debris.
grains; d: hairs; e: cotton fibres; f: air
bubbles.





Fig. 7.23 Calcium oxalate crystals Fig. 7.24 Uric acid crystals
a: Envelope-shaped crystals; b: peanut-
shaped crystals.


— cotton fibres (e);

— air bubbles (f).


Crystals (Fig. 7.22)

Crystals have regular geometric shapes (a), unlike amorphous debris, which is made
up of clumps of small granules with no definite shape (b). Except in very rare
diseases, crystals in urine have no diagnostic significance.


Normal crystalline deposits

Calcium oxalate (acid urine) (Fig. 7.23)
Size: 10–20mm (a) or about 50mm (b).

Shape: envelope-shaped (a) or peanut-shaped (b).

Colour: colourless, very shiny.


Uric acid (acid urine) (Fig. 7.24)
Size: 30–150mm.

Shape: varies (square, diamond-shaped, cubical or rose-shaped).

Colour: yellow or brownish-red.


Triple phosphates (neutral or alkaline urine) (Fig. 7.25)
Size: 30–150mm.

Shape: rectangular (a) or like a fern leaf or star (b).

Colour: colourless, shiny."
C_0258_001,DOC_WHO_2003,P_0258,258,246,1,0,180,0,1257,180,1ca77f9741a7ee44ff28b9c50630b281a178c7561b30f92c22dc80fb97a68f0c,"246 Manual of basic techniques for a health laboratory





Fig. 7.25 Triple phosphate crystals Fig. 7.26 Urate crystals
a: Rectangular-shaped crystals; b: fern a: Cactus-shaped crystals; b: needle-
leaf-shaped crystals. shaped crystals.





Fig. 7.27 Calcium phosphate Fig. 7.28 Calcium carbonate crystals
crystals


Urates (alkaline urine) (Fig. 7.26)
Size: about 20mm.

Shape: like a cactus (a) or a bundle of needles (b).

Colour: yellow, shiny.

Urates are often found together with phosphates.


Calcium phosphate (neutral or alkaline urine) (Fig. 7.27)
Size: 30–40mm.

Shape: like a star.

Colour: colourless.


Calcium carbonate (neutral or alkaline urine) (Fig. 7.28)
Size: very small.

Shape: similar to millet or corn grains, grouped in pairs.

Colour: colourless.

If acetic acid, 10% solution (reagent no. 2) is added, the crystals dissolve, giving off
bubbles of gas.


Calcium sulfate (acid urine) (Fig. 7.29)
Size: 50–100mm.

Shape: long prisms or flat blades, separate or in bundles.

Calcium sulfate crystals can be distinguished from calcium phosphate crystals by
measuring the pH of the urine.


Amorphous debris

Amorphous phosphates (alkaline urine) (Fig. 7.30)
Amorphous phosphates appear as small, whitish granules, often scattered."
C_0259_001,DOC_WHO_2003,P_0259,259,247,1,0,187,0,1234,187,188322485d13d55b32fa39fe58f34b6134cc24cd89523d4770e896826dd66174,"7. Examination of urine 247





Fig. 7.29 Calcium sulfate crystals Fig. 7.30 Amorphous phosphates





Fig. 7.31 Amorphous urates Fig. 7.32 Cystine crystals


They are soluble in acetic acid, 10% solution (reagent no. 2) (one drop per drop of
deposit).


Amorphous urates (acid urine) (Fig. 7.31)
Amorphous urates appear as very small, yellowish granules, which are grouped in
compact clusters.

They are not soluble in acetic acid, 10% solution (reagent no. 2), but dissolve if the
urine is gently heated.

(Urine kept in the refrigerator often shows a heavy precipitate of urates.)


Other crystalline deposits
The following are rarely found in the urine. When present, however, they are found
in large quantities in patients with certain diseases.


Cystine (acid urine) (Fig. 7.32)
Size: 30–60mm.

Shape: hexagonal plates.

Colour: colourless, very shiny.

Cystine crystals are found only in fresh urine as they are soluble in ammonia.

They are found in patients with cystinuria, a very rare hereditary disease.


Cholesterol (acid urine) (Fig. 7.33)
Size: 50–100 mm.

Shape: squarish plates, with notches on one side.

Colour: colourless, shiny.

Cholesterol crystals are found in the urine of patients with nephrotic syndrome."
C_0260_001,DOC_WHO_2003,P_0260,260,248,1,0,171,0,1141,171,31d4ef2e77c3dda84814d677c97bbad19bcbd7d7eb4350a5da459ae92a1d6d08,"248 Manual of basic techniques for a health laboratory





Fig. 7.33 Cholesterol crystals Fig. 7.34 Bilirubin crystals





Fig. 7.35 Fungi Fig. 7.36 Schistosoma haematobium


Bilirubin (very rare) (Fig. 7.34)
Size: about 5mm.

Shape: square or like beads or needles.

Colour: brown.

(The chemical test for bile pigments is positive.)


Acetyl sulfonamides (neutral or acid urine)
Shape: varied, but often similar to sheaves of needles.

Acetyl sulfonamide crystals are found in the urine following treatment with
sulfonamide drugs. The presence of these crystals should be reported as they can
cause kidney damage.


Fungi (Fig. 7.35)

Size: 5–12mm.

Shape: round or oval bodies of various sizes found together. Do not confuse with
erythrocytes. Budding may be seen. Fungi are not soluble in acetic acid.

Fungi are occasionally present in urine containing glucose. Check that the urine
specimen is fresh.


Parasite eggs and larvae

The following may be found:

— eggs of Schistosoma haematobium: found together with erythrocytes (Fig. 7.36);

— microfilariae of Wuchereria bancrofti (see Fig. 4.121): the urine appears white
and cloudy."
C_0261_001,DOC_WHO_2003,P_0261,261,249,1,0,220,0,1587,220,ee474e5a645a6dbbbf7179a8f27001d2a2a3c654403bf01eda85192111398b9a,"7. Examination of urine 249



7.2.8 Detection of Schistosoma haematobium infection

In countries where schistosomiasis is endemic, urine specimens are examined for
eggs of Schistosoma haematobium. Trophozoites of Trichomonas vaginalis may also be
seen. Microfilariae of Wuchereria bancrofti and Onchocerca volvulus may also be found
in the centrifuged sediment of urine from patients in countries where filariasis is
endemic.

The first indirect evidence of Schistosoma haematobium infection is haematuria and/
or proteinuria, which is detectable using a urine dipstick (see section 7.2.2). Gross
haematuria indicates heavy infection.

The two methods used for detection of ova of Schistosoma haematobium are sedi-
mentation and filtration. The sedimentation method is less sensitive but is cheaper
and simpler to perform. The filtration technique is used when quantitative infor-
mation is required for epidemiological surveillance purposes.


Materials and reagents

G Microscope

G Microscope slides

G Coverslips

G Centrifuge (sedimentation method)

G Conical centrifuge tubes, 15ml (sedimentation method)

G Filter holder, 13 or 25mm diameter (filtration method)

G Membrane filter, 12–20mm pore size (nylon or polycarbonate) or Whatman No.
541 (or equivalent) filter-paper (filtration method)

G Conical flask for urine collection

G Pasteur pipettes (sedimentation method)

G Plastic syringe, 10ml (filtration method)

G Lugol iodine, 0.5% solution (reagent no. 37) (filtration method)

G Formaldehyde, 37% solution.


Method

Collection of urine specimens

The number of ova in"
C_0261_002,DOC_WHO_2003,P_0261,261,249,2,180,370,1304,2460,190,a4f1ea7dcafa6f62f1649018ebe55180bdd046f56c536db4aca221a2c2e096ed,"Conical flask for urine collection

G Pasteur pipettes (sedimentation method)

G Plastic syringe, 10ml (filtration method)

G Lugol iodine, 0.5% solution (reagent no. 37) (filtration method)

G Formaldehyde, 37% solution.


Method

Collection of urine specimens

The number of ova in the urine varies throughout the day; it is highest in urine
obtained between 10:00 and 14:00. The specimen should therefore be collected
between these times and should consist of a single terminal urine specimen (see
section 7.1.1) of at least 10ml. Alternatively, a 24-hour collection of terminal urine
can be made (see section 7.1.1).

The whole specimen must be examined, as it may contain only a few ova. Ask the
patient to collect the urine in a clean flask or bottle. Examine the specimen at once.

If the urine cannot be examined for an hour or longer, add 1ml of undiluted for-
malin (37% formaldehyde solution) to each 100ml of urine. This will preserve any
eggs that might be present.

Note: If formalin is not available, 2ml of ordinary household bleach can be added
to each 100ml of urine.

Warning: Formalin and bleach are corrosive and must not be swallowed."
C_0262_001,DOC_WHO_2003,P_0262,262,250,1,0,220,0,1315,220,f695fc375ba90596fc6de175f467978a04af384dcac97f7dc6e13fc6c8f1f5af,"250 Manual of basic techniques for a health laboratory




Sedimentation method

1. Shake the urine specimen well and pour into the conical flask.

2. Allow the urine to sediment for 1 hour. Remove the
supernatant and transfer the sediment into a centrifuge tube.
Centrifuge at 2000g for 2 minutes.

3. Examine the deposit under the microscope for the presence
of ova.

Do not increase the centrifugation time and do not exceed 2000g
as this may disrupt the ova and release miracidia.

Important:

— process the specimen as soon as possible;

— shake the container before pouring the urine specimen into
the conical flask;

— label slides and tubes carefully.


Filtration method

1. Place a filter in the filter holder.

2. Agitate the urine sample gently and draw 10ml into the syringe
(Fig. 7.37). Attach the syringe to the filter holder.

3. Expel the urine from the syringe through the filter over a bucket
or sink (Fig. 7.38).

4. Disconnect the syringe from the filter holder. Draw air into
Fig. 7.37 Drawing urine into the syringe the syringe (Fig. 7.39), reattach the syringe to the filter holder
and expel the air through the filter (Fig. 7.40).





Fig. 7.38 Expelling the urine through Fig. 7.39 Drawing air into the syringe
the filter


5. Disconnect the syringe from the filter holder. Using forceps,"
C_0262_002,DOC_WHO_2003,P_0262,262,250,2,180,290,1073,1734,110,d9b99259c0bc2d4f83cb59bcbef7bb47a17a2a6ef5624ef406d73df04e91bf5e,"the syringe to the filter holder
and expel the air through the filter (Fig. 7.40).





Fig. 7.38 Expelling the urine through Fig. 7.39 Drawing air into the syringe
the filter


5. Disconnect the syringe from the filter holder. Using forceps, carefully remove
the membrane filter or filter-paper and place it on a microscope slide. The nylon
membrane and filter-paper should be placed face-up, while the polycarbonate
membrane should be placed face-down.

6. Add one drop of Lugol iodine solution to improve the visibility of the eggs.

7. Examine the entire filter under the microscope at ¥10 or ¥40. Record the results
as the number of eggs per 10ml of urine."
C_0263_001,DOC_WHO_2003,P_0263,263,251,1,0,220,0,1285,220,eb0d12820fd44556f5d988e7d3e4f27a75661577e88b295528719be69e8fbff1,"7. Examination of urine 251




Reuse of filters
If you have used a plastic filter, remove it immediately after use and soak it over-
night in a 1% hypochlorite solution (domestic bleach). After soaking the filter,
wash it thoroughly with detergent solution, then rinse it several times with clean
water. Check the filter under the microscope to ensure that it is free of parasites
before reusing it.


Microscopic examination

The eggs of Schistosoma haematobium are large, about 120–150mm long, and have a
terminal spine at one end (Fig. 7.41 (a)). An embryo (the miracidium) can be seen
inside the egg.

Sometimes it is necessary to determine whether the eggs are viable. This can be
done if the specimen is fresh and no preservatives have been added.

Look carefully at the eggs to see if the embryos are moving. This is the best indica-
tion of viability. If no movement is seen, look for the “flame cells” (Fig. 7.41 (b)).
There are four flame cells, one at each corner of the embryo. Use a ¥100 objective
with slightly reduced illumination to look for the rapid movement of cilia (short
hairs) in the flame cells.


Reporting the results
Fig. 7.40 Expelling air from
When the syringe filtration technique is used, the results may be reported accord- the syringe
ing to egg count"
C_0263_002,DOC_WHO_2003,P_0263,263,251,2,180,400,1050,2366,220,1e46bfe22752309c2960a72639a3c2b08e911e828689a0f94fbe5271c6549675,"look for the rapid movement of cilia (short
hairs) in the flame cells.


Reporting the results
Fig. 7.40 Expelling air from
When the syringe filtration technique is used, the results may be reported accord- the syringe
ing to egg count categories:

G Light infection: 1–49 eggs per 10ml of urine.

G Heavy infection: > 50 eggs per 10ml of urine.

A third category, such as >500 eggs per 10ml of urine, or >1000 eggs per 10ml of
urine, may be appropriate in areas where the intensity of infection frequently reaches
this level (i.e. in more than 10% of cases).


7.2.9 Detection of bacteria

In healthy persons the urine contains practically no organisms. Bacteria may be
found in patients who have an infection of some part of the urinary tract (e.g.
urethritis, cystitis or nephritis), or where bacteria from an infection elsewhere in
Fig. 7.41 Schistosoma
the body are excreted in the urine. haematobium
a: Miracidium;
The urine is centrifuged at high speed and the resulting deposit is examined under b: flame cells.
the microscope (as described in section 7.2.7). This is the most important part of
the analysis. However, the deposit may also be used to make smears that are stained
by Gram and Ziehl–Neelsen stains and examined under the microscope.

Culture is always essential for precise determination of the"
C_0263_003,DOC_WHO_2003,P_0263,263,251,3,360,446,2123,2665,86,65813605d186e74affaf959d769327a8691f1667d133dab0891bb6f45d1f13cd,"is the most important part of
the analysis. However, the deposit may also be used to make smears that are stained
by Gram and Ziehl–Neelsen stains and examined under the microscope.

Culture is always essential for precise determination of the identity of the organ-
isms found and the quantity present.


Materials and reagents

G Microscope

G Microscope slides

G Sterile 250-ml Erlenmeyer flask with stopper

G Centrifuge

G Sterile conical centrifuge tubes with stoppers

G Inoculating loop

G Bunsen burner or spirit lamp

G 70% Ethanol"
C_0264_001,DOC_WHO_2003,P_0264,264,252,1,0,220,0,1343,220,205ed83b157c266467c1376153d9049cd9566f3e47825db0d328ce4d77d5a5d9,"252 Manual of basic techniques for a health laboratory




G Reagents needed for Gram staining (see section 5.3.1) and Ziehl–Neelsen stain-
ing (see section 5.3.3).


Method

Collection of specimens

The genitals should be cleansed beforehand, using soap and water. Collect a mid-
stream specimen (see section 7.1.1) in the sterile flask. Examine as quickly as pos-
sible. (Another way is to collect the urine in a conical tube rinsed only in boiling
water and to examine it immediately.)


Preparation of slides

1. Pour 10ml of fresh urine into a sterile centrifuge tube. Seal the tube with either
a screw-cap or a plug of sterile cotton wool fixed with gauze and string.

2. Centrifuge the specimen at 1500g for 10 minutes. If tuberculosis is suspected,
centrifuge a further 10-ml specimen at 5000g for 20 minutes.

3. Pour off the supernatant from the two tubes (Fig. 7.42). Using an inoculating
loop (sterilized by flaming) (Fig. 7.43), mix the deposit with distilled water until
it forms a homogeneous suspension.





Fig. 7.42 Pouring off the Fig. 7.43 Mixing the urinary deposit
supernatant fluid


4. Using an inoculating loop (sterilized by flaming), prepare a
smear from each of the two suspensions (Fig. 7.44). Leave
the slides to air-dry.

5. Fix the slides by flooding with ethanol and flaming or by
heating.

6. Stain the first"
C_0264_002,DOC_WHO_2003,P_0264,264,252,2,180,301,1111,1898,121,a740db4a8f4bd8f28b8911c082ca88cfaaff173c7c677bbcbe6106e215a75c73,"Using an inoculating loop (sterilized by flaming), prepare a
smear from each of the two suspensions (Fig. 7.44). Leave
the slides to air-dry.

5. Fix the slides by flooding with ethanol and flaming or by
heating.

6. Stain the first slide with Gram stain (see section 5.3.1) and
the second with Ziehl–Neelsen stain (see section 5.3.3).


Microscopic examination
Fig. 7.44 Preparation of smears from the urinary Examine the slides under the microscope using the ¥ 100
deposit
objective.

Examine the slide stained with Gram stain for the following (see section 5.3.1):

G pus (many leukocytes stained red by Gram stain)

G Gram-negative bacilli (Fig. 7.45(a))

G Gram-positive cocci (Fig. 7.45(b))

G Gram-positive diphtheroid bacilli (Fig. 7.45(c))

G Gram-positive fungi (Fig. 7.45(d))."
C_0265_001,DOC_WHO_2003,P_0265,265,253,1,0,191,0,1266,191,0eb80f9f537a4774788e65bb25a703baf23025e5403919417dcc8e51ad3fad87,"7. Examination of urine 253





Fig. 7.45 Bacteriological examination of urine Fig. 7.46 Tubercle bacilli
a: Gram-negative bacilli; b: Gram-
positive cocci; c: Gram-positive
diphtheroid bacilli; d: Gram-positive
fungi.


Examine the slide stained with Ziehl–Neelsen stain for tubercle bacilli. Tubercle
bacilli appear dark red and are arranged in rows (Fig. 7.46).


Reporting the results

State whether pus or leukocytes are present. Give a precise description of the or-
ganisms found.


Example

Organisms found:

— many leukocytes

— a few erythrocytes

— a few epithelial cells

— many Gram-positive cocci in clusters.

or

Organisms found:

— a few leukocytes

— occasional erythrocytes

— a few epithelial cells

— a few Gram-negative bacilli.


Gonococci

Never diagnose a gonococcal infection on the basis of an examination of a urinary
deposit. Look for gonococci in urethral pus (see section 5.5).


Urine dipsticks

Bacteria in urine may also be detected using urine dipsticks (see section 7.2.2). A
commercially available dipstick with reagents for the detection of nitrite (which is
produced by certain pathogenic bacteria) and leukocyte esterase has been shown
to have a high specificity and a high sensitivity for the detection of bacteria in urine."
C_0266_001,DOC_WHO_2003,P_0266,266,254,1,0,60,0,410,60,f926fb35a7ec9451f06efd15ece45b82194ddf42de7c22eff1205f871cd108d0,"254 Manual of basic techniques for a health laboratory




Urine cultures

Urine cultures are indicated when very high levels of bacteria are detected by
microscopy or using urine dipsticks. In such cases, a urine specimen should be
dispatched to the bacteriology laboratory without delay for a semi-quantitative
culture of the pathogenic organisms and for determination of their sensitivity to
antimicrobials."
C_0267_001,DOC_WHO_2003,P_0267,267,255,1,0,220,0,1353,220,5a6fce03f204e88e5ff03cb0f0f171d6e10321cb770c706ee5d7e2ab8046e296,"8. Examination of cerebrospinal fluid (CSF) 255

8.Examination of
cerebrospinal fluid (CSF)





Cerebrospinal fluid (CSF) is contained in the cavity that surrounds the brain in the
skull and the spinal cord in the spinal column (Fig. 8.1). It supplies nutrients to the
tissues of the central nervous system and helps to protect the brain and spinal cord
from injury.

The volume of the CSF in adults is 100–150ml. The volume is less in children and
varies according to the body length.


8.1 Common reasons for investigation of CSF

The most common reasons for investigating CSF are to exclude:

— meningitis

— bleeding into the central nervous system

— certain cancers. Fig. 8.1 Location of CSF

Meningitis is an inflammation of the meninges, the membranes lining the skull
and covering the brain and spinal column. It is often caused by infection (see
Table 8.1).

Leukaemia, tumours with manifestations in the brain and lead poisoning have also
been shown to cause meningitis.

Note: Immediate laboratory investigation of the CSF may be life-saving if meningi-
tis is suspected.


8.2 Collection of CSF specimens

CSF specimens should be collected only by a physician or a specially trained nurse.

1. The sterile lumbar puncture needle is inserted between the
fourth and fifth lumbar vertebrae to a depth of 4–5cm. The
stylet is withdrawn and the"
C_0267_002,DOC_WHO_2003,P_0267,267,255,2,180,311,1120,1899,131,d45c1b01b9ad75b46dc641acb69a4070bb675bc1fbf603f67324daaefde40492,"CSF specimens should be collected only by a physician or a specially trained nurse.

1. The sterile lumbar puncture needle is inserted between the
fourth and fifth lumbar vertebrae to a depth of 4–5cm. The
stylet is withdrawn and the fluid flows freely through the
needle (Fig. 8.2).

2. Between 6 and 7ml of CSF are collected in each of two
tubes, numbered 1 and 2.

Tube 1 is used for visual inspection, microscopic and chemical
analysis.

Tube 2 is used for bacterial culture.


8.3 Examination of CSF specimens
8.3.1 Precautions

G Do not delay in testing the CSF. Cells and trypanosomes are
rapidly lysed in CSF samples. Glucose is also rapidly
destroyed, unless preserved with fluoride oxalate (reagent
no. 26; see section 10.1). Fig. 8.2 Collecting a CSF specimen





255"
C_0268_001,DOC_WHO_2003,P_0268,268,256,1,0,220,0,1496,220,3a01329cd1f88df37f53f08ce9cbf0f5a07e59cd041f25a2c676ab6cddc1c325,"256 Manual of basic techniques for a health laboratory




Table 8.1 Common causes of meningitis

Type of infection Specific organism

Bacterial Neisseria meningitidis

Streptococcus spp., especially
S. pneumoniae

Staphylococcus spp.

Haemophilus influenzae

Escherichia coli

Listeria monocytogenes

Leptospira spp.

Mycobacterium tuberculosis

Treponema pallidum

Pseudomonas spp.

Protozoal Plasmodium spp.

Viral Coxsackieviruses

Arboviruses

Echoviruses

Polioviruses

Mumps virus

Arenaviruses

Human herpesviruses

Hepatitis viruses

Fungal Candida albicans

Cryptococcus neoformans



G Work carefully and economically. Often only a small quantity of CSF is available
for examination. The specimen is difficult to collect so do not waste any of it.

G The CSF may contain virulent organisms. Use pipettes plugged with non-absorbent
cotton wool, or use a rubber safety bulb to draw up the fluid in the pipette. Never
pipette CSF by mouth.


8.3.2 Direct examination

Describe the appearance of the CSF specimen in the laboratory report.


Clear CSF

Normal CSF is clear and colourless (Fig. 8.3 (a)).


Cloudy CSF

If pus is present, the CSF may appear slightly cloudy or greyish-white
(Fig. 8.3 (b)).


Fig. 8.3 Examining the appearance of CSF Bloodstained CSF
a: Clear (normal) CSF; b: cloudy CSF;
c: bloodstained CSF. If blood is present, the CSF may appear cloudy and pink or reddish
(Fig. 8.3 (c)). Blood is usually present in the CSF for one of two
reasons:

— because of injury to"
C_0268_002,DOC_WHO_2003,P_0268,268,256,2,180,258,1289,1696,78,a70d4812e45548d48a3190103e6afed237453f3d9c61163e1824a73128edefb3,"CSF; b: cloudy CSF;
c: bloodstained CSF. If blood is present, the CSF may appear cloudy and pink or reddish
(Fig. 8.3 (c)). Blood is usually present in the CSF for one of two
reasons:

— because of injury to blood vessels in the course of the lumbar puncture (in
this case there is more blood in tube 1 than in tube 2);

— because of a subarachnoid haemorrhage (in this case both tubes are the same
colour)."
C_0269_001,DOC_WHO_2003,P_0269,269,257,1,0,220,0,1384,220,fa827d74ec81cc5e4be39b000f094a14a5e3470ad7770e5331e278f0c1674a80,"8. Examination of cerebrospinal fluid (CSF) 257




If only one tube of CSF is available, wait for the erythrocytes to settle (or centrifuge
at 2000g for 5 minutes) and examine the supernatant fluid.

If the supernatant fluid is clear (Fig. 8.4), the blood is there because of accidental
injury to a blood vessel.

If the supernatant fluid is bloodstained (Fig. 8.5), the blood is there because of a
subarachnoid haemorrhage.


Xanthochromia

Yellow discoloration of the CSF (xanthochromia; Fig. 8.6) may be caused by:

— an old haemorrhage

— severe jaundice

— constriction of the spine.


Clot formation

Examine the tubes of CSF 10 minutes after collection to see whether clots have
formed. Normal CSF has no clots, but clots may be found in the following diseases
or conditions:

— tuberculous meningitis: single or numerous small fine clots that can easily be
overlooked;

— purulent meningitis: a large clot;

— constriction of the spine: the CSF clots completely. Fig. 8.4 CSF from a patient
with a blood vessel
If clots are present, they should be described in the laboratory report. injury


8.3.3 Microscopic examination

Microscopic examination of CSF includes:

— examination of a wet preparation for blood cells;

— examination of a wet preparation for trypanosomes in areas where African
trypanosomiasis occurs;

— examination of a Gram-stained smear for organisms that"
C_0269_002,DOC_WHO_2003,P_0269,269,257,2,180,335,1102,2173,155,6a7c3628b91b1100ebb3452b8307f48eb11818e1c133e43d3cd5ff7b743bc1fc,"8.3.3 Microscopic examination

Microscopic examination of CSF includes:

— examination of a wet preparation for blood cells;

— examination of a wet preparation for trypanosomes in areas where African
trypanosomiasis occurs;

— examination of a Gram-stained smear for organisms that cause meningitis,
such as Neisseria meningitidis, Streptococcus pneumoniae and Haemophilus
influenzae (see Table 8.1);

— examination of a Ziehl–Neelsen-stained smear if tuberculous meningitis is
suspected; Fig. 8.5 CSF from a patient
with a subarachnoid
— examination for fungi such as Cryptococcus neoformans and Candida albicans, haemorrhage
if suspected.

The above examinations are made using the deposit from centrifuged CSF.


Blood cells in the CSF

The CSF may contain blood cells in varying quantities in certain diseases. The
CSF is examined:

— to detect erythrocytes;

— to determine the total number of leukocytes (leukocyte number con-
centration);
Fig. 8.6 CSF from a patient
— to determine the types of leukocyte present (differential leukocyte count). with xanthochromia"
C_0270_001,DOC_WHO_2003,P_0270,270,258,1,0,220,0,1303,220,d6d8345f163bfaf8822739d7a05f8eeac2df59038846de5f992494811681458a,"258 Manual of basic techniques for a health laboratory




Important: The investigation of erythrocytes must be carried
out as soon as possible after collection of the specimen, since
they are rapidly lysed.


Determination of the leukocyte number concentration

Materials and reagents (Fig. 8.7)
G Microscope
Fig. 8.7 Materials for determining the leukocyte G Fuchs–Rosenthal counting chamber (if not available, an
number concentration
improved Neubauer counting chamber may be used)

G Pasteur pipette with rubber teat

G Coverslips (supplied with the counting chamber)

G Bottle, 2–5 ml

G Türk solution (reagent no. 61).


Method
1. Cover the counting chamber with the coverslip supplied (Fig. 8.8).

2. Gently mix the CSF and fill the chamber with the fluid (Fig. 8.9):
— undiluted, if the CSF appears clear;
— diluted, if the CSF appears cloudy.

Make a 1 in 20 dilution using 0.05 ml of the CSF and 0.95 ml of Türk solution.
Pipette into a small bottle and mix.

3. Leave the counting chamber on the bench for 5 minutes to allow the cells to
settle. Place the chamber on the microscope stage.

4. Count the cells in 1 mm3 of CSF, using the ¥10 objective. When reporting in SI
units, report as “number ¥ 106/l”; the value does not change.

Example: 150 cells per mm3 are reported as “150 ¥ 106/l”."
C_0270_002,DOC_WHO_2003,P_0270,270,258,2,180,361,1093,2097,181,1f78eb01fbc5e9f69639bfa0ec1c57704f84cfda425e47aabe7c1869f7c330b6,"stage.

4. Count the cells in 1 mm3 of CSF, using the ¥10 objective. When reporting in SI
units, report as “number ¥ 106/l”; the value does not change.

Example: 150 cells per mm3 are reported as “150 ¥ 106/l”.





Fig. 8.8 Covering the counting Fig. 8.9 Filling the counting chamber with CSF
chamber with a coverslip


Important: If undiluted CSF is used, examine the cells using the ¥40 objective to
make sure that the cells are leukocytes. If erythrocytes are present, make the count
using the ¥40 objective.


Use of the Fuchs–Rosenthal counting chamber
The Fuchs–Rosenthal ruled counting chamber has an area of 9mm2 (modified
chamber) or 16mm2. The depth of the chamber is 0.2mm.

Count the cells in 5mm2 using squares 1, 4, 7, 13 and 16 (Fig. 8.10).

If undiluted CSF is used, no calculation is necessary; the number of cells counted
gives the number per mm3 of CSF.

If a 1 in 20 dilution of CSF is used, the number of cells counted is multiplied by 20
to give the number of cells per mm3 of CSF."
C_0271_001,DOC_WHO_2003,P_0271,271,259,1,0,220,0,1346,220,e540a397dec8e08aa5f1d5115b26d0b63675d27ce78d20a2e218790083e736de,"8. Examination of cerebrospinal fluid (CSF) 259




Use of the improved Neubauer counting chamber
If you are using an improved Neubauer chamber, count the cells
within the entire ruled area, which is 9mm3.

If undiluted CSF is used, multiply the number of cells counted by
10 and divide by nine to give the number of cells per mm3 of CSF.

If a 1 in 20 dilution of CSF is used, multiply the number of cells
counted by 20 and divide by nine to give the number of cells per
mm3 of CSF.


Results
Normal CSF contains less than 5 ¥ 106 leukocytes per litre (less
than 5 per mm3). An increased number of leukocytes can be found
in:

G Bacterial meningitis (meningococcal, Haemophilus influenzae,
pneumococcal): mostly neutrophils Fig. 8.10 Using the Fuchs–Rosenthal counting
chamber
G Tuberculous and viral meningitis: mostly lymphocytes

G African trypanosomiasis: mostly lymphocytes, but Mott cells may be seen, as
well as trypanosomes.


Determination of the leukocyte type number fraction
(differential leukocyte count)

Materials and reagents
G Microscope

G Microscope slides

G Centrifuge

G Centrifuge tubes

G Pipettes

G Romanowsky stain (see section 9.10.1)

G Methanol.


Method
If the CSF does not contain many cells (less than 200 ¥ 106/l):

1. Centrifuge the CSF at 3000g for 10 minutes. Pour off the supernatant fluid into
another tube"
C_0271_002,DOC_WHO_2003,P_0271,271,259,2,180,344,1114,2034,164,cc15dbcad4d47153d4b5788541a4b3cba85600c3bd7728d2bac0de4bc0c8c1d5,"Pipettes

G Romanowsky stain (see section 9.10.1)

G Methanol.


Method
If the CSF does not contain many cells (less than 200 ¥ 106/l):

1. Centrifuge the CSF at 3000g for 10 minutes. Pour off the supernatant fluid into
another tube (to be used for other tests).

2. Mix the deposit by tapping the end of the tube. Spread on a clean slide and leave
to dry.

3. Fix with methanol and stain with a Romanowsky stain as described in section
9.10.3. Examine the cells under the microscope using the ¥40 objective.

If there are many cells in the CSF:

1. Pipette one drop of uncentrifuged, mixed CSF on to a slide.

2. Make a thin smear and leave to dry.

3. Fix with methanol and stain with a Romanowsky stain as described in section
9.10.3.


Wet preparation for trypanosomes

Method

Place one drop of CSF deposit on a slide and cover with a coverslip. Examine the
preparation under the microscope using the ¥40 objective."
C_0272_001,DOC_WHO_2003,P_0272,272,260,1,0,220,0,1369,220,68e17446c2c44bf217ab644703bd45d939647607804e697567c0bc958d2f7947,"260 Manual of basic techniques for a health laboratory




The finding of motile trypanosomes in the CSF means that the later stage of
trypanosomiasis has been reached, in which the central nervous system is
infected (see section 4.7.3). The protein concentration of the CSF is raised
and the Pandy test is positive (see section 8.3.5). The fluid also contains an
increased number of white blood cells.

In a wet preparation stained with Romanowsky stain, the leukocytes can be
identified as lymphocytes (L), and Mott cells (M) can often be seen (Fig.
8.11). These are large cells containing vacuoles and large amounts of immu-
noglobulin M (IgM) that stain dark with the eosin part of Romanowsky
stains (see section 9.10.4).


Fig. 8.11 Trypanosomes in a wet
preparation stained with Gram-stained smear for meningitis
Romanowsky stain Method
L: lymphocytes; M: Mott
cells; T: trypanosomes. Make a smear of the CSF deposit and allow it to dry in the air. Stain the
smear with Gram stain as described in section 5.3.1.

Report any organisms seen in the Gram-stained smear by their:

G Gram reaction: positive or negative

G morphology: cocci, diplococci, bacilli, etc.

G numbers found.

A definite species identification cannot be made from a Gram-stained smear only.
Culture of the organisms is necessary.

The organisms that commonly cause meningitis are described on"
C_0272_002,DOC_WHO_2003,P_0272,272,260,2,180,277,1089,1800,97,eeed1e69c4f83b858a6e53cb3bf3c84154898ed5d333d92e296e99008543c5eb,"reaction: positive or negative

G morphology: cocci, diplococci, bacilli, etc.

G numbers found.

A definite species identification cannot be made from a Gram-stained smear only.
Culture of the organisms is necessary.

The organisms that commonly cause meningitis are described on the following
pages.


Neisseria meningitidis (meningococci) (Fig. 8.12)
G Gram-negative

G Diplococci, lying side by side

G Intracellular, inside the neutrophils.

Note: Diplococci may occasionally be seen outside the cells and are usually few in
number.


Streptococcus pneumoniae (pneumococci) (Fig. 8.13)
G Gram-positive

G Diplococci, lying end to end





Fig. 8.12 Neisseria meningitidis Fig. 8.13 Streptococcus
pneumoniae"
C_0273_001,DOC_WHO_2003,P_0273,273,261,1,0,220,0,1461,220,bc42ab64b9c9d74976fcbc812efdb448cae7a29b9f1db896d9324fbf4e346dd5,"8. Examination of cerebrospinal fluid (CSF) 261




G Surrounded by a capsule, which is not visible with Gram stain

G Not intracellular

G Usually many in number.


Haemophilus influenzae (especially in young children) (Fig. 8.14)
G Gram-negative

G Small bacilli (coccobacilli)

G Not intracellular

G Often numerous. Fig. 8.14 Haemophilus
influenzae
In all the above-mentioned forms of meningitis the leukocytes present are
neutrophils.


Gram-positive bacilli
Very rarely found. May belong to the Listeria group. Culture is essential.


Ziehl–Neelsen-stained smear for tuberculous meningitis

Method

If tuberculous meningitis is suspected, the CSF should be left to stand. If a clot
forms, it should be removed, spread on a slide and stained with Ziehl–Neelsen
stain, as described in section 5.3.3. Fig. 8.15 Acid-fast bacilli

If organisms are seen (Fig. 8.15), report the smear as “acid-fast bacilli present”.


Fungi in the CSF

Very rarely, fungi (Cryptococcus neoformans and Candida albicans) may be observed
in a smear stained with Gram stain.

Cryptococcus neoformans may be found in cloudy CSF with lymphocytes.


Method

Mix on a microscope slide:
Fig. 8.16 Cryptococcus
— one drop of CSF deposit neoformans

— one drop of Indian ink.

Examine the mixture between a slide and a coverslip.

Cryptococcus neoformans appears as follows (Fig. 8.16):

— round budding spores containing greyish granulations;

— each group of 1–3 spores is surrounded by"
C_0273_002,DOC_WHO_2003,P_0273,273,261,2,180,294,1203,1974,114,30e3006ffeedf7138e6b0df8976e4df5bcaef07259675f84fa75948210930bcd,"deposit neoformans

— one drop of Indian ink.

Examine the mixture between a slide and a coverslip.

Cryptococcus neoformans appears as follows (Fig. 8.16):

— round budding spores containing greyish granulations;

— each group of 1–3 spores is surrounded by a colourless capsule.

Candida albicans may be found in an unstained wet preparation of CSF deposit. It
appears as follows (Fig. 8.17):
Fig. 8.17 Candida albicans
— oval budding spores

— short mycelium filaments.


8.3.4 Determination of glucose concentration

Glucose concentrations in the CSF are normally about 60% of those in blood, i.e.
2.5–4.2mmol/l (45–75mg/100ml).

In patients with meningitis (especially purulent and tuberculous meningitis), the
concentration of glucose in the CSF is greatly reduced."
C_0274_001,DOC_WHO_2003,P_0274,274,262,1,0,220,0,1343,220,e4bdb177bc65578a3735ba579a0fe922c410b648dbf87123f773abfafef7a93e,"262 Manual of basic techniques for a health laboratory




Method

For determination of glucose concentrations in the CSF, all methods that are used
for determination of blood glucose concentrations can be applied. When the
orthotoluidine method (see section 10.1) is used, four times more CSF is needed
than in the test on blood.

Important: As the glucose in the CSF is rapidly destroyed once the fluid is collected,
it is important to carry out the estimation of glucose concentration as soon as possible.
If there is likely to be a delay, the CSF should be preserved in fluoride oxalate
(reagent no. 26).


8.3.5 Determination of protein concentration

Principle

The total protein concentration in the CSF is measured by diluting the CSF in
sulfosalicylic acid and comparing the cloudiness produced against a set of protein
standards.

A raised globulin level in the CSF is shown by adding the CSF to a phenol solution
in the Pandy test (see below).


Materials and reagents (Fig. 8.18)

G CSF: centrifuge the CSF at 2000g for 5 minutes and use the
supernatant fluid

G Graduated pipettes

G Dropping pipettes

G Test-tubes

G Test-tube rack
Fig. 8.18 Materials and reagents for
G Black cardboard determining the protein
concentration of CSF G Sulfosalicylic acid, 3% solution (reagent no. 57)

G Pandy reagent (reagent no. 41)

G Protein"
C_0274_002,DOC_WHO_2003,P_0274,274,262,2,180,351,1085,2169,171,f591cb590193037e67770505033d4e0db44d295e40e127c94ccdd75d633fa9b6,"pipettes

G Dropping pipettes

G Test-tubes

G Test-tube rack
Fig. 8.18 Materials and reagents for
G Black cardboard determining the protein
concentration of CSF G Sulfosalicylic acid, 3% solution (reagent no. 57)

G Pandy reagent (reagent no. 41)

G Protein standards (see section 7.2.5).


Method for determination of total protein

1. Pipette 3ml of sulfosalicylic acid into a test-tube that matches the
standard tubes.

2. Add 1ml of clear CSF supernatant fluid and mix. Leave the tube
Fig. 8.19 Comparing a test sample against
for 5 minutes. the protein standards
3. Compare the cloudiness of the test sample against the protein
standards (Fig. 8.19). Record the concentration of protein in the
CSF in g/l.

The normal concentration of protein in the CSF is 100–450mg/l. The protein
concentration is increased in:

— meningitis, subarachnoid haemorrhage or constriction of the spine;

— African trypanosomiasis.


Method for determination of globulin (Pandy test)

1. Measure 1ml of Pandy reagent into a small test-tube.

2. Place the tube in front of a piece of black cardboard."
C_0275_001,DOC_WHO_2003,P_0275,275,263,1,0,220,0,1534,220,23d08d772effc76b04515b63fe7199e567dcf46015869ac382cc30dd1e9a6ad6,"8. Examination of cerebrospinal fluid (CSF) 263





(a) (b)

Fig. 8.20 Adding CSF to Pandy reagent Fig. 8.21 Pandy test for globulin
a: Positive result; b: negative result


Table 8.2 Typical findings on examination of CSF

Disease or condition Appearance Blood cell Protein concentration Glucose Other findings
concentration concentration

Purulent meningitis Cloudy, yellowish >3000 cells/ml, Highly elevated, Greatly reduced Bacteria
mainly granulocytes 1–10g/l

Tuberculous Clear or almost 30–300 cells/ml, Elevated Greatly reduced Bacteria, clotted
meningitis clear mainly lymphocytes proteins

Viral meningitis Clear 10–300 cells/ml, Normal or slightly Normal —
mainly lymphocytes elevated

Malaria Slightly cloudy Elevated, mainly Elevated Reduced —
granulocytes

African Clear or slightly >5 cells/ml, mainly Elevated Reduced Trypanosomes,
trypanosomiasis cloudy lymphocytes Mott cells

Subarachnoid Red Not interpretable Not interpretable Not After
haemorrhage interpretable centrifugation,
red

Compression of the Clear, yellowish Normal or slightly Highly elevated Normal —
spine elevated



3. Using a dropping pipette, slowly add three drops of CSF (Fig. 8.20).

Examine the solution after the addition of each drop.

4. Read the results immediately.

If globulin is present, a white cloud forms as the drops of CSF mix with the reagent
(Fig. 8.21 (a)).

If globulin is absent, no white cloud forms as the drops of CSF mix with the rea-
gent, or there is a slight cloudiness that redissolves (Fig. 8.21 (b)).

Report the"
C_0275_002,DOC_WHO_2003,P_0275,275,263,2,180,287,1323,1960,107,ccc334be7e5b6d04cf707adda98df850305c316725bacc31e9e53969fb2fd2da,"of CSF mix with the reagent
(Fig. 8.21 (a)).

If globulin is absent, no white cloud forms as the drops of CSF mix with the rea-
gent, or there is a slight cloudiness that redissolves (Fig. 8.21 (b)).

Report the test as “Pandy test positive” or “Pandy test negative”.


8.3.6 Summary

Table 8.2 summarizes the typical findings on examination of CSF.


8.4 Dispatch of CSF specimens for culture

Before dispatch keep the CSF in the incubator at 37°C. Do not put it in the
refrigerator.


8.4.1 Materials and reagents

G Flat bottles containing an appropriate transport medium, such as Stuart trans-
port medium, modified (reagent no. 56)."
C_0276_001,DOC_WHO_2003,P_0276,276,264,1,0,104,0,655,104,55b17c062bd2f86216b03bf0afd1dc8fdd03a3b70ed5107078bfe86d84eeb662,"264 Manual of basic techniques for a health laboratory



8.4.2 Method using Stuart transport medium (for the isolation of
Neisseria meningitidis)

This is the best method. The medium is supplied in 30-ml bottles that contain 8ml
of solid medium (along one side of the flat bottle). The bottles are filled with a
mixture of air (90%) and carbon dioxide (10%).

Follow the instructions given for gonococci in section 5.5.4.

If possible, sow centrifuged CSF deposit on the medium (Fig. 8.22); otherwise use
uncentrifuged CSF.
Fig. 8.22 Dispatching CSF
specimens for Preservation time: up to 4 days at room temperature.
culture using Stuart
transport medium"
C_0277_001,DOC_WHO_2003,P_0277,277,265,1,0,220,0,1377,220,e594ec27adac91f7d85ddaf1cf273b597f7206b5aad1d66807ca11d01b484e9c,"9. Haematology 265

9. Haematology





Haematology is the study of the cells that are found in blood and the factors that
affect their functioning.


Volume of blood in the human body

An adult weighing 60kg has about 4.5 litres of blood. There is therefore no danger
involved in taking 0.5 litre of blood as a donation for transfusion, and no risk in
taking two 10-ml tubes or more for analysis. Make this clear to anxious patients
when you take their blood.


9.1 Types of blood cell

Three main classes of blood cell can be distinguished under the microscope: red
cells (erythrocytes), white cells (leukocytes) and platelets (thrombocytes).


9.1.1 Erythrocytes (Fig. 9.1)

Appearance: round or slightly oval cells filled with haemoglobin. After staining
with a Romanowsky stain (see section 9.10.4), they appear pink with a
pale central area. From the side erythrocytes look like biconcave discs;
they do not contain nuclei.

Size: 7–8mm.

Number concentration: normally around 4–5 ¥ 1012 per litre (4–5 ¥ 106 per
mm3) of blood.

Erythrocytes carry haemoglobin which combines with and carries oxygen from
the lungs to the tissues. They also carry carbon dioxide from the tissues to the
lungs, thus removing the principal end-product to which most organic sub-
stances are metabolized in the body.
Fig. 9.1 Erythrocytes

9.1.2 Leukocytes (Fig. 9.2)

Appearance: round cells"
C_0277_002,DOC_WHO_2003,P_0277,277,265,2,180,322,1120,2040,142,c9a06ffc9c46fcd68a2cfe5ef83b75db731935b88a7a6f24ffd2cbe4b7d24da7,"to the tissues. They also carry carbon dioxide from the tissues to the
lungs, thus removing the principal end-product to which most organic sub-
stances are metabolized in the body.
Fig. 9.1 Erythrocytes

9.1.2 Leukocytes (Fig. 9.2)

Appearance: round cells containing a nucleus and granules in the cytoplasm.

Size: 9–20mm.

Number concentration: normally about 8 ¥ 109 per litre (8000 per mm3) of
blood.

The presence of a nucleus enables leukocytes to be readily distinguished from
erythrocytes under the microscope. There are five types of leukocyte
(neutrophils, eosinophils, basophils, lymphocytes and monocytes) which dif-
fer in size, shape of the nucleus, colour of the granules in the cytoplasm and
other factors. They can be identified by microscopy after staining with a Ro-
manowsky stain (see section 9.10.4).

Leukocytes play an important role in the defence or immune system. Fig. 9.2 Leukocytes





265"
C_0278_001,DOC_WHO_2003,P_0278,278,266,1,0,220,0,1403,220,cfa5bc18e5c8c211f84207adb23e1e5d6cf2f877365c834193bb425345572ec8,"266 Manual of basic techniques for a health laboratory



9.1.3 Thrombocytes (Fig. 9.3)

Thrombocytes or platelets are fragments of megakaryocytes that are found in the
peripheral blood, where they are involved in clot formation.

Size: 2–5mm.

Cytoplasm: very little visible, contains granules.

In healthy adults, the blood contains about 150–300 ¥ 109 thrombocytes per litre
(150000–300000 per mm3).


Fig. 9.3 Thrombocytes
Clotting of blood1

When blood is collected in a glass tube it solidifies within 5–10 minutes forming a
clot; it has coagulated.

Clotted blood separates into two components (Fig. 9.4):

— the serum, a yellow liquid;

— the clot, a solid red mass.

If an anticoagulant is added to the blood as soon as it is collected, clotting is pre-
vented and the blood remains fluid. Examples of anticoagulants include: fluoride
oxalate (reagent no. 26), trisodium citrate, 3.2% solution (reagent no. 60) and EDTA
dipotassium salt, 10% solution (reagent no. 22).

Blood treated with an anticoagulant separates into two liquid components (Fig.
9.5):

— the plasma, a yellow liquid;

— the blood cells, which sediment over time or following centrifugation to form
a thin layer of leukocytes over a deposit of erythrocytes.


Difference between plasma and serum

G Plasma contains a soluble protein called fibrinogen in addition to a large number
of other proteins.

G Serum does not contain"
C_0278_002,DOC_WHO_2003,P_0278,278,266,2,180,258,1154,1654,78,ee1f6a0b356eabe1e5f28085d574a1325bbb5c3bf143523064d79b14d97ac717,"centrifugation to form
a thin layer of leukocytes over a deposit of erythrocytes.


Difference between plasma and serum

G Plasma contains a soluble protein called fibrinogen in addition to a large number
of other proteins.

G Serum does not contain fibrinogen, but all the other proteins are present. The
fibrinogen is changed into insoluble fibrin, which together with the erythrocytes
forms the clot.





Fig. 9.4 Clotted blood Fig. 9.5 Blood treated with an
anticoagulant





1 See section 9.9."
C_0279_001,DOC_WHO_2003,P_0279,279,267,1,0,220,0,1285,220,283cf5c1e746bb54dcce848be56b5212f93515b1dcda2c87436ae4956c32936c,"9. Haematology 267



9.2 Collection of blood specimens
9.2.1 Principle

Venous blood is collected from a vein in the arm with a needle and syringe, as
described below.

Capillary blood may be collected from the finger, the ear or the heel (in infants), as
described in section 9.4.1.


9.2.2 Materials and reagents

G For disinfecting the skin:
— cotton wool
— 70% ethanol or tincture of iodine

G For the venepuncture (Fig. 9.6):
— gloves
— a tourniquet of soft rubber tubing, 2–3mm bore
— needles, 30–40mm, 20 gauge, 19 gauge, 18 gauge, medium bevel

G For collection of blood:

— syringes, 2ml, 5ml, 10ml, 20ml (check that the end of each syringe fits into
the needle)
— bottles or test-tubes (Fig. 9.7), either empty or containing an anticoagulant
(see section 9.1.3) and bearing a mark corresponding to the required amount Fig. 9.6 Materials for
of blood (e.g. at the 5-ml level). venepuncture





Fig. 9.7 Bottles and test-tubes for collection of blood specimens


If blood samples are to be taken from children under 5 years, 23 gauge or 25 gauge
needles will also be required.

Keep a stock of sterile needles in a small glass tube: the point should rest on a
pad of non-absorbent cotton wool and the tube should be plugged with the same
material.


9.2.3 Method

Preparation"
C_0279_002,DOC_WHO_2003,P_0279,279,267,2,180,331,1056,1912,151,6c6b3d97c6a516041e839163e5c098cf57960865644f84d245e80394ba61b38e,"needles will also be required.

Keep a stock of sterile needles in a small glass tube: the point should rest on a
pad of non-absorbent cotton wool and the tube should be plugged with the same
material.


9.2.3 Method

Preparation

1. Read the patient’s request form carefully:
(a) Decide how much blood is needed.
(b) Prepare the correct bottle or tube to be used for each test.

2. If blood is to be used for different laboratory investigations, plan the sequence in
which blood samples must be taken. (For example, the first 1ml of blood must
be discarded when blood is taken for coagulation assays.)

3. Before taking the blood, wash your hands with soap and water.

Ask the patient to sit alongside the table used for taking blood.

Lay the patient’s arm on the table, palm upwards, and support it by placing a
small cushion under the elbow (Fig. 9.8)."
C_0280_001,DOC_WHO_2003,P_0280,280,268,1,0,220,0,1156,220,5755d15c17370e4095b3b73988eb7bc53d03eda738eecf7ef987ed58b31bbb78,"268 Manual of basic techniques for a health laboratory





Fig. 9.8 Taking blood from a patient in the Fig. 9.9 Taking blood from a patient in bed
laboratory


If the patient is in bed, lay his or her arm in an outstretched position (Fig. 9.9).

The correct site to take the blood is the vein in the bend of the elbow, at the point
where the vein is thickest and most easily visible (Fig. 9.10). If possible, choose one
of the branches forming a Y just above their junction (1). If necessary, points 2, 3
and 4 can be used as alternatives.


Procedure

1. Fix the needle on to the syringe, touching only the top of the needle. Test the
needle and syringe to make sure that the needle is not blocked and the syringe
is airtight.

Place the end of the needle in the sterile tube until ready for use.

2. Apply the tourniquet. With the right hand, wrap the tourniquet firmly round
the arm and hold the ends.

3. With the left hand, pull one of the ends across (Fig. 9.11).

4. Loop the end under the main part of the tourniquet (Fig. 9.12). The tourni-
quet should be just tight enough to slow down the blood flow in and distend
the veins, but it must not be"
C_0280_002,DOC_WHO_2003,P_0280,280,268,2,180,275,951,1455,95,96b676ecef7ad70bcc01f094a674650b55867f24db267925387eeb35176d9f8a,"across (Fig. 9.11).

4. Loop the end under the main part of the tourniquet (Fig. 9.12). The tourni-
quet should be just tight enough to slow down the blood flow in and distend
the veins, but it must not be so tight that the blood flow in the arteries is
Fig. 9.10 Sites for taking
venous blood reduced.
1: Preferred site;
2, 3, 4: alterna- 5. Ask the patient to open and close his or her hand several times to swell the
tive sites. veins.





Fig. 9.11 Applying a tourniquet Fig. 9.12 Tying a tourniquet"
C_0281_001,DOC_WHO_2003,P_0281,281,269,1,0,220,0,1250,220,dec9e0f2f9979a2dfd32baa86e6fc3296e035bb4cded7bbf2c443650a1c44f8c,"9. Haematology 269





Fig. 9.13 Feeling for a vein Fig. 9.14 Correct position for holding a
syringe





Fig. 9.15 Correct position for venepuncture Fig. 9.16 Incorrect position for
venepuncture


6. Using the index finger of your left hand, feel for the vein where you will intro-
duce the needle (Fig. 9.13).

7. Disinfect the skin with a swab dipped in tincture of iodine or ethanol.

8. Take the syringe in your right hand, holding your index finger against the top of
the needle (Fig. 9.14).

9. Position the needle with the bevel uppermost. Make the venepuncture entering
the centre of the vein (Fig. 9.15) without hesitation.

Important:
Never approach a vein from the side (Fig. 9.16).

You will feel the needle going through:
— the layer of skin, which is resistant;
— then the wall of the vein, which is less resistant (more
flexible).

10. Push the needle along the line of the vein to a depth of 1.0–
1.5cm.

11. With your left hand pull back the piston of the syringe slowly.
Blood should appear in the syringe (Fig. 9.17).

12. Remove the tourniquet by pulling on the looped end. Then
continue to withdraw the piston to fill the syringe with the
required amount of blood (Fig. 9.18).

13. Apply a dry swab over the hidden point of the"
C_0281_002,DOC_WHO_2003,P_0281,281,269,2,180,243,1032,1387,63,d3dd2b12abf9740ed8080f3b41a89ad90ac7754d70920335605b0b49b1bc4a59,"9.17).

12. Remove the tourniquet by pulling on the looped end. Then
continue to withdraw the piston to fill the syringe with the
required amount of blood (Fig. 9.18).

13. Apply a dry swab over the hidden point of the needle. With-
draw the needle in one rapid movement from under the swab Fig. 9.17 Checking the needle is inserted
(Fig. 9.19). correctly"
C_0282_001,DOC_WHO_2003,P_0282,282,270,1,0,203,0,1230,203,75285a5f64ef75b443388187841792ce9ff621a98f4656e3a3b55c1eaa63ed22,"270 Manual of basic techniques for a health laboratory





Fig. 9.18 Filling the syringe with blood Fig. 9.19 Withdrawing the needle




14. Ask the patient to press firmly on the cotton wool swab for 3 minutes, keeping
the arm outstretched (Fig. 9.20(a)). Bending the arm back over the swab (Fig.
9.20(b)) is not recommended (because of the risk of a haematoma).

15. Remove the needle from the syringe.

Fill the specimen tubes or bottles with the blood up to the mark (Fig. 9.21).

Immediately invert the tubes or bottles that contain anticoagulant several times.

16. Label the tubes or bottles clearly with:
— the patient’s name
— the date
— the patient’s outpatient or hospital number if this is available.

Rinse the needle and syringe at once with cold water, then rinse in disinfectant (see
section 3.5.4).

Place the rinsed needles and syringes in small glass tubes plugged with non-
absorbent cotton wool and sterilize in the autoclave or the dry-heat sterilizer (see
section 3.5.5). Never use a needle or syringe on another person before it has been
resterilized. Disposable needles must only be used once, as they cannot be
resterilized.





Fig. 9.20 Correct (a) and incorrect (b) positions for stopping blood flow"
C_0283_001,DOC_WHO_2003,P_0283,283,271,1,0,220,0,1417,220,603a63bd168756fbf4bd50d6100de239535f0f806935e298b8a623a82415d684,"9. Haematology 271



9.3 Estimation of the haemoglobin concentration

Haemoglobin is the red pigment contained in erythrocytes. It consists of protein
chains and iron-containing molecules.


Units of measurement

The SI unit for expressing haemoglobin concentrations is millimole per litre (mmol/
l). When this unit is used, it is necessary to specify the chemical structure to which
it applies. In practice, this means that the term “haemoglobin(Fe)”
should be used instead of the simple term “haemoglobin”. How-
ever, as an interim measure, before making the change to millimole
per litre, some laboratories are using the unit “gram per litre” (g/l).
When this unit is used, the simple term “haemoglobin” suffices, and
it is not necessary to say “haemoglobin(Fe)”. Values in grams per
litre may be converted into values in millimoles per litre by multi-
plying by 0.062.

Example:

haemoglobin 150g/l ¥ 0.062 = haemoglobin(Fe) 9.3mmol/l

In this manual calculations and values are usually expressed in both
Fig. 9.21 Transferring the blood to a specimen
forms. It should be noted that if the unit “gram per litre” is used, the tube
values are 10 times greater than values in the traditional unit “gram
per 100ml”. For example, 150g/l = 15.0g/100ml.


9.3.1 Haemiglobincyanide photometric method

Principle

The blood is diluted in Drabkin diluting fluid, which haemolyses the red cells and
converts the haemoglobin"
C_0283_002,DOC_WHO_2003,P_0283,283,271,2,180,400,1142,2674,220,3baee0c8c140994294c43f5e0bf5072b203f96b0a4cb7b26d67342a3f2256994,"are 10 times greater than values in the traditional unit “gram
per 100ml”. For example, 150g/l = 15.0g/100ml.


9.3.1 Haemiglobincyanide photometric method

Principle

The blood is diluted in Drabkin diluting fluid, which haemolyses the red cells and
converts the haemoglobin into haemiglobincyanide (cyanmethaemoglobin). The
solution obtained is examined in a spectrophotometer (or colorimeter). Its absorb-
ance is proportionate to the amount of haemoglobin in the blood.

The haemiglobincyanide photometric method gives the most accurate haemoglobin
estimations. It should be used wherever possible.


Materials and reagents

G Spectrophotometer1 (or colorimeter)

G Spectrophotometer (or colorimeter) cuvettes

G Test-tubes

G Test-tube rack

G Blood (Sahli) pipettes, 0.2ml

G Drabkin diluting fluid (reagent no. 21)

G Reference solution, which may be:
— the fresh haemiglobincyanide reference solution used to calibrate the
instrument,
— a reference solution previously calibrated against the haemiglobincyanide
reference solution, or
— a blood sample of known haemoglobin concentration.

A calibration curve must be prepared before the spectrophotometer (or colorim-
eter) can be used for haemoglobin estimation. From such a curve a graph can be
prepared and a table made for the haemoglobin values.

1 Some spectrophotometers run either on mains electricity or on current from a motor car bat-
tery. One model is supplied by UNICEF: reference no. 09.309.98 (110V battery) or 09.310.00
(220V battery); it can be ordered from"
C_0283_003,DOC_WHO_2003,P_0283,283,271,3,360,411,2426,2758,51,aa71b2f9ef5026037bb69a69b8c836f6a3a77bff8913ef56d1c79135c38763a1,"the haemoglobin values.

1 Some spectrophotometers run either on mains electricity or on current from a motor car bat-
tery. One model is supplied by UNICEF: reference no. 09.309.98 (110V battery) or 09.310.00
(220V battery); it can be ordered from the following address: UNICEF, UNICEF Plads, Freeport,
DK 2100 Copenhagen, Denmark."
C_0284_001,DOC_WHO_2003,P_0284,284,272,1,0,220,0,1369,220,c5d6c6def19f6ea8b5c99c0a7d83302064a30c6610cb1ad40f4ce29a339f9ce1,"272 Manual of basic techniques for a health laboratory




Important:

At the beginning of each day:

G Clean the matched spectrophotometer (or colorimeter) cuvettes.

G Fill one of the cleaned tubes with fresh Drabkin diluting fluid, which is used to
zero the spectrophotometer (or colorimeter).

G Read a reference solution (see above).


Calibration of the spectrophotometer (or colorimeter) using
haemiglobincyanide reference solution (or a reference solution previously
calibrated against haemiglobincyanide reference solution)

1. Calculate the haemoglobin value of the reference solution in grams per litre by
using the following formula:

concentration in mg 100 ml ¥ 10 a b ¥ 251
1000 c

where:
a = the factor for converting 100ml to 1 litre;
b = the dilution factor when 0.02ml of blood is diluted with 5ml of Drabkin
diluting fluid;
c = the factor for converting milligrams to grams.

Since 10 ¥ 251/1000 is very nearly 2.5, the above formula can be simplified as
follows:1

haemoglobin value of reference solution in grams per litre = concen-
tration in mg/100ml ¥ 2.5

Example:

concentration of reference solution = 60mg/100ml

haemoglobin value = 60 ¥ 2.5 = 150g/l

2. Prepare a series of dilutions of the reference solution in four test-tubes
(labelled 1–4) (Fig. 9.22). Pipette into each tube the amounts shown in
Table 9.1.

3. Mix the contents of the"
C_0284_002,DOC_WHO_2003,P_0284,284,272,2,180,345,1154,2139,165,5b8b1c48d73d8b672ef71ff50b52f16d99ae5b4c006a8d63163f2ba3b29de616,"value = 60 ¥ 2.5 = 150g/l

2. Prepare a series of dilutions of the reference solution in four test-tubes
(labelled 1–4) (Fig. 9.22). Pipette into each tube the amounts shown in
Table 9.1.

3. Mix the contents of the tubes and allow to stand for 5 minutes (Fig.
9.23).

4. Read the dilutions in the spectrophotometer (or colorimeter):
(a) Set the wavelength to 540 nanometres (nm) or place a green filter inFig. 9.22 Preparing serial dilutions of
haemiglobincyanide the spectrophotometer (or colorimeter).
reference solution (b) Fill a matched cuvette with Drabkin diluting fluid and place in the
spectrophotometer (or colorimeter).




Table 9.1 Preparing serial dilutions of reference solution

Tube number Volume of reference Volume of Drabkin diluting Dilution
solution (ml) fluid (ml)

1 4.0 0.0 undiluted

2 2.0 2.0 1:2

3 1.3 2.7 1:3

4 1.0 3.0 1:4





1 If a dilution of 1 in 200 is used (i.e. 0.02ml of blood and 4ml of Drabkin diluting fluid),
multiply by 2.0 instead of 2.5."
C_0285_001,DOC_WHO_2003,P_0285,285,273,1,0,220,0,1418,220,904a791ede432c5524b18d1272b11fdcd93d1481d968cf74d9a8a92d35189d15,"9. Haematology 273




Table 9.2 Sample spectrophotometer readings for different dilu-
tions of reference solution

Dilution Haemoglobin concentration (g/l) Absorbance at 540nm

undiluted 150 35.0

1:2 150/2 = 75 17.5

1:3 150/3 = 50 11.5

1:4 150/4 = 37.5 8.5





Fig. 9.23 After mixing the dilutions of reference Fig. 9.24 Standard curve for determining
solution, leave them to stand for 5 the haemoglobin concentration
minutes of blood specimens




(c) Zero the spectrophotometer.
(d) Read the contents of tubes 1 to 4, using a cuvette.

Make sure the needle returns to zero between each reading with Drabkin dilut-
ing fluid.

5. Prepare a graph, plotting the readings of the diluted reference solutions against
their respective haemoglobin concentrations (Table 9.2 and Fig. 9.24).

6. From the graph make a table of haemoglobin values from 20 to 180g/l.


Calibration of the spectrophotometer (or colorimeter) using a blood
sample of known haemoglobin concentration

1. Obtain a sample of blood of known haemoglobin concentration (e.g. 168g/l).

2. Switch on the spectrophotometer (or colorimeter) and set to wavelength 540nm.

3. Pipette 8ml of Drabkin diluting fluid into a test-tube. Add 0.04ml of well-mixed
blood. Be sure to wipe the outside of the pipette beforehand to avoid adding
excess blood. Mix the haemiglobincyanide solution by inverting several times.
Leave to stand for 10 minutes.

4. Zero the"
C_0285_002,DOC_WHO_2003,P_0285,285,273,2,180,268,1177,1741,88,4dd1944ca055c03522459982bf2f15de80d10bdc62b596a38cbc0c987297f94d,"into a test-tube. Add 0.04ml of well-mixed
blood. Be sure to wipe the outside of the pipette beforehand to avoid adding
excess blood. Mix the haemiglobincyanide solution by inverting several times.
Leave to stand for 10 minutes.

4. Zero the spectrophotometer using Drabkin diluting fluid.

5. Read and record the absorbance of the haemiglobincyanide solution prepared
above.

6. Prepare a series of dilutions of the haemiglobincyanide solution in four test-
tubes (labelled 1–4) as shown in Table 9.3.

7. Read and record the absorbances of the diluted solutions."
C_0286_001,DOC_WHO_2003,P_0286,286,274,1,0,220,0,1335,220,c61cd9148d1f7173a27af9a3e8c60bb370a81b6a54f7e66c16027a1726bfa9b2,"274 Manual of basic techniques for a health laboratory




Table 9.3 Preparing serial dilutions of haemiglobincyanide solution

Tube Volume of haemiglobincyanide Volume of Drabkin Concentration of
number solution (ml) diluting fluid (ml) haemoglobina (g/l)

1 4.0 1.0 13.4

2 3.0 2.0 10.1

3 2.0 3.0 6.7

4 1.0 4.0 3.4

a In this example, it is assumed that the haemoglobin concentration of the haemiglobincyanide solution
is 168 g/l.


8. Plot a graph of absorbance against haemoglobin concentration, using ordinary
graph paper. Draw a straight line starting at the origin passing as close to each
point as possible. Extend the line so that you can read absorbances for haemo-
globin values greater than 168g/l.

A reference table of values is prepared using the graphs obtained from either of the
above methods:

G Draw up a table of absorbance readings starting from 0.00, 0.01, 0.02 and end-
ing at 1.50.

G Determine the haemoglobin concentrations for each of the absorbances from
the graph.


Precautions

G Potassium cyanide is very poisonous. It must be kept in a locked cupboard at all
times when not in use. Wash your hands immediately after handling it.

G Store Drabkin diluting fluid in a brown reagent bottle because it decomposes on
exposure to light. If a brown reagent bottle is not available, use a clear glass
bottle"
C_0286_002,DOC_WHO_2003,P_0286,286,274,2,180,400,1106,2422,220,b0123108d116affdd0963a7f6d26d3bca1d06fee9457a5b9cf3e23bf18c84a1a,"not in use. Wash your hands immediately after handling it.

G Store Drabkin diluting fluid in a brown reagent bottle because it decomposes on
exposure to light. If a brown reagent bottle is not available, use a clear glass
bottle carefully wrapped in silver foil.

G Drabkin diluting fluid should be clear and pale yellow. If it becomes turbid, or
loses its colour, it should be discarded. The clarity of the diluting fluid can be
checked by measuring its absorbance in a spectrophotometer at 540nm against
water as a blank. The absorbance must read zero.

G Once the haemiglobincyanide solution has been prepared, the haemoglobin
estimation must be carried out within 6 hours.

G Drabkin diluting fluid remains stable for several months when stored at cool
temperatures. If the room temperature exceeds 30°C, store it in a refrigerator
at 4–6°C. Do not freeze, as this may cause decomposition of the compound.
Always allow the diluting fluid to warm to room temperature before use.


Method

1. Pipette 5ml of Drabkin diluting fluid into a tube. Draw venous or capillary blood
to the 0.02-ml mark of a blood (Sahli) pipette. Do not allow air bubbles to enter.
With venous blood ensure that it is well mixed by inverting the bottle containing
it and the anticoagulant repeatedly for about 1 minute immediately before"
C_0286_003,DOC_WHO_2003,P_0286,286,274,3,360,467,2187,2778,107,890586cf0e8cd0af257b152a99ef933d6aa19b280474ed759a8d7088506599e9,"the 0.02-ml mark of a blood (Sahli) pipette. Do not allow air bubbles to enter.
With venous blood ensure that it is well mixed by inverting the bottle containing
it and the anticoagulant repeatedly for about 1 minute immediately before
pipetting it.

2. Wipe the outside of the pipette. Check that the blood is still on the 0.02-ml mark
(Fig. 9.25). Squeeze the bulb of the pipette to expel the blood into the Drabkin
diluting fluid and rinse the pipette by drawing up and expelling the fluid in the
tube three times.

3. Mix the contents of the tube and leave for 5 minutes (see Fig. 9.23)."
C_0287_001,DOC_WHO_2003,P_0287,287,275,1,0,136,0,933,136,993b4dccd8bd354470533112616757a1c44e5c15b9ac672148aec377b2e4de2a,"9. Haematology 275





Fig. 9.25 Checking that the blood is still on the mark



4. Zero the colorimeter using Drabkin diluting fluid. Read the absorbance of the
patient’s diluted blood in the spectrophotometer test-tube or cuvette.

If cloudiness appears in the diluted blood, this may be attributable to abnormal
plasma proteins or to a high concentration of white cells. Centrifuge the diluted
blood at 2000g for 5 minutes before taking a reading.

Using the table prepared from the calibration curve, record the concentration of
haemoglobin in g/l.


Reference range

Table 9.4 shows the reference ranges for different age groups.




Table 9.4 Normal haemoglobin concentrations, by age group

Age group Haemoglobin (Fe) Haemoglobin concentration (g/l)
concentration (mmol/l)

Newborn infants 8.4–12.1 136–196

Infants (1 year) 7.0–8.1 113–130

Children (10–12 years) 7.4–9.2 115–148

Women 7.4–9.9 120–160

Men 8.1–11.2 130–180"
C_0288_001,DOC_WHO_2003,P_0288,288,276,1,0,220,0,1487,220,7bba87f2faa4145aa00c5257254f2a40750832ff72d8b7058a52aaf7d1bb3087,"276 Manual of basic techniques for a health laboratory



9.3.2 Alkaline haematin D method

Principle

When a blood sample is added to an alkaline solution containing a non-ionic deter-
gent, the haemoglobin is converted to alkaline haematin D-575, which is a stable
coloured compound. The absorbance of the alkaline haematin D-575 is measured
using a haemoglobinometer or colorimeter. The spectrophotometer and haemo-
globinometer directly determine the haemoglobin (Hb) concentration of the blood
sample, whereas with a colorimeter, the haemoglobin concentration of the blood
sample is obtained from the absorbance using a prepared calibration curve or table
of values.

The alkaline haematin D (AHD) method offers several advantages over the hae-
moglobin cyanide method:

G It is as accurate, but less expensive.

G The calibration procedure uses chlorhaemin, a stable crystalline compound that
is commercially available.

G The AHD reagent does not include potassium cyanide, which is highly toxic, in
contrast to Drabkin diluting fluid for the haemoglobin cyanide method.

G The AHD reagent can be prepared using chemicals that are generally available
locally.


Materials and reagents

G Spectrophotometer, haemoglobinometer or colorimeter

G Test-tubes

G Test-tube racks

G Corks or rubber stoppers

G Cuvettes

G Grease pencil

G Cotton wool or gauze

G AHD standard (supplied by the central laboratory)

G AHD reagent (reagent no. 8).


Calibration of the spectrophotometer or"
C_0288_002,DOC_WHO_2003,P_0288,288,276,2,180,353,1235,2312,173,d5b35243b2143b1deb5849faf627084168a66c36d7e4e3035911b410f19cfbd5,"colorimeter

G Test-tubes

G Test-tube racks

G Corks or rubber stoppers

G Cuvettes

G Grease pencil

G Cotton wool or gauze

G AHD standard (supplied by the central laboratory)

G AHD reagent (reagent no. 8).


Calibration of the spectrophotometer or haemoglobinometer

1. Note the concentration of the AHD standard indicated on the label, e.g. 160g/l
at a 1:150 dilution.

2. Pipette 20ml of AHD standard into a clean test-tube containing 3ml of AHD
reagent.

3. Stopper the test-tube using a clean cork or rubber stopper and mix by inversion.
Leave the tube to stand for 2–3 minutes.

4. Fill a clean cuvette with the undiluted AHD reagent. Dry the outside of the
cuvette with cotton wool or gauze and place it in the cuvette chamber. Adjust the
spectrophotometer or haemoglobinometer to read zero (blank).

5. Replace the undiluted AHD reagent in the cuvette with the diluted AHD stand-
ard solution; repeat the measurement procedure and adjust the spectrophotom-
eter or haemoglobinometer to read the correct haemoglobin concentration
indicated on the label, e.g. 160g/l."
C_0289_001,DOC_WHO_2003,P_0289,289,277,1,0,220,0,1276,220,d791735b2b80980093356028dc52716b3c69d9a5cc5998cb2ffeeb3eba0f4517,"9. Haematology 277




Calibration of the colorimeter

1. Switch on the colorimeter and set the wavelength to 540nm. Allow the color-
imeter to warm up for the time recommended by the manufacturer.

2. Arrange six test-tubes in a test-tube rack. Label the test-tubes 1, 2, 3, 4, B and
N.

3. Pipette 5ml of AHD reagent into the test-tube marked B.

4. Pipette 3ml of AHD reagent and 20ml of AHD standard into the test-tube
marked N.

5. Dilute the reference solution in test-tube N as described in Table 9.5.

6. Pipette the indicated volumes of AHD reagent and reference solution into test-
tubes 1–4. Stopper each tube and mix by inversion.

7. Calculate the haemoglobin concentrations in the test-tubes as follows:

haemoglobin concentration = concentration of reference solution
¥ dilution factor

For example:

tube N: 160gHb/l

tube 1: 160gHb/l ¥ 4/5 = 128gHb/l

tube 2: 160gHb/l ¥ 3/5 = 96gHb/l

tube 3: 160gHb/l ¥ 2/5 = 64gHb/l

tube 4: 160gHb/l ¥ 1/5 = 32gHb/l

tube B: 0gHb/l

8. Pour the AHD reagent from test-tube B into a clean cuvette. Dry the outside of
the cuvette with cotton wool or gauze. Place the cuvette into the cuvette cham-
ber, close the cuvette chamber and adjust the colorimeter to read zero absorb-
ance (blank).

9. Replace the AHD reagent in the"
C_0289_002,DOC_WHO_2003,P_0289,289,277,2,180,389,1050,2310,209,a7c6061cf475a9e07600c963b86f09c69f4c351b36bea0c71bf0da5465b619cd,"Dry the outside of
the cuvette with cotton wool or gauze. Place the cuvette into the cuvette cham-
ber, close the cuvette chamber and adjust the colorimeter to read zero absorb-
ance (blank).

9. Replace the AHD reagent in the cuvette with the reference solution from test
tube 4. Record the absorbance. Pour the solution back into test-tube 4.

10. Repeat the procedure using test-tubes 3, 2, 1 and N, respectively in sequence.

11. Plot a graph of the absorbance values against the haemoglobin concentration
(g/l) for the standard and test samples (N and tubes 1–4, respectively) (Fig.
9.26). Starting from the origin, draw a straight line joining through as many of
the points as possible.

Note: Always prepare a new calibration curve whenever you use a different colorim-
eter, type of cuvette, or method for haemoglobin measurement.


Method

Method using a spectrophotometer or haemoglobinometer

1. Switch on the spectrophotometer or haemoglobinometer. Allow it to warm up
for the time recommended by the manufacturer (usually 10 minutes).



Table 9.5 Preparation of serial dilutions
of AHD reference solution for
calibration of a colorimeter

Test-tube 1 2 3 4

AHD reagent (ml) 1 2 3 4

AHD reference solution (ml) 4 3 2 1

Total volume (ml) 5 5 5 5"
C_0290_001,DOC_WHO_2003,P_0290,290,278,1,0,220,0,1266,220,49e30b5e8f068ccf66847fad9938c0f314b4b77fe70e42c3ad2d9a31aec2c452,"278 Manual of basic techniques for a health laboratory





Fig. 9.26 Calibration carve for determining haemoglobin concentration



2. Arrange the test-tubes in a test-tube rack: one for each sample to be tested, one
for the blank and two for the control samples.

3. Using a grease pencil, label the test-tubes with the appropriate laboratory num-
bers of the samples to be measured, B for the blank, and C1 and C2 for the
control samples.

4. Pipette 3ml of AHD reagent into each test-tube.

5. Pipette 20ml of blood collected in EDTA from a patient into the AHD reagent
of the appropriate tube. Flush the pipette carefully five times with the AHD
reagent.

6. Pipette 20ml of AHD standard into test-tubes C1 and C2.

7. Plug all the test-tubes with a clean cork or rubber stopper and mix by inversion.
Leave the tubes to stand for 2–3 minutes.

8. Pour the AHD solution from test-tube B into a clean cuvette. Dry the outside of
the cuvette with cotton wool or gauze. Make sure that there are no air bubbles in
the solution. Place the cuvette in the cuvette chamber and adjust the spectro-
photometer or haemoglobinometer to read zero.

9. Repeat the procedure with the solution in test-tubes C1 and C2, respectively. If
the readings of the two controls differ by"
C_0290_002,DOC_WHO_2003,P_0290,290,278,2,180,310,1018,1877,130,7b5084404a18e7a7d563148b86dab207081e6b2e9be33cff8b9cb294ca4f540d,"solution. Place the cuvette in the cuvette chamber and adjust the spectro-
photometer or haemoglobinometer to read zero.

9. Repeat the procedure with the solution in test-tubes C1 and C2, respectively. If
the readings of the two controls differ by less than 2.5%, measure the haemo-
globin concentration of all the test samples. Record all the results.


Method using a colorimeter

The AHD method is also applicable using a colorimeter. The measurement proce-
dure is the same as that described for a spectrophotometer or haemoglobinometer.
However, the absorbance in a colorimeter does not increase linearly with haemo-
globin at elevated concentrations. Therefore, a calibration curve must be used to
relate the absorbance readings to the haemoglobin concentration, as described above.


Results

Report the results in g/l. Example: “haemoglobin = 89g/l”."
C_0291_001,DOC_WHO_2003,P_0291,291,279,1,0,220,0,1465,220,ec87b1db4656c49b944d72a7cdbbf4b9ef9004f35afe474365a6e03d84b6cd4a,"9. Haematology 279




Errors in haemoglobin estimation

Errors in sampling:

— inadequate flow of blood from the finger prick;

— excessive squeezing of the finger after pricking;

— prolonged use of a tourniquet when collecting venous blood, which leads to
concentration of blood cells;

— insufficient mixing of venous blood, which has sedimented after collection;

— small clots in venous blood due to inadequate mixing with EDTA after col-
lection;

— adding too little or excess blood to Drabkin diluting fluid;

— air bubbles trapped in pipettes.

Faulty or dirty equipment, such as:

— broken or chipped pipettes;

— dirty pipettes;

— dirty cuvettes;

— dirty filters;

— a defective spectrophotometer, haemoglobinometer or colorimeter.

Faulty technique:

— using a dilution factor different from the one for which the spectrophotom-
eter, haemoglobinometer or colorimeter was calibrated;

— inadequate mixing of reagent;

— placing the cuvette in the chamber with the frosted sides facing the light
path;

— air bubbles in the cuvette;

— using a standard filter from another spectrophotometer or haemoglobinom-
eter for adjustment;

— using the wrong filter for the colorimeter.

Note:

If the spectrophotometer, haemoglobinometer or colorimeter requires frequent
recalibration, e.g. every 2–3 days, change the bulb and repeat the procedure for
internal quality control. If the problem of frequent recalibration persists, send the
machine to a servicing"
C_0291_002,DOC_WHO_2003,P_0291,291,279,2,180,381,1174,2442,201,86631dc87865efbfa2b468e9fdd1a42bcc995ebd824ce94600549f20480f03fd,"the colorimeter.

Note:

If the spectrophotometer, haemoglobinometer or colorimeter requires frequent
recalibration, e.g. every 2–3 days, change the bulb and repeat the procedure for
internal quality control. If the problem of frequent recalibration persists, send the
machine to a servicing agent.


9.4 Estimation of the erythrocyte volume fraction

The total volume of erythrocytes in a given volume of blood divided by the volume
of blood is called the erythrocyte volume fraction. For example, if the volume of
erythrocytes in 1 litre (1000ml) of blood is 450ml, the erythrocyte volume fraction
is 450ml/1000ml = 0.45 (since the fraction is millilitres divided by millilitres, the
unit “ml” cancels out, and the result is a simple decimal fraction with no unit). The
remainder of the blood is made up almost entirely of plasma, together with a small
volume of leukocytes. If the latter are ignored, the plasma volume fraction in the
above example would be 550ml/1000ml = 0.55 (note that 0.45 + 0.55 = 1.0; i.e.
erythrocyte volume fraction plus plasma volume fraction = 1). The erythrocyte
volume fraction is therefore a measure of the proportion of erythrocytes to plasma.
It is of diagnostic value in patients suffering from anaemia, dehydration, shock or
burns."
C_0292_001,DOC_WHO_2003,P_0292,292,280,1,0,220,0,1342,220,5631e9b6d1622cda3ccc4f3430712cca4c96af4bd1c0236f23823e1435c0495d,"280 Manual of basic techniques for a health laboratory




Before the introduction of SI units, the erythrocyte volume fraction was called
either the “haematocrit” or the “packed cell volume”, and it was reported as a
percentage rather than a decimal fraction. In the traditional system, the “packed
cell volume” in the example given would be 45%. Note that, in using SI units, the
numerical value does not change, but becomes 0.45 instead of 45%.


9.4.1 Micro-scale method

Principle

The blood (mixed with anticoagulant) is placed in a long capillary tube and centri-
fuged in a microhaematocrit centrifuge. The level reached by the column of eryth-
rocytes is read with a scale reader. This method is preferable to that using a macro
scale: it is quicker, and blood from the finger can be used.


Materials and reagents (Fig. 9.27)

G Microhaematocrit centrifuge

G Scale reader (usually provided with the centrifuge)

G Capillary tubes, 75mm long with a 1.5-mm bore, containing dried
heparin (if capillary blood is used; if venous blood mixed with EDTA
dipotassium salt, 10% solution (reagent no. 22) is used, “heparinized”
tubes are not required)

G Long fine capillary Pasteur pipettes (long enough to reach the bot-
tom of the tubes) with rubber teat

G Filter-paper

G Soft wax or plastic modelling clay (or a Bunsen burner or spirit"
C_0292_002,DOC_WHO_2003,P_0292,292,280,2,180,400,1109,2364,220,783d85521bd5d0998d562a7468154c69bb52421194d3720b2136065658f9bb1b,"used, “heparinized”
tubes are not required)

G Long fine capillary Pasteur pipettes (long enough to reach the bot-
tom of the tubes) with rubber teat

G Filter-paper

G Soft wax or plastic modelling clay (or a Bunsen burner or spirit
lamp)

G Sterile blood lancet

G 70% Ethanol.
Fig. 9.27 Materials for estimating the If no scale reader is available, you can make one yourself using graph
erythrocyte volume fraction
using the micro scale paper, 15–20cm wide, ruled in millimetres. On the left-hand vertical
edge, starting at the bottom, make a series of 10 marks at intervals of
4mm. On the right-hand vertical edge, in the same manner, make 10 marks at
intervals of 6mm. Using a ruler, draw 10 sloping lines connecting each mark on the
left margin to the corresponding mark on the right margin. In the left margin,
opposite the bottom horizontal line of the graph paper, write “0”. Continue up the
left margin, marking each sloping line you have drawn as follows: 0.1, 0.2, 0.3, etc.;
the top sloping line will be marked 1.0. In the right margin, write the same numbers
opposite the other ends of the sloping lines. Now, again using a ruler, draw a second
series of sloping lines, but make them much lighter than the first set of lines. Each
light line"
C_0292_003,DOC_WHO_2003,P_0292,292,280,3,360,514,2145,3021,154,bbdbee68b806fbd9012f1c2b4cd4a5ab9edc49462715fbe3d5bf441d29a89d95,"right margin, write the same numbers
opposite the other ends of the sloping lines. Now, again using a ruler, draw a second
series of sloping lines, but make them much lighter than the first set of lines. Each
light line should be drawn exactly in the middle of the space between each pair of
heavy lines. Finally, following the printed lines of the graph paper, draw a series of
heavy vertical lines at intervals of about 3cm. Your scale should look like the one in
Fig. 9.28. Instead of making your own scale, you could use the one printed here for
reading erythrocyte volume fractions. (Cover it with a sheet of plastic.)


Method

Collection of specimens

Capillary blood specimens
1. Using a blood lancet, draw blood by pricking either:

— the third or fourth finger (Fig. 9.29)

— the lobe of the ear

— the heel (infants)

after sterilizing the chosen area with ethanol."
C_0293_001,DOC_WHO_2003,P_0293,293,281,1,0,207,0,1208,207,c3f4737bbaced5dd22575f934f773c94987bc6664b3862052ae45a3aa38a4ed2,"9. Haematology 281





Fig. 9.28 Micro scale for estimating the erythrocyte volume fraction





Fig. 9.29 Taking a capillary blood sample



The blood should flow freely or with very little pressure to
the area. Wipe away the first drop with filter-paper.

2. Apply the tip (circled with red) of a capillary tube containing
dried heparin to the drop of blood (Fig. 9.30). The blood
flows into the tube by capillarity. Fill about three-quarters of
the tube.

3. Plug the other end of the tube (i.e. the end that has not come
Fig. 9.30 Technique for drawing blood into a into contact with the blood) with soft wax or plastic model-
capillary tube
ling clay (Fig. 9.31). Check that it is completely plugged to a
depth of about 2mm.

Alternatively, seal the end of the tube by heating it carefully over a Bunsen burner
or spirit lamp (Fig. 9.32).

Leave it to cool in a horizontal position.

It is useful to have ready a numbered stand containing plastic modelling clay, so
that each patient’s tube can be stuck upright next to the corresponding number.


Venous blood specimens
1. Collect a venous blood specimen as described in section 9.2 and add it to a
test-tube containing EDTA dipotassium salt solution."
C_0294_001,DOC_WHO_2003,P_0294,294,282,1,0,220,0,1278,220,05f0ed814cfd92293e5e7ab7045083d4d204e6372cf1abcd4d7bd367725cf9eb,"282 Manual of basic techniques for a health laboratory





Fig. 9.31 Sealing the capillary tube with wax





Fig. 9.32 Sealing the capillary tube by flaming Fig. 9.33 Placing the capillary tubes in a centrifuge




2. Using a capillary pipette, fill about three-quarters of a capillary tube with blood.

3. Seal the tube as described in step 3 above.


Measurement technique

1. Place the capillary tubes in the numbered slots in the centrifuge head, making
sure that the number on the slot corresponds to the specimen number. The
sealed end of the tube should point outwards, away from the centre (Fig. 9.33).

2. Centrifuge at 3000g (for the period of time recommended by the manufacturer
of the centrifuge — usually 10 minutes).

After centrifugation, the tubes will show three layers (Fig. 9.34):
— at the top, a column of plasma;
— in the middle, a very thin layer of leukocytes;
— at the bottom, a column of erythrocytes.

The erythrocyte volume fraction reading is made exactly at the top of the col-
umn of erythrocytes.

3. Hold the tube against the scale so that the bottom of the column of erythrocytes
(not the bottom of the tube) is aligned with the horizontal zero line (see Fig.
9.35).

4. Move the tube across the scale until the line marked 1.0 passes through"
C_0294_002,DOC_WHO_2003,P_0294,294,282,2,180,237,1061,1360,57,616bcd9427df608b1735e64b5b935e0a186bd94cea7559fb3ba161dd1b6ebe57,"scale so that the bottom of the column of erythrocytes
(not the bottom of the tube) is aligned with the horizontal zero line (see Fig.
9.35).

4. Move the tube across the scale until the line marked 1.0 passes through the top
of the plasma column. Check to make sure that the bottom of the column of"
C_0295_001,DOC_WHO_2003,P_0295,295,283,1,0,159,0,952,159,10f7068afe241a1072bb2107ef394dcc393bc3939a71abb51f69a985be98b5e7,"9. Haematology 283





Fig. 9.34 Centrifuged capillary blood sample
E: erythrocytes; L: leukocytes; P: plasma.





Fig. 9.35 Measuring the erythrocyte volume fraction using the micro scale




erythrocytes is still on the zero line; also check (by means of the heavy vertical
lines) that the tube is vertical.

5. The line that passes through the top of the column of erythrocytes gives the
erythrocyte volume fraction (0.4 in Fig. 9.35). The light intermediate lines rep-
resent intervals of 0.05; if the top of the column of erythrocytes is not on a line,
but between a heavy line and a light line, its position can be estimated to the
nearest 0.01.

Note: If your laboratory has not yet changed to SI units and is still using the tradi-
tional system, the same chart can be used. Simply read the numbers as percentages
instead of fractions. For example, instead of “erythrocyte volume fraction, 0.4”
report the result as “packed cell volume, 40%”."
C_0296_001,DOC_WHO_2003,P_0296,296,284,1,0,220,0,1426,220,3148c2975ac3d4e9d0db7b9fcdc33b23e5d657618daa1a3335f14017a39194ff,"284 Manual of basic techniques for a health laboratory




Table 9.6 Normal erythrocyte volume fractions and packed cell
volumes, by age group

Age group Erythrocyte volume fraction Packed cell volume (%)

Newborn infants 0.50–0.58 50–58

Infants (3 months) 0.35–0.40 35–40

Children (5 years) 0.38–0.44 38–44

Women 0.37–0.43 37–43

Men 0.40–0.50 40–50



Results

Reference range

Table 9.6 shows the reference ranges for different age groups.


Low values

Low values are found in patients suffering from anaemia. In men with anaemia the
erythrocyte volume fraction is lower than 0.4 and in women it is lower than 0.37
(packed cell volumes of 40% and 37%, respectively).


High values

High values are found in cases of loss of plasma, severe burns, dehydration (as in
diarrhoeal diseases) and also (rarely) in polycythaemia.


Relationship between the erythrocyte number concentration and the
erythrocyte volume fraction

Normally, there is a linear relationship between the erythrocyte number concentra-
tion and the erythrocyte volume fraction. If the erythrocyte number concentration
is C ¥ 1012 per litre, the erythrocyte volume fraction will normally be in the range
(C - 0.2)/10 to (C - 0.4)/10.


Example:

If the erythrocyte number concentration is 5 ¥ 1012/l, the erythrocyte volume frac-
tion will normally be in the range (5 - 0.2)/10 to (5 - 0.4)/10; i.e., 0.48 to 0.46.

In traditional units, the relationship"
C_0296_002,DOC_WHO_2003,P_0296,296,284,2,180,364,1192,2340,184,62175c6b4436ee5cb0d188f43f1264fa694b97ca3a918292de4e18b0230bc13b,"(C - 0.4)/10.


Example:

If the erythrocyte number concentration is 5 ¥ 1012/l, the erythrocyte volume frac-
tion will normally be in the range (5 - 0.2)/10 to (5 - 0.4)/10; i.e., 0.48 to 0.46.

In traditional units, the relationship is similar, but the formula for the calculation is
slightly different: if C is the erythrocyte count, the packed cell volume (haemato-
crit), as a percentage, will normally be in the range (C ¥ 10) - 2 to (C ¥ 10) - 4.


Relationship between the erythrocyte volume fraction and the
haemoglobin concentration

Normally, there is a linear relationship between the erythrocyte volume fraction
and the haemoglobin concentration. The erythrocyte volume fraction is about 0.003
times the haemoglobin concentration when the latter is expressed in grams per
litre. If the haemoglobin concentration is expressed in terms of millimoles of
haemoglobin(Fe) per litre, the erythrocyte volume fraction is roughly 0.05 times
the figure for grams per litre.


Example:

A person with a haemoglobin concentration of 130g/l will normally have an eryth-
rocyte volume fraction of 130 ¥ 0.003 = 0.39. In terms of haemoglobin(Fe), the"
C_0297_001,DOC_WHO_2003,P_0297,297,285,1,0,220,0,1505,220,ced8488d340307b07eab2badc1cf7966e7a1dd5d4c556ec12b8dd8a2fec3ca23,"9. Haematology 285




concentration is about 8.0mmol/l, and the erythrocyte volume fraction will be about
8.0 ¥ 0.05 = 0.4.


Additional information provided by the erythrocyte volume fraction test

Examine the layer of leukocytes just above the column of erythrocytes (see Fig.
9.34). It is normally very thin; if it seems thick, determine the leukocyte number
concentration (see section 9.6). The layer will seem abnormally thick if the leukocyte
number concentration is greater than 20 ¥ 109/l. In cases of leukaemia, when the
leukocyte number concentration may be 100–200 ¥ 109/l, the layer may be several
millimetres thick.


Mean erythrocyte haemoglobin concentration
The mean erythrocyte haemoglobin concentration is a measure of the average hae-
moglobin content of the erythrocytes. It is expressed either in grams of haemo-
globin per litre or in millimoles of haemoglobin(Fe) per litre1 and is calculated by
dividing the haemoglobin concentration of the blood by the erythrocyte volume
fraction.


Example:

G If the haemoglobin concentration is expressed in grams of haemoglobin per
litre:

haemoglobin concentration = 150g/l

erythrocyte volume fraction = 0.43

mean erythrocyte haemoglobin concentration = 150/0.43 = 349g/l (or 34.9%).

G If the haemoglobin concentration is expressed in millimoles of haemoglobin(Fe)
per litre:

haemoglobin(Fe) = 9.3mmol/l

erythrocyte volume fraction = 0.43

mean erythrocyte haemoglobin concentration = 9.3/0.43 = 21.6mmol/l.

Note: to convert values in"
C_0297_002,DOC_WHO_2003,P_0297,297,285,2,180,391,1219,2641,211,38c9110c3003ab81a0c91fc8a500b0c6ca5b731462e00239dc1f209548fab543,"= 150/0.43 = 349g/l (or 34.9%).

G If the haemoglobin concentration is expressed in millimoles of haemoglobin(Fe)
per litre:

haemoglobin(Fe) = 9.3mmol/l

erythrocyte volume fraction = 0.43

mean erythrocyte haemoglobin concentration = 9.3/0.43 = 21.6mmol/l.

Note: to convert values in g/l to values in mmol/l, multiply by 0.06206. Thus, using
the above example, 349g/l ¥ 0.06206 = 21.6mmol/l.


Reference values
Normally the mean erythrocyte haemoglobin concentration lies between the fol-
lowing limits:

— lower limit: haemoglobin 322g/l or haemoglobin(Fe) 20mmol/l;

— upper limit: haemoglobin 371g/l or haemoglobin(Fe) 23mmol/l.

When the value falls within this range, the erythrocytes are said to be “normochro-
mic” (i.e. of normal colour).

Values below the lower limit of the reference range indicate that the erythrocytes
are “hypochromic” (i.e. less coloured than normal). Low values are found in pa-
tients with hypochromic anaemia.

If the value is higher than the upper limit of the reference range, the mean erythro-
cyte haemoglobin concentration should be determined again. Haemoglobin forms
about 95% of the erythrocyte mass. Therefore, erythrocytes are never “hyperchro-
mic” (i.e. more coloured than normal), but they may increase in volume and thus
be capable of containing more haemoglobin than normal; in this case the mean




1 See note about expression of haemoglobin concentration on page 284."
C_0298_001,DOC_WHO_2003,P_0298,298,286,1,0,220,0,1395,220,610672ae090e196aa00989098ee5a25da3035d196cf754a1281c91c8c8a6b816,"286 Manual of basic techniques for a health laboratory




erythrocyte haemoglobin concentration may be as high as 380g/l (haemoglobin(Fe)
23.6mmol/l), but it never exceeds these values.

The mean erythrocyte haemoglobin concentration is usually called the “mean cor-
puscular haemoglobin concentration” (MCHC). It can also be expressed as a
percentage. This is calculated by dividing the haemoglobin concentration of the
blood in grams per 100ml by the packed cell volume as a percentage and multiply-
ing by 100.

Example:

haemoglobin concentration = 15.0g/100ml

packed cell volume = 43%

MCHC = (15.0/43) ¥ 100 = 35%.

In this system, the reference range is 32–37%. The MCHC never exceeds 38%. If
such a result is obtained, the test should be repeated.


9.4.2 Macro-scale method

Principle

The blood (mixed with anticoagulant) is placed in a graduated tube and centri-
fuged to pack the erythrocytes. The level of the column of erythrocytes is then read
directly in the graduated tube (Fig. 9.36).


Materials and reagents (Fig. 9.37)

G Centrifuge

G Special graduated tubes (Wintrobe tubes), 9.5cm long with a 0.6-cm bore, cali-
brated from 0 to 100

G Long fine capillary Pasteur pipette (long enough to reach the bottom of the
tube) with rubber teat

G Anticoagulant — EDTA dipotassium salt, 10% solution (reagent no. 22) or
Wintrobe solution (reagent no. 65).


Method

Collection of"
C_0298_002,DOC_WHO_2003,P_0298,298,286,2,180,306,1152,1926,126,8b5af0010198c384ec636e7f3c44815866c4133126c363c34ab7a682544a2c87,"to 100

G Long fine capillary Pasteur pipette (long enough to reach the bottom of the
tube) with rubber teat

G Anticoagulant — EDTA dipotassium salt, 10% solution (reagent no. 22) or
Wintrobe solution (reagent no. 65).


Method

Collection of specimens

1. Collect a venous blood specimen as described in section 9.2 and add it to aFig. 9.36 Principle of the
macro scale for graduated tube containing anticoagulant (see above).
estimating the
erythrocyte 2. Using the capillary pipette, fill the graduated tube with blood up to the 100
volume fraction mark, making sure that no air bubbles form (Fig. 9.38).





Fig. 9.37 Materials for estimating the Fig. 9.38 Using a capillary
erythrocyte volume fraction using pipette to fill a
the macro scale graduated tube
with blood"
C_0299_001,DOC_WHO_2003,P_0299,299,287,1,0,220,0,1349,220,7b99ea2d109f2b6e387893ad3150132e19650c6bc467a0f27511abbfc9fcec8c,"9. Haematology 287




Measurement technique

1. Place the graduated tubes in the centrifuge and centrifuge for
30 minutes at 2300g. If the rotor arm of the centrifuge (mea-
sured from the axis of rotation to the base of the bucket hold-
ing the tube) is 15cm long, 3600rpm will be needed to attain
this force; with a 20-cm arm 3100rpm will be needed.

Important: a force of less than about 2300g will give a false
result.

2. Read the level at which the erythrocytes meet the layer of
leukocytes (Fig. 9.39). Make sure that the correct set of gradu-
ations is being used, upwards towards the 100 mark. The figure
obtained is a percentage (the “packed cell volume”); divide by
100 to obtain the erythrocyte volume fraction. Fig. 9.39 Measuring the packed cell volume


Results

See page 282.


9.5 Estimation of the erythrocyte number concentration

The number of erythrocytes contained in 1 litre of blood is called the erythrocyte
number concentration. (In traditional units, it is expressed as the number of eryth-
rocytes per cubic millimetre and is called the erythrocyte or red cell “count”.)
Accurate methods for counting erythrocytes require an electronic counter system.
Unfortunately, such instruments are often not available in peripheral laboratories.
A simple but far less accurate method uses a counting chamber in which erythro-
cytes"
C_0299_002,DOC_WHO_2003,P_0299,299,287,2,180,400,1065,2540,220,27341c47c8ef54c77d354f109ccf471dffb8567470a7148f3e623cf1623b204b,"erythrocyte or red cell “count”.)
Accurate methods for counting erythrocytes require an electronic counter system.
Unfortunately, such instruments are often not available in peripheral laboratories.
A simple but far less accurate method uses a counting chamber in which erythro-
cytes are counted under the microscope. However, this method is of such low pre-
cision that it should not be used. It is recommended instead that the erythrocyte
volume fraction (see section 9.4) or the haemoglobin concentration (see section
9.3) is measured and the erythrocyte number concentration calculated.


Reference range

Table 9.7 shows the reference ranges for different age groups.


High values

Patients who are dehydrated or have polycythaemia will have high erythrocyte
number concentrations.


Low values

Patients with anaemia caused by insufficient production, loss or haemolysis of eryth-
rocytes will have low erythrocyte number concentrations.

Note: Anaemia is a clinical syndrome that has many different underlying causes.
The clinical picture is determined by the extent and duration of anaemia. The


Table 9.7 Normal erythrocyte number concentrations, by age group

Age group Erythrocyte number concentration

SI units (per litre) Traditional units (per mm3)

Newborn infants 5.0–7.0 ¥ 1012 5.0–7.0 ¥ 106

Infants (1–6 months) 3.8–5.9 ¥ 1012 3.8–5.9 ¥ 106

Children (4 years) 3.8–5.4 ¥ 1012 3.8–5.4 ¥ 106

Women 4.0–5.4 ¥ 1012 4.0–5.4 ¥ 106

Men 4.5–6.2 ¥ 1012 4.5–6.2"
C_0299_003,DOC_WHO_2003,P_0299,299,287,3,360,402,2321,2546,42,85233eaa828c85594aa46a1b80eeacc0ddbfb48369b8ec03fc744803340f8f14,"(per mm3)

Newborn infants 5.0–7.0 ¥ 1012 5.0–7.0 ¥ 106

Infants (1–6 months) 3.8–5.9 ¥ 1012 3.8–5.9 ¥ 106

Children (4 years) 3.8–5.4 ¥ 1012 3.8–5.4 ¥ 106

Women 4.0–5.4 ¥ 1012 4.0–5.4 ¥ 106

Men 4.5–6.2 ¥ 1012 4.5–6.2 ¥ 106"
C_0300_001,DOC_WHO_2003,P_0300,300,288,1,0,220,0,1474,220,bb1f03ed733ac7e8715dd8cf71c99d13cf595383b237c4a232074f5729aa082a,"288 Manual of basic techniques for a health laboratory




symptoms range from pallor and mild fatigue to headache, dizziness and irritability
to uncontrolled behaviour and even shock and cardiac insufficiency.

Anaemia may result from:

— blood loss

— decreased production of erythrocytes

— increased destruction of erythrocytes.

The most common cause of anaemia worldwide is iron deficiency. Other common
causes such as infection, malaria, malnutrition and vitamin deficiencies usually
contribute to anaemia in association with iron deficiency. Other causes of anaemia
are:

— trauma

— parasitic infections

— diseases of the endocrine system

— chronic diseases

— inborn errors of metabolism

— intoxication.


9.6 Estimation of the leukocyte number concentration

The number of leukocytes contained in 1 litre of blood is called the leukocyte
number concentration or leukocyte count.

In certain diseases the number of leukocytes in the blood is altered. For example,
in infectious mononucleosis and bacterial infections there is a marked increase,
whereas in typhoid fever there is a marked decrease.


9.6.1 Principle

The blood is diluted in a leukocyte diluting fluid which haemolyses the erythro-
cytes, but leaves the leukocytes intact.

The leukocytes are then counted in a counting chamber under the microscope, and
the number of cells per litre of blood is calculated.


9.6.2 Materials and reagents

G Microscope

G Ruled counting chamber — preferably the"
C_0300_002,DOC_WHO_2003,P_0300,300,288,2,180,246,1222,1652,66,9f8dc9ea6cf7ef78aa9494ce3e3bfeaf369618e4499b824be46a35a1eb220b40,"leaves the leukocytes intact.

The leukocytes are then counted in a counting chamber under the microscope, and
the number of cells per litre of blood is calculated.


9.6.2 Materials and reagents

G Microscope

G Ruled counting chamber — preferably the improved Neubauer chamber (Fig.
9.40; the Bürker chamber is rarely used)

G Blood (Sahli) pipette, graduated to the 50-ml (0.05-ml) mark





Fig. 9.40 Neubauer counting chamber"
C_0301_001,DOC_WHO_2003,P_0301,301,289,1,0,220,0,1284,220,dcdc1a9b5696dde58d7e9c1b260d8fa5fe1cd1bc06aa3c2ddfeaeb6cebb72f84,"9. Haematology 289




G Graduated pipette, 1ml

G Pasteur pipette or capillary tube

G Hand tally counter or bead counter

G Diluting fluid (prepared by adding 2ml of glacial acetic acid to 1ml of gentian
violet, 1% aqueous solution, and making up the volume to 100ml with distilled
water).

The dimensions of the Neubauer ruled chamber are as follows:

— area = 9mm2;
— depth = 0.1mm.


9.6.3 Method

1. Pipette 0.95ml of diluting fluid into a small bottle using the 1-ml graduated
pipette.

2. Draw venous or capillary blood to the 0.05-ml mark of the blood (Sahli) pipette.
Do not allow air bubbles to enter. With venous blood ensure that it is well mixed
by inverting the bottle containing it and the anticoagulant repeatedly for about 1
minute immediately before pipetting it.

3. Wipe the outside of the pipette with absorbent paper, check that the blood is still
on the 0.05-ml mark (Fig. 9.41), and expel it into the bottle of diluting fluid.
Rinse the pipette by drawing in and discharging fluid from the bottle three times.
The dilution of the blood is 1 in 20. Label the bottle with the patient’s name
and/or number.

4. Attach the coverslip (supplied with the chamber) to the counting chamber, press-
ing it carefully into place.

When the coverslip is properly attached,"
C_0301_002,DOC_WHO_2003,P_0301,301,289,2,180,272,1048,1585,92,408ad98b5829e09807e698486e8cff814f9082d8edce7e1262db41331dc92160,"of the blood is 1 in 20. Label the bottle with the patient’s name
and/or number.

4. Attach the coverslip (supplied with the chamber) to the counting chamber, press-
ing it carefully into place.

When the coverslip is properly attached, coloured bands called Newton’s rings
appear between the two glass surfaces.

5. Mix the diluted blood well. Use a Pasteur pipette or a capillary tube to fill the
counting chamber (Fig. 9.42). Take care not to overfill beyond the ruled area.





Fig. 9.41 Checking that the blood is still on the mark"
C_0302_001,DOC_WHO_2003,P_0302,302,290,1,0,220,0,1257,220,28e4297ba6d568d72cf3f4c0f149ec0d7cd04bc747a71435272c4b84c5c812ba,"290 Manual of basic techniques for a health laboratory





Fig. 9.42 Filling the counting chamber Fig. 9.43 Using the improved Neubauer ruled
chamber


Important: If the liquid overflows into the channel between the two chambers,
you must start again: remove and clean the coverslip; clean the counting cham-
ber; and refill with another drop.

6. Leave the counting chamber on the bench for 3 minutes to allow the cells to
settle.

7. Place the chamber on the stage of the microscope. Use the ¥ 10 objective and
the ¥ 10 eyepiece. Reduce the amount of light entering the condenser by adjust-
ing the iris diaphragm. Focus the rulings of the chamber and the leukocytes. Do
not mistake pieces of dust for leukocytes.
Fig. 9.44 Counting
leukocytes 8. Count the leukocytes in an area of 4mm3 of the chamber, using the corner squares
using the
numbered 1, 3, 7 and 9 as shown in Fig. 9.43. Include in the count the leukocytes improved
Neubauer seen on the lines of two sides of each square counted, as shown in Fig. 9.44. This
ruled chamber square represents one of the four counted.

9. Calculate the number of leukocytes in 1 litre of blood by multiplying the number
of leukocytes counted in the four squares by 0.05. Report the result as “number
by 109/l)”."
C_0302_002,DOC_WHO_2003,P_0302,302,290,2,180,335,1024,1909,155,aa870960568d92486d60011644e1782b91af7c7e7bb268e63e050517cf192ea6,"ruled chamber square represents one of the four counted.

9. Calculate the number of leukocytes in 1 litre of blood by multiplying the number
of leukocytes counted in the four squares by 0.05. Report the result as “number
by 109/l)”.

Example:

number of leukocytes counted = 188

number of leukocytes per litre = (188 ¥ 0.05) ¥ 109

Result reported: 9.4 ¥ 109/l


Explanation of calculation

Each of the four squares in which leukocytes are counted has an area of 1mm2; the
total area is therefore 4mm2. The chamber depth is 0.1mm, therefore the volume
in which leukocytes are counted is 4 ¥ 0.1 = 0.4mm3. Thus division by four and
multiplication by 10 will give the number of leukocytes in 1mm3 of diluted blood.
Since the dilution is 1 in 20, multiplication by 20 will give the number of leukocytes
in 1mm3 of undiluted blood. Finally, there are 1 million (106) cubic millimetres in"
C_0303_001,DOC_WHO_2003,P_0303,303,291,1,0,220,0,1195,220,791cc3409e11a62f0917b4e43927a7fb07dbc81012c08fa584b0f74f747f2d7c,"9. Haematology 291




1 litre, so multiplication by 106 will give the number of leukocytes per litre of undi-
luted blood. This can be summarized as follows:

leukocytes counted ¥ 10 ¥ 20 6 number of leukocytes per litre = ¥ 10
4
= leukocytes counted ¥ 50 ¥ 10 6
= leukocytes counted ¥ 0.05 ¥ 10 9

Example:

A total of 188 leukocytes are counted in the four squares. The number of leukocytes
per cubic millimetre of undiluted blood is therefore:


188 ¥ 10 ¥ 20
( = 188 ¥ 50 = 9400)
4
and the number per litre is:

9400 ¥ 106 = 9.4 ¥ 109


9.6.4 Results

Reference range

The reference ranges for different age groups are given in Table 9.8.


High values

An increase in the total number of circulating leukocytes is called leukocytosis.
This can occur with certain bacterial infections. In leukaemia, leukocyte number
concentrations of 50 ¥ 109/l to 400 ¥ 109/l, or even higher values, can be found. In
this case it is necessary, when determining the number concentration, to use a
greater dilution of blood — for example 0.05ml of blood and 1.95ml of diluting
fluid, which gives a dilution of 1 in 40. If this dilution is used, the number of cells
counted is multiplied by 0.1 instead of by"
C_0303_002,DOC_WHO_2003,P_0303,303,291,2,180,399,986,2250,219,a3a47cc0a72fdf0beb4356f3976f82fc415dedac9a5a9edad113a1f4b451100a,"greater dilution of blood — for example 0.05ml of blood and 1.95ml of diluting
fluid, which gives a dilution of 1 in 40. If this dilution is used, the number of cells
counted is multiplied by 0.1 instead of by 0.05 in order to give the number ¥ 109
per litre. (If traditional units are being used, multiply by 100 instead of 50 to give
the number per cubic millimetre.)


Low values

A decrease in the total number of circulating leukocytes is called leukopenia. This
can occur with certain infections including typhoid fever and malaria. Leukopenia
is also seen following treatment with certain drugs. When the leukocyte number
concentration is very low, it is necessary to dilute the blood less — for example
0.05ml of blood and 0.45ml of diluting fluid, which gives a dilution of 1 in 10. If
this dilution is used, the number of cells counted is multiplied by 0.25 instead of by
0.05 to give the number ¥ 109 per litre.





Table 9.8 Normal leukocyte number concentrations, by age group

Age group Leukocyte number concentration (per litre)a

Newborn infants 10–20 ¥ 109

Infants (3–9 months) 4–15 ¥ 109

Children (3 years) 4–11 ¥ 109

Children (10 years) 4–10 ¥ 109

Adults 4–10 ¥ 109

a The reference range may be different in certain indigenous populations."
C_0304_001,DOC_WHO_2003,P_0304,304,292,1,0,220,0,1412,220,cf32d178743293b6ed0101c7b9514e684ded28c521a9cd3edf6f930b8ec079e1,"292 Manual of basic techniques for a health laboratory




Correction for nucleated erythrocytes

Nucleated erythrocytes or normoblasts (see Fig. 9.90) are early stages of erythro-
cytes. They are not normally present in the blood, but they may be present in the
blood in certain diseases such as sickle cell anaemia or other haemolytic anaemias.
Normoblasts are not haemolysed in the diluting fluid and are therefore counted
with the leukocytes. When normoblasts are present in large numbers and the
leukocytes are counted using a fully or semi-automated cell counter, the leukocyte
number concentration must be corrected as follows.

Examine a thin Romanowsky-stained blood film (see section 9.10) and count the
number of normoblasts seen for every 100 leukocytes.

Calculation:

The number concentration of normoblasts (per litre) is:

number of normoblasts counted
¥ leukocyte number concentration
100 + number of normoblasts counted

Example:

If 50 normoblasts are counted and the leukocyte number concentration is 16 ¥ 109/l,
the number concentration of normoblasts is:

50
¥ 16 = 5.3 ¥ 109 l
100 + 50

and the corrected leukocyte number concentration is:

(16 - 5.3) ¥ 109/l = 10.7 ¥ 109/l.


9.7 Measurement of the erythrocyte sedimentation rate
9.7.1 Principle

Blood collected into an anticoagulant is placed in a long graduated tube held in a
vertical position. The erythrocytes settle to the bottom,"
C_0304_002,DOC_WHO_2003,P_0304,304,292,2,180,361,1168,2296,181,974cf82210488c6e88663bab2227c8a23c8975978e181fefe5c4c717265be44a,"- 5.3) ¥ 109/l = 10.7 ¥ 109/l.


9.7 Measurement of the erythrocyte sedimentation rate
9.7.1 Principle

Blood collected into an anticoagulant is placed in a long graduated tube held in a
vertical position. The erythrocytes settle to the bottom, leaving a layer of plasma
above.

The height of the column of plasma after 1 hour indicates the sedimentation rate of
the erythrocytes (erythrocyte sedimentation rate (ESR)).


9.7.2 Materials and reagents (Fig. 9.45)

G Westergren ESR tube: internal diameter 2.5mm; graduated from 0 to 200mm
(often marked 1 to 20: 1 corresponds to 10mm, 2 to 20mm, etc.)

G Westergren stand

G Test-tubes

G Graduated syringe, 5ml

G Graduated pipette, 5ml

G Timer

G Anticoagulant: trisodium citrate, 3.2% solution (reagent no. 60) (keep in refrig-
erator) or EDTA dipotassium salt, 10% solution (reagent no. 22).


9.7.3 Method

1. Pipette 0.4ml of trisodium citrate solution into a test-tube or bottle.

2. Collect a venous blood specimen (see section 9.2). Apply the tourniquet as loosely
as possible; puncture the vein at once and release the tourniquet.

Collect 2ml of blood into a syringe."
C_0305_001,DOC_WHO_2003,P_0305,305,293,1,0,220,0,1264,220,426628d20830773bd6ff08106924a86ed721d651a311240ddbd08572552ae52c,"9. Haematology 293





Fig. 9.45 Materials for measuring the Fig. 9.46 Adding a blood sample to the
erythrocyte sedimentation rate trisodium citrate solution




3. Remove the needle from the syringe and add 1.6ml of blood to the test-tube
containing anticoagulant (marked to contain a total of 2.0ml) (Fig. 9.46). Shake
gently. Measurement of the ESR should begin within 2 hours of collection of the
blood.

4. Draw the citrated blood into the Westergren tube (using a rubber safety bulb) up
to the 0-mm mark (Fig. 9.47).

5. Place the tube in the Westergren stand, making sure that the tube is completely
upright (Fig. 9.48).

Check that there are no air bubbles in the tube.

Check that the stand is level.

6. Leave on a bench away from vibration (e.g. not on the same bench as a centri-
fuge), free from draughts, not close to a central heating radiator and not in direct
sunlight.

7. Wait 1 hour (set the timer to ring), then note the height of the column of plasma
in mm graduations starting from the 0-mm mark at the top of the tube (Fig.
9.49).


9.7.4 Results

The result is expressed in millimetres per hour (mm/h).


Reference range

Table 9.9 shows the reference ranges for adults.

Note: If a patient is dehydrated measurement of the ESR has little"
C_0305_002,DOC_WHO_2003,P_0305,305,293,2,180,259,1023,1531,79,f98f5e95b3410ba3520a27117ed58ce4f87da661da16d2fd221f80eecdd337c1,"the top of the tube (Fig.
9.49).


9.7.4 Results

The result is expressed in millimetres per hour (mm/h).


Reference range

Table 9.9 shows the reference ranges for adults.

Note: If a patient is dehydrated measurement of the ESR has little value.


High values

Any disease that produces plasma protein changes will increase the ESR. These
include acute and chronic infections, myocardial infarctions and rheumatoid ar-
thritis.

The ESR is also increased in patients suffering from anaemia (see page 285)."
C_0306_001,DOC_WHO_2003,P_0306,306,294,1,0,79,0,457,79,f217a513d22ef7258122d954c3f9cf65f1e52c6b70cf96e037ce5c4b767a325b,"294 Manual of basic techniques for a health laboratory




Table 9.9 Erythrocyte sedimentation rates
(ESR),a by age group

Age group ESR (mm/hour)

Adults (< 50 years)

Men < 15

Women < 20

Adults (> 50 years)

Men ≥20

Women ≥30

a At an ambient temperature of 25°C.





Fig. 9.47 Drawing citrated blood up to the 0-mm mark of the Fig. 9.48 Placing the Westergren tube in the
Westergren tube stand





Fig. 9.49 Measuring the height of the plasma column"
C_0307_001,DOC_WHO_2003,P_0307,307,295,1,0,220,0,1269,220,e3fdb31b2644e405f14a1a1f06fc192357b8572dcfc9171120eb2f4e4bcc5497,"9. Haematology 295




Very high ESR values occur in tuberculosis, trypanosomiasis and malignant dis-
eases. The ESR is also raised in pregnancy.


9.8 Measurement of the bleeding time: Duke method
9.8.1 Principle

A small cut is made with a lancet in the lobe of the ear. Blood flows from the
puncture and the time it takes for the bleeding to stop is measured.

The test is performed:

— for the diagnosis of certain haemorrhagic disorders;

— before surgical operations;

— before puncture of the liver or spleen.


9.8.2 Materials and reagents

G Sterile blood lancets

G Microscope slides

G Filter-paper (or blotting paper)

G Stopwatch, if available, otherwise a watch with a second hand

G Ether.


9.8.3 Method

1. Gently clean the lobe of the ear with cotton wool and ether (Fig. 9.50). Do not
rub. Allow to dry.

2. Puncture the ear lobe (Fig. 9.51). The blood should flow freely, without any
need to squeeze the ear lobe. Start the stopwatch.

3. After 30 seconds collect the first drop of blood on a corner of the filter-paper (or
blotting paper) (Fig. 9.52). Do not touch the skin with the paper.

4. Wait 30 seconds more. Collect the second drop of blood in the same way, a little
further along the strip of paper (Fig. 9.53).





Fig. 9.50 Cleaning the"
C_0307_002,DOC_WHO_2003,P_0307,307,295,2,180,230,1053,1323,50,047d67e5225680b015aab20c3b25c7e6b7bcd77c03abb312488519079f81a837,"paper) (Fig. 9.52). Do not touch the skin with the paper.

4. Wait 30 seconds more. Collect the second drop of blood in the same way, a little
further along the strip of paper (Fig. 9.53).





Fig. 9.50 Cleaning the ear lobe with Fig. 9.51 Puncturing the ear lobe
ether"
C_0308_001,DOC_WHO_2003,P_0308,308,296,1,0,189,0,1119,189,37a5ab0eadeff5fa56157ee7b573c5b5bc57e9fc6a78a7fba5b040d82418ea33,"296 Manual of basic techniques for a health laboratory




5. Continue to collect one more drop of blood every 30 seconds. The drops be-
come progressively smaller (Fig. 9.54).

6. When no more blood appears, stop the stopwatch (or note the time on the watch).

Another method is to count the number of drops on the filter-paper (or blotting
paper) and multiply by 30 seconds (Fig. 9.55).

For example: there are seven drops. The bleeding time is 7 ¥ 30 seconds =
3.5 minutes.


9.8.4 Results

Report the bleeding time to the nearest half minute.

Mention also the reference range for the method used. Example: bleeding time
3.5 minutes (normal range, Duke method: 1–5 minutes).

If the bleeding time is prolonged, examine a Romanowsky-stained thin blood film
(see section 9.10) to see whether the number of thrombocytes appears to be less
than normal (venous blood must be used).





Fig. 9.52 After 30 seconds, Fig. 9.53 After 1 minute, collect the
collect the first drop second drop of blood
of blood





Fig. 9.54 Continue to collect one more Fig. 9.55 Calculating the bleeding
drop of blood every 30 seconds time"
C_0309_001,DOC_WHO_2003,P_0309,309,297,1,0,220,0,1292,220,2d2edfaf18596d8eab5066cf8f40deb49fec9d4f0cd5ea6707b829aa4b388347,"9. Haematology 297



9.9 Observation of clot retraction and measurement of
lysis time
9.9.1 Principle

The tubes with clotted blood are used:

— for observation of the retraction of the clot

— for measurement of the time it takes for the clot to dissolve (lysis).

These tests are carried out for the diagnosis of certain haemorrhagic disorders.


9.9.2 Materials

G Glass test-tubes, 75mm ¥ 10mm, marked to hold 1ml

G Timer

G Metal test-tube rack

G Water-bath

G Materials to carry out venepuncture (see section 9.2.2).


9.9.3 Method

Collection of specimens

Collect a venous blood specimen from patients as described in section 9.2. Do not
add anticoagulant to the tubes in which you collect the blood.


Observation of clot retraction

1. Place the tube in the water-bath at 23°C (or leave it to stand at room
temperature).

2. Examine the clot after 1, 2, 3 and 4 hours. The clot normally remains solid
during the first 4 hours, although it begins to retract, usually in the first hour.
After 4 hours the clot will have completely retracted, the red cell mass separating
from the yellow serum (Fig. 9.56).


Measurement of lysis time

1. Place the tube containing the blood in the water-bath at 37°C (or leave it to
stand at room temperature).

2. Examine the clot after 12, 24, 48"
C_0309_002,DOC_WHO_2003,P_0309,309,297,2,180,254,1066,1486,74,7c87329fa1a26d0e8cb47b85d01664da8974841de850580f960e3f389f4f6276,"mass separating
from the yellow serum (Fig. 9.56).


Measurement of lysis time

1. Place the tube containing the blood in the water-bath at 37°C (or leave it to
stand at room temperature).

2. Examine the clot after 12, 24, 48 and 72 hours until lysis occurs; that is, until the
clot dissolves completely and all the erythrocytes sink to the bottom of the tube
(Fig. 9.57).





Fig. 9.56 After 4 hours, examine the clot"
C_0310_001,DOC_WHO_2003,P_0310,310,298,1,0,220,0,1309,220,4053be22e4f9c776464453afb7f7ea9d97c9f1c37208bc93d4b07f679fa2a999,"298 Manual of basic techniques for a health laboratory



9.9.4 Results

Normal clot retraction

The red clot is well separated and, at the surface, is attached to the sides of the tube
(Fig. 9.58). There may be a small deposit of erythrocytes in the bottom of the tube;
it should not be more than 5mm thick.


Abnormal clot retraction

Fig. 9.57 Lysis Blood deficient in fibrinogen

If blood is deficient in fibrinogen there is a small red clot at the bottom of the tube,
not necessarily attached to the sides of the tube. It is surrounded by sedimented
erythrocytes and covered by supernatant (Fig. 9.59).


Blood deficient in thrombocytes

If blood is deficient in thrombocytes there is a red clot that remains almost com-
pletely attached to the sides of the tube and that will have retracted very little, if at
all (Fig. 9.60). Hardly any serum will have exuded.

(Examine a Romanowsky-stained thin blood film, using venous blood, see sectionFig. 9.58 Normal clot
retraction 9.10.)


Abnormal plasma proteins

Abnormal plasma proteins cause coagulation of plasma. This appears as a yellow
clot — clotted plasma. Beneath it is a poorly retracted red clot (Fig. 9.61).


Haemophilia

If there is no clot at all or a yellow clot that forms very slowly over the deposit of
erythrocytes (Fig. 9.62), the cause"
C_0310_002,DOC_WHO_2003,P_0310,310,298,2,180,325,1087,1983,145,dadd1d97d9caabacf287302f29169ee187d71c0e248b71639d8d747c92826417,"yellow
clot — clotted plasma. Beneath it is a poorly retracted red clot (Fig. 9.61).


Haemophilia

If there is no clot at all or a yellow clot that forms very slowly over the deposit of
erythrocytes (Fig. 9.62), the cause is a serious clotting factor deficiency such as
that which occurs in haemophilia.
Fig. 9.59 Blood deficient in
fibrinogen Haemophilia is a hereditary haemorrhagic disease affecting males.


Report the clot retraction as:

— “normal”

— “abnormal”, with a description of the clot.


Lysis time

A clot normally takes at least 48 hours to dissolve. However, the lysis time may be
reduced in certain conditions. For example, in patients with acute fibrinolytic dis-
ease the clot may dissolve within 1–4 hours.

Report the lysis time of the clot in hours.





Fig. 9.60 Blood deficient Fig. 9.61 Blood containing Fig. 9.62 Haemophilia
in thrombocytes abnormal plasma
proteins"
C_0311_001,DOC_WHO_2003,P_0311,311,299,1,0,220,0,1358,220,a4b56a3935c8af15b9afa2cc4f6dda8437d57ad5d5d2abd7e53a341fdf66a920,"9. Haematology 299



9.10 Preparation and staining of thin blood films
9.10.1 Principle

A thin blood film is prepared by spreading a small drop of blood evenly on a slide
so that there is only one layer of cells.

Thin blood films are stained with Romanowsky stains, which contain essential
azure B and eosin dyes.

The Romanowsky stains most widely used include:

G Leishman stain, which is used alone.

G May–Grünwald stain, which is used with Giemsa stain.

G Giemsa stain, which can be used alone or together with May–Grünwald or Jenner
stain.

G Field stains A and B, which are prepared in water unlike the above-mentioned
stains, which are made up in methanol. Field stains are used for both thin and
thick blood films.

The Romanowsky stains prepared in methanol can be used to fix thin films before
being diluted on the slides to stain the films. Better results are obtained by fixing
first with methanol, then staining with pre-prepared diluted stains, as described
below.

After staining, blood films are used for:

— determining leukocyte type number fractions (see section 9.13)

— detecting abnormal erythrocytes (see section 9.10.4)

— identifying certain parasites (see section 4.7)

— estimating the number of thrombocytes (see section 9.14).


9.10.2 Materials and reagents

G Microscope

G Microscope slides (should be well washed and, if"
C_0311_002,DOC_WHO_2003,P_0311,311,299,2,180,335,1079,2004,155,17f15753e7a41e290717e68bc314a98f9a1dabe66d99852a75744456edf1df4f,"section 9.13)

— detecting abnormal erythrocytes (see section 9.10.4)

— identifying certain parasites (see section 4.7)

— estimating the number of thrombocytes (see section 9.14).


9.10.2 Materials and reagents

G Microscope

G Microscope slides (should be well washed and, if necessary, cleaned with etha-
nol or ether using a piece of soft cloth (Fig. 9.63))

G Spirit lamp or Bunsen burner

G Glass spreader (see below)

G Blood lancet

G Two glass rods, either over a sink or over a staining tank

G Measuring cylinder, 50 ml or 100 ml

G Beakers or bottles containing clean tap water

G Wash bottle containing buffered water (reagent no. 15)

G Interval timer

G Rack for drying slides

G Field stain (reagent no. 25)

G Giemsa stain (reagent no. 29)

G Leishman stain (reagent no. 34)

G May–Grünwald stain (reagent no. 38)

G EDTA dipotassium salt, 10% solution (reagent no. 22)

G Methanol

G 70% Ethanol or ether."
C_0312_001,DOC_WHO_2003,P_0312,312,300,1,0,220,0,1251,220,798b36dcafb2e351c47f339b8ca0ed75af80db0b120a16209e6350b3f6e446cc,"300 Manual of basic techniques for a health laboratory





Fig. 9.63 Cleaning slides to be used for thin blood films




To make a spreader, select a slide with a perfectly smooth edge. Make a diagonal
mark across the two corners at one end of the slide with a file. Snap off the two filed
corners (Fig. 9.64).


9.10.3 Method

Collection of specimens

Take the blood from the side of the third or fourth finger as shown in Fig. 9.29.

Let the blood flow freely. First take samples for determining the erythrocyte or
leukocyte number concentrations, if possible (see sections 9.5 and 9.6).

Important:

Do not take blood from:

— the index finger or thumb
— an infected finger (e.g. paronychia)
— the ear (too many monocytes).

If it is not possible to prepare the film within 1–2 hours of collection of the blood
specimen, EDTA dipotassium salt solution should be added. Other anticoagulants
such as heparin alter the appearance of leukocytes and thrombocytes and should
not be used.


Preparation of the film

1. Collect a drop of blood of about 4mm diameter by touching it lightly with one
end of the slide (Fig. 9.65).

2. Hold the slide with one hand. Using the other hand, place the edge of the spreader
just in front of the drop of blood (Fig."
C_0312_002,DOC_WHO_2003,P_0312,312,300,2,180,221,1049,1258,41,dde77cb8c8356281b24d2defc386d6397681217dc05c0d0f5c4ffe3063175ae8,"4mm diameter by touching it lightly with one
end of the slide (Fig. 9.65).

2. Hold the slide with one hand. Using the other hand, place the edge of the spreader
just in front of the drop of blood (Fig. 9.66)."
C_0313_001,DOC_WHO_2003,P_0313,313,301,1,0,96,0,524,96,2fcce36ab99367f4382fa02647ec415c092908e07db488a44d56bc24db9ad5fb,"9. Haematology 301





Fig. 9.64 Making a glass spreader





Fig. 9.65 Collecting a drop of blood on a slide





Fig. 9.66 Position the spreader in front of the drop of blood



3. Draw the spreader back until it touches the drop of blood (Fig. 9.67).

4. Let the blood run along the edge of the spreader (Fig. 9.68).

5. Push the spreader to the end of the slide with a smooth movement (Fig 9.69) (all
the blood should be used up before you reach the end). Blood from patients with
anaemia should be spread more rapidly."
C_0314_001,DOC_WHO_2003,P_0314,314,302,1,0,162,0,877,162,c55cb3e1bea2a9be91bc69ee03da8f6c84ba231a2f43f5c3c8a85efa10385b72,"302 Manual of basic techniques for a health laboratory





Fig. 9.67 Draw the spreader back until it touches the drop of blood





Fig. 9.68 Allow the blood to run along the edge of the spreader





Fig. 9.69 Push the spreader to the end of the slide with Fig. 9.70 Correctly (a) and incorrectly
a smooth movement prepared (b) blood films


6. Check that the film is satisfactory as shown in Fig. 9.70 (a).
G There should be no lines extending across or down through the film.
G The film must be smooth at the end, not ragged and lined as shown in
Fig. 9.70 (b).
G The film must not be too long.
G The film must not be too thick.
G The film must not contain holes because a greasy slide has been used.

A well-spread film is of great importance. A badly spread film will give the wrong
leukocyte type number fractions and make it impossible to report erythrocyte
morphology."
C_0315_001,DOC_WHO_2003,P_0315,315,303,1,0,220,0,1252,220,0f9fc17299f27397281bf84565b8c1a516d3487f827a7345132b23d97e250b73,"9. Haematology 303




Drying the film

Adequate drying is essential to preserve the quality of the film, especially in
humid climates. The film can be left to air-dry in dry climates.


In the wet season (in the tropics)
Dry the film by waving it rapidly about 5cm away from the flame of a spirit
lamp or Bunsen burner: hold the slide to the side and slightly above (but
never directly over) the flame (Fig. 9.71). If necessary, protect the blood film
from flies.

Mark the dry film with the patient’s name or number. Write with a lead
pencil on the thick part of the film not used for examination. Fig. 9.71 Drying the blood film over
a spirit lamp

Fixation of the film
If the film is intended for determining leukocyte type number fractions, it should
be fixed with methanol before staining with May–Grünwald stain (see below).

If the film is intended for detection of parasites, it should be fixed with methanol
before staining with Giemsa or Field stain (see below).


Precautions

Care is required to avoid the formation of deposits of stain, which appear on the
film as masses of little black spots. A number of precautions are also required to
avoid staining the films too blue, too pink or too dark; these are briefly described
below.

G Use"
C_0315_002,DOC_WHO_2003,P_0315,315,303,2,180,400,1032,2255,220,b39da5e3b4e1df5ce206ba5423a8aacaa1f3925bc7667f6f963e33d8191b823f,"deposits of stain, which appear on the
film as masses of little black spots. A number of precautions are also required to
avoid staining the films too blue, too pink or too dark; these are briefly described
below.

G Use perfectly clean glassware. Wash it every day. Do not use acid. Remove stain
deposits with methanol.

G Use neutral water (buffered if possible, except for Field stain). The preparation
technique is described in section 2.4.4. Acid water produces a film that is too
red; alkaline water one that is too blue. Neutral water must be freshly prepared
as it becomes acid when exposed to air.


Staining of the film

Method for Leishman stain

1. Fix the thin blood film with methanol for 2–3 minutes.

2. Prepare a 1 in 3 dilution of Leishman stain using one volume of stain and two
volumes of buffered water. Mix.

Example: Use 10ml of stain and 20ml of buffered water.

Prepare sufficient stain for 1 day’s use only, as the diluted stain does not keep
well.

3. Cover the slide with the diluted stain for 7–10 minutes.

Important: The staining time may need to be adjusted, especially when a new
batch of stain is received or the stain has been stored for a long time.

4. Wash the stain off in a stream of"
C_0315_003,DOC_WHO_2003,P_0315,315,303,3,360,497,2050,2773,137,1bcc2afbf66c061570c574066bfba8e79ab6cc6dce3f9cc9f9b1df5b9f8d24bd,"for 7–10 minutes.

Important: The staining time may need to be adjusted, especially when a new
batch of stain is received or the stain has been stored for a long time.

4. Wash the stain off in a stream of buffered water. Do not tip the stain off as this
will leave a deposit of stain on the film.

5. Leave clean water on the slide for 2–3 minutes to differentiate the film. (The
time taken for differentiation will depend on the stain and the pH of the water
used.)

The pH of the water is of vital importance in differentiating the different types of
leukocyte with Leishman stain. It should be between 6.8 and 7.2, and preferably
between 7.0 and 7.2.

6. Tip the water off and place the slide in a draining rack to dry."
C_0316_001,DOC_WHO_2003,P_0316,316,304,1,0,220,0,1222,220,8105ef81bb5c8287ae7b6083b943f558875a9da9a85809ddcab825970505977e,"304 Manual of basic techniques for a health laboratory




Method for May–Grünwald and Giemsa stains

1. Fix the thin film with methanol for 2–3 minutes.

2. Prepare the stains as follows:
G Dilute May–Grünwald stain 1 in 2 using equal volumes of stain and buffered
water. Mix.

Example: use 10ml of stain and 10ml of buffered water.

G Dilute Giemsa stain 1 in 10 using one volume of stain and nine volumes of
buffered water. Mix gently.

Example: use 2ml of stain and 18ml of buffered water.

Note: Prepare only enough stain for 1 day’s use, as the diluted stains do not keep
well. Prepare the Giemsa mixture slowly and carefully. Shaking causes the stain
to precipitate.

3. Cover the slide with diluted May–Grünwald stain for 5 minutes.

4. Tip the stain off and replace with diluted Giemsa stain for 10 minutes.

Important: The staining time may need to be adjusted, especially when a new
batch of stain is received or the stain has been stored for a long time.

5. Wash the stain off in a stream of buffered water. Do not tip the stain off as this
will leave a deposit of stain on the film.

6. Leave clean water on the slide for 2–3 minutes to differentiate the film. The time
for differentiation will depend on the"
C_0316_002,DOC_WHO_2003,P_0316,316,304,2,180,340,1014,1827,160,9eef4a3d4f8afbf0e36a7d5d7e0b779102fa5c2d391696188d0710658c1339d8,"water. Do not tip the stain off as this
will leave a deposit of stain on the film.

6. Leave clean water on the slide for 2–3 minutes to differentiate the film. The time
for differentiation will depend on the stain and the pH of the water used. The pH
should be between pH 6.8 and 7.0.

7. Tip the water off and place the slide in a draining rack to dry.


Method (rapid) for Field stain

1. Fix the thin film with methanol for 2–3 minutes.

2. Dip the slide into Field stain B (Fig. 9.72) and count up to five. Drain and wash
the slide in the first container of tap water (Fig. 9.73).

3. Drain and dip the slide into Field stain A and count up to 10. Drain and wash
the slide well in the second container of tap water.





Fig. 9.72 Staining the blood film with Fig. 9.73 Rinsing the slide in water
Field stain"
C_0317_001,DOC_WHO_2003,P_0317,317,305,1,0,220,0,1279,220,e266facb3d81b2210861c1adac04ceb99d85f27b2fe4bbc8222459c7268c1603,"9. Haematology 305




4. Examine the colour of the film. It should appear mauve, neither too blue nor too
pink.

If the film is not satisfactory, return the slide either to the Field stain A or to the
Field stain B for a few more seconds, as needed.

If the film is satisfactory, stand the slide in a draining rack to dry.


How to remedy poor results

Deposits of May–Grünwald stain or neutral water
Deposits caused by May–Grünwald stain or neutral water can be seen with the
naked eye in the liquid on the slide. Drain off the stain. Rinse the slide twice in
methanol. Dry and re-stain using fresh or filtered May–Grünwald stain.


Deposits of Giemsa stain
These deposits are seen with the naked eye or under the microscope. Rinse with
methanol, but wash off immediately with neutral water. Dry the slide and repeat
the staining procedure from the beginning.


Too much blue in the film (basophilic staining)
Prepare a solution of 1% boric acid in 95% ethanol. Rinse the slide twice in this
preparation. Wash at once in neutral water. Dry and examine under the microscope
without further treatment. Basophilic staining can usually be prevented by using
buffered water at a more acid pH and, if necessary, altering the differentiation time.

Poor staining may also be caused by"
C_0317_002,DOC_WHO_2003,P_0317,317,305,2,180,400,1023,2464,220,135e03ac4b44c55adea5c858d2346a8c1614d5a3482be5f2eb6c54ebab9872ba,"neutral water. Dry and examine under the microscope
without further treatment. Basophilic staining can usually be prevented by using
buffered water at a more acid pH and, if necessary, altering the differentiation time.

Poor staining may also be caused by impurities in the dyes — the use of the stand-
ardized stain is recommended.


9.10.4 Microscopic examination

Using the ¥40 objective, examine the slides. The cells should appear as described
in Table 9.10.


Erythrocytes

In certain diseases, especially anaemia, the erythrocytes may have an abnormal
shape, size or colour. To check for abnormal erythrocytes, look at the cells just
before the thin end of the film; this is where they are spread out, just touching one
another, but not overlapping (Fig. 9.74). Do not look at either the thick end, where
the cells are too closely packed (Fig. 9.75), or the thin end, where there are not
enough cells (Fig. 9.76).

The various types of abnormal erythrocytes are described below.


Table 9.10 Appearance of blood cells in thin films stained with
Leishman stain

Cell type Appearance

Neutrophils Cytoplasm stains faint pink and contains small mauve granules

Eosinophils Cytoplasm stains faint pink and contains large red granules

Basophils Cytoplasm contains numerous dark mauve-blue granules

Monocytes Cytoplasm stains grey-blue

Lymphocytes

large Cytoplasm stains clear blue

small Cytoplasm stains dark blue

Erythrocytes Stain"
C_0317_003,DOC_WHO_2003,P_0317,317,305,3,360,404,2149,2504,44,58582c19c673fc8cc834c8e5cf571daed629da24480f2e5d8530413cfa86fded,"pink and contains small mauve granules

Eosinophils Cytoplasm stains faint pink and contains large red granules

Basophils Cytoplasm contains numerous dark mauve-blue granules

Monocytes Cytoplasm stains grey-blue

Lymphocytes

large Cytoplasm stains clear blue

small Cytoplasm stains dark blue

Erythrocytes Stain pink-red

Thrombocytes Stain mauve-pink"
C_0318_001,DOC_WHO_2003,P_0318,318,306,1,0,103,0,771,103,6b9e9781a5106fd256767de575a4686259d0e14a3b4e1eb23dc810aaf183d89e,"306 Manual of basic techniques for a health laboratory





Fig. 9.74 Examining blood films for abnormal erythrocytes: where to look





Fig. 9.75 Examining blood films for abnormal erythrocytes: cells too closely packed





Fig. 9.76 Examining blood films for abnormal erythrocytes: not enough cells


Normal erythrocytes (Fig. 9.77)

Size: 6–8mm.

Shape: round, discoid, occasionally slightly irregular.

Cytoplasm: periphery deep pink, centre pale pink or colourless.


Target cells (Fig. 9.78)

Size: 6–8mm.

Shape: round or slightly irregular.

Cytoplasm: centre and periphery stain well, but between them there is a colourless
ring.

Seen in thalassaemias, vitamin B6 deficiency, haemoglobinopathy, liver diseases,
sickle-cell anaemia and iron-deficiency anaemia."
C_0319_001,DOC_WHO_2003,P_0319,319,307,1,0,121,0,885,121,29d551ae757d58dd410ad6b3cc8d0de8bcd24a7b2b81938512b44497dc927556,"9. Haematology 307





Fig. 9.77 Normal erythrocytes Fig. 9.78 Target cells





Fig. 9.79 Sickle cells Fig. 9.80 Microcytes


Sickle cells (Fig. 9.79)

Shape: elongated and narrow, often with one or both ends curved and pointed.

Seen in sickle-cell anaemia and sickle-cell thalassaemia, along with nucleated eryth-
rocytes, target cells and often macrocytes.

Microscopic examination of sickle cells in wet preparations is described in section
9.11.4.


Microcytes (Fig. 9.80)

Size: small (about 5mm).

Seen often in iron-deficiency anaemia, sideroblastic anaemia and thalassaemias.
Must be distinguished from spherocytes (see below).


Macrocytes (Fig. 9.81)

Size: large (9–10mm).

Seen in macrocytic anaemias caused by folic acid deficiency, vitamin B12 deficiency
and iron-deficiency anaemia, and in certain liver diseases. Must be distinguished
from reticulocytes (see below)."
C_0320_001,DOC_WHO_2003,P_0320,320,308,1,0,83,0,649,83,c9ff46ed1d63f13151a459cf091d0ecfcdf9dffe536688f38055c71a342ab3a2,"308 Manual of basic techniques for a health laboratory





Fig. 9.81 Macrocytes Fig. 9.82 Schistocytes





Fig. 9.83 Spherocytes Fig. 9.84 Elliptocytes


Schistocytes (Fig. 9.82)

Size: normal or slightly smaller than normal erythrocytes.

Fragmented cells.

Seen in haemolytic anaemias, sickle-cell disease and thalassaemias.


Spherocytes (Fig. 9.83)

Size: small (6mm).

Shape: perfectly round.

Cytoplasm: more darkly stained than normal erythrocytes.

Seen in haemolytic anaemias and hereditary spherocytosis.


Elliptocytes (Fig. 9.84)

Size: normal (8mm).

Shape: oval.

Cytoplasm: stained darker at the periphery (especially at the poles)."
C_0321_001,DOC_WHO_2003,P_0321,321,309,1,0,190,0,1440,190,e6655c8f5059aeb080c28535fa10a84577de1217f7d8d4ed9579093e3d74868b,"9. Haematology 309





Fig. 9.85 Anisocytosis Fig. 9.86 Poikilocytes


Seen very occasionally. Found in hereditary elliptocytosis, iron-deficiency anae-
mia, pernicious anaemia, sickle-cell disease, thalassaemias and myelofibrosis.


Anisocytosis (Fig. 9.85)

A condition in which erythrocytes of different sizes are present in the blood, e.g.
erythrocytes measuring 9mm are mixed with erythrocytes measuring 6mm.

Seen in many types of anaemia.


Poikilocytes (Fig. 9.86)

Erythrocytes of different shapes in the blood, e.g. a mixture of round, oval, triangu-
lar, pear-shaped and indented cells.

Seen in many types of severe anaemia and myelofibrosis.


Erythrocytes containing Howell–Jolly bodies (Fig. 9.87)

Erythrocytes containing one or more large purple granules (nuclear
remnants).

Do not confuse with thrombocytes lying on the cells.

Seen in haemolytic anaemias and megaloblastic anaemia, and follow-
ing splenectomy.


Erythrocytes containing Cabot ring bodies (Fig. 9.88)

Erythrocytes containing thin ring-shaped or figure-of-eight structures
that stain red with Wright stain.

Seen in severe anaemias.

Do not confuse with malaria parasites.


Erythrocytes containing basophilic stippling (Fig. 9.89)

Erythrocytes containing multiple blue–black dots in the cytoplasm.

Do not confuse with stain deposits.
Fig. 9.87 Erythrocytes containing Howell–
Seen in vitamin deficiency, thalassaemias and lead poisoning. Jolly bodies"
C_0322_001,DOC_WHO_2003,P_0322,322,310,1,0,196,0,1465,196,1a1abf5b4a91f7f37020e8c807cf708e4477ff8ec2cab70c36a8c27d2adc29a2,"310 Manual of basic techniques for a health laboratory





Fig. 9.88 Erythrocytes containing Cabot ring Fig. 9.89 Erythrocytes containing basophilic
bodies stippling


Nucleated erythrocytes (normoblasts) (Fig. 9.90)

Size: 8–10mm.

Shape: round or irregular.

Nucleus: round, often eccentric, with deep purple, dense chromatin.

Cytoplasm: pink or greyish-blue.

Seen in accelerated erythropoiesis in severe anaemias, for example
sickle-cell anaemia, in severe bacterial infections, and in leukaemias
and cancers.


Reticulocytes (Fig. 9.91)
Erythrocytes containing granules (nuclear remants) that stain dark
blue with vital stains such as brilliant cresyl blue and Evan’s blue.
Reticulocytes usually disappear within 4 hours after the release of the
erythrocytes into the blood.
Fig. 9.90 Normoblasts

Leukocytes

In contrast to erythrocytes, leukocytes contain a nucleus that may
vary in size and shape. As already mentioned, there are five main
types of leukocyte — neutrophils, eosinophils, basophils, lymphocytes
and monocytes.

The proportion of each type of leukocyte, known as the leukocyte
type number fraction, is of diagnostic importance.


Polymorphonuclear cells (neutrophils, eosinophils and
basophils)

Polymorphonuclear cells have:

— a nucleus with several lobes;

— granules in the cytoplasm (hence their usual name,
granulocytes).


Fig. 9.91 Reticulocytes
Polymorphonuclear neutrophils (Fig. 9.92)
Size: 12–15mm.

Shape: rounded, well defined."
C_0323_001,DOC_WHO_2003,P_0323,323,311,1,0,180,0,1352,180,a3e261b82813ea54f35d5439b5c1afd047e67ac646e108c6326299b15004680c,"9. Haematology 311





Fig. 9.92 Polymorphonuclear neutrophils Fig. 9.93 Polymorphonuclear eosinophils


Nucleus: several (2–5) lobes, linked by strands of chromatin. The chromatin ap-
pears as a uniform deep purple mass.

Cytoplasm: abundant, pinkish, containing numerous very small, mauve granules.
The granules appear brown-violet after staining.


Polymorphonuclear eosinophils (Fig. 9.93)
Size: 12–15mm.

Nucleus: usually two lobes.

Cytoplasm: very little visible, containing numerous large, round, densely packed,
orange-red granules.

Sometimes the cell appears damaged, with scattered granules.


Polymorphonuclear basophils (Fig. 9.94)
These are the rarest type of granulocyte.

Size: 11–13mm.

Shape: round.

Nucleus: difficult to see because it is covered by the granules.

Cytoplasm: very little visible, containing numerous very large, round,
deep purple granules, less densely packed than those of the
eosinophils. Small colourless vacuoles are sometimes present.


Lymphocytes and monocytes

Lymphocytes and monocytes have a compact nucleus and may or
may not have granules in the cytoplasm.


Small lymphocytes (Fig. 9.95)
Fig. 9.94 Polymorphonuclear basophils
Size: 7–10mm.

Shape: round.

Nucleus: large (occupying most of the cell), with densely packed dark purple
chromatin.

Cytoplasm: very little visible, blue with no granules."
C_0324_001,DOC_WHO_2003,P_0324,324,312,1,0,182,0,1270,182,7186319016596a923dc553f76532e7fac6cd60e1ac658b8d63b3c48018fec71a,"312 Manual of basic techniques for a health laboratory





Fig. 9.95 Small lymphocytes Fig. 9.96 Large lymphocytes


Large lymphocytes (Fig. 9.96)
Size: 10–15mm.

Shape: round or irregular.

Nucleus: oval or round, may lie to one side of the cell.

Cytoplasm: abundant, pale blue, containing several large, dark red gran-
ules.


Monocytes (Fig. 9.97)
Size: 15–25mm (largest of the leukocytes).

Shape: irregular.

Nucleus: variable, often kidney-shaped with pale mauve chromatin
arranged in strands.

Cytoplasm: pale blue, containing fine, dust-like, usually reddish gran-
Fig. 9.97 Monocytes ules. Vacuoles are usually present.
In patients suffering from malaria the cytoplasm often contains
brownish-black masses. These masses are malaria pigment.


Rare or abnormal cells

Plasma cells (Fig. 9.98)
Plasma cells produce antibodies. They may be seen in blood films
prepared from patients with measles, tuberculosis, other viral or bac-
terial infections or multiple myeloma.

Size: 12–15mm.

Shape: round or oval.

Nucleus: round, eccentric, with densely packed chromatin, often in a
wheel-like arrangement.

Cytoplasm: dark blue with a pale-staining area round the nucleus.
Numerous very small vacuoles are present, which are not easily
seen.

Fig. 9.98 Plasma cells"
C_0325_001,DOC_WHO_2003,P_0325,325,313,1,0,220,0,1555,220,d4c52f5ff6a34aee909f499dfffa74950d865492336661c4e9798f2b247d8204,"9. Haematology 313




Immature granulocytes
Immature polymorphonuclear granulocytes of the bone marrow pass
into the bloodstream in severe bacterial infections. They can be dis-
tinguished by the following features:

Size: 12–18mm.

Nucleus: without lobes, with chromatin varying in colour from dark
red to purple.

Cytoplasm: pale blue or pink with many large mauve or dark red gran-
ules. Toxic granulation may be seen, in which the granules are very
large and darkly stained.

If immature polymorphonuclear neutrophils (“band form” or “stab
cells”) (Fig. 9.99) are seen, report their number fraction as for other
types of leukocyte.

There are also immature cells without granules and with nucleoli
(lymphoblasts) (see Fig. 9.102). Fig. 9.99 Immature polymorphonuclear
neutrophils

Hypersegmented polymorphonuclear neutrophils (Fig. 9.100)
Hypersegmented polymorphonuclear neutrophils look like normal
neutrophils, except that their nuclei have 5–10 lobes and are often
larger in size.

Such neutrophils can be seen in patients with macrocytic anaemia,
caused by folic acid or vitamin B12 deficiency.


Atypical lymphocytes (Fig. 9.101)
Atypical lymphocytes can be seen in viral infections, especially infec-
tious mononucleosis (glandular fever), whooping cough and measles.
They are also found in tuberculosis, severe malaria and the acquired
immunodeficiency syndrome (AIDS).

Size: very variable, 12–18mm.

Shape: usually irregular.

Nucleus: round or irregular, often lying to one side of the cell; nucleoli Fig. 9.100 Hypersegmented
may be seen."
C_0325_002,DOC_WHO_2003,P_0325,325,313,2,180,298,1280,2086,118,a446f1b65b7231e32c8d9f0c12c004e9c49f14b555b1165bb195784e1eafb9d9,"They are also found in tuberculosis, severe malaria and the acquired
immunodeficiency syndrome (AIDS).

Size: very variable, 12–18mm.

Shape: usually irregular.

Nucleus: round or irregular, often lying to one side of the cell; nucleoli Fig. 9.100 Hypersegmented
may be seen. polymorphonuclear neutrophils

Cytoplasm: usually darker blue than that of large lymphocytes; forms
a dark edge to the cell. Does not contain granules.


Lymphoblasts (Fig. 9.102)
The earliest (most immature) of all the types of leukocyte.
Lymphoblasts can be seen in the blood films of patients with leukae-
mia.

Size: large, 15–25mm.

Nucleus: large, round, pale mauve, containing 1–5 nucleoli.

Cytoplasm: dark blue, with a clear unstained area round the nucleus.
Does not contain granules.





Fig. 9.101 Atypical lymphocyte"
C_0326_001,DOC_WHO_2003,P_0326,326,314,1,0,220,0,1482,220,56d9c4ec184a3aae10223c58d7b70fbd44e7637e32500ecaa1b9e85f00c8cbd4,"314 Manual of basic techniques for a health laboratory





Fig. 9.102 Lymphoblast Fig. 9.103 Megakaryocyte


Megakaryocytes (Fig. 9.103)
The parent cells of thrombocytes (see section 9.1.3) found in the bone marrow.

Size: very large, 60–100mm.

Nucleus: very irregular, greatly lobulated but dense.

Cytoplasm: contains numerous fine granules, mostly dark red, and thrombocytes.
The cell wall is not clearly defined.

(Very rarely found in the blood.)


9.11 Test for sickle-cell anaemia

Haemoglobin S is an inherited abnormal haemoglobin. If inherited from both par-
ents it causes sickle-cell anaemia, a serious disease. If inherited from only one par-
ent it causes sickle-cell trait, which does not usually cause disease. Haemoglobin S
occurs mainly in tropical Africa but also in the Eastern Mediterranean region and
among Americans of African origin. The sickle-cell slide test does not distinguish
between sickle-cell anaemia and sickle-cell trait.


9.11.1 Principle

One drop of blood is mixed with one drop of sodium metabisulfite reagent on a
slide. If the erythrocytes contain haemoglobin S, they will become sickle-shaped or
half-moon-shaped (see Fig. 9.79).

The reagent removes oxygen from the cells, allowing sickling to take place.


9.11.2 Materials and reagents

G Microscope

G Microscope slides

G Coverslips

G Filter-paper

G Pasteur pipette (or dropping pipette)

G Two small wooden sticks

G Containers to prevent drying of the preparation, such as Petri"
C_0326_002,DOC_WHO_2003,P_0326,326,314,2,180,230,1219,1550,50,44f02a970633270a73eece8f8eec98202d634363b618fb972fbd45769b887b9e,"allowing sickling to take place.


9.11.2 Materials and reagents

G Microscope

G Microscope slides

G Coverslips

G Filter-paper

G Pasteur pipette (or dropping pipette)

G Two small wooden sticks

G Containers to prevent drying of the preparation, such as Petri dishes

G Fresh sodium metabisulfite, 2% solution (reagent no. 55)."
C_0327_001,DOC_WHO_2003,P_0327,327,315,1,0,220,0,1348,220,302b36f13737f755d1ecc5e8095f972660cf94cbe611a6685683a15252147c76,"9. Haematology 315





Fig. 9.104 Mixing the blood and sodium metabisulfite solution




9.11.3 Method

1. Place a small drop of capillary blood (about 4mm diam-
eter) in the centre of a slide (see Fig. 9.65).

2. Add an equal-sized drop of sodium metabisulfite
solution.

3. Mix carefully with the corner of a slide (Fig. 9.104). Cover Fig. 9.105 Incubating the slide in a Petri dish
with a coverslip, making sure that no air bubbles form.

4. Place the slide in a Petri dish that has wet filter-paper in
the bottom. Support the slide on two sticks (Fig. 9.105).
Wait 30 minutes before examining the slide.

Note: When using a reducing reagent such as sodium
metabisulfite it is not necessary to seal the preparation.


9.11.4 Microscopic examination

Examine the slide under the microscope using the ¥ 40
objective.


Fig. 9.106 Test for sickle-cell anaemia: negative
Negative result result
The erythrocytes remain round (Fig. 9.106).

If the test is negative, re-examine the slide after a further 30
minutes, then after 2 hours and after 24 hours.


Positive result

The erythrocytes become sickle-shaped or banana-shaped
(Fig. 9.107 (a)), often with spikes (Fig. 9.107 (b)).

It is important to examine several parts of the preparation,
as sickling can occur more quickly in one part than in an-
other.
Fig. 9.107 Test for sickle-cell anaemia:"
C_0327_002,DOC_WHO_2003,P_0327,327,315,2,180,246,1109,1530,66,a6576bb603ea592404cdf65c889c9cc949fe6fa8bd2456eb71492267e8b6c005,"or banana-shaped
(Fig. 9.107 (a)), often with spikes (Fig. 9.107 (b)).

It is important to examine several parts of the preparation,
as sickling can occur more quickly in one part than in an-
other.
Fig. 9.107 Test for sickle-cell anaemia: positive
Do not mistake normal erythrocytes lying on their side or result
a: Sickle-shaped erythrocytes; b: sickle-
crenated cells for sickle cells. shaped erythrocytes with spikes."
C_0328_001,DOC_WHO_2003,P_0328,328,316,1,0,220,0,1434,220,d2b4a564d5036c3974371e7168f9d4d6d950ada73e4966e5d65a345af1134b03,"316 Manual of basic techniques for a health laboratory




Note:

False-negative results may occur if:

— outdated reagents are used;

— concentrations of haemoglobin S are low;

— patients have moderate or severe anaemia.

If the test is positive a thin blood film should be examined. Patients with sickle-cell
anaemia have sickle cells, nucleated erythrocytes, target cells, marked poikilocyto-
sis and often macrocytosis. Patients with sickle-cell trait are not usually anaemic
and have a normal erythrocyte morphology. Whenever possible, electrophoresis of
the haemoglobin should be carried out to confirm a diagnosis of sickle-cell disease.
This can be done in a reference laboratory.


Other methods

G The test can be carried out on venous blood provided it is freshly collected
(within 1–2 hours of the test) or collected into an anticoagulant (EDTA dipotas-
sium salt, 10% solution (reagent no. 22)).

G The test can also be carried out using a test-tube rather than a Petri dish. Com-
mercial reagents are available for this method.


9.12 Determination of the reticulocyte number
concentration/fraction

Reticulocytes are immature erythrocytes that pass into the bloodstream from the
bone marrow. The number of reticulocytes in the blood indicates the degree of
activity of the bone marrow in the production of erythrocytes, and when the mar-
row is very active (as in anaemia) their number increases. Reticulocytes contain"
C_0328_002,DOC_WHO_2003,P_0328,328,316,2,180,334,1191,2181,154,227eb334f787010b30c4d5cf8027f7a44d29d5dbce7fb2c9c6fc63eb0ce7404a,"the
bone marrow. The number of reticulocytes in the blood indicates the degree of
activity of the bone marrow in the production of erythrocytes, and when the mar-
row is very active (as in anaemia) their number increases. Reticulocytes contain
fine, deep-violet granules arranged in a network (reticulum). They do not contain a
nucleus.


9.12.1 Principle

The fine granules in reticulocytes can be stained with brilliant cresyl blue. A blood
film is stained with this dye and a certain number of erythrocytes observed under
the microscope. From this observation, either:

— the number of reticulocytes per litre of blood, or

— the proportion of erythrocytes that are reticulocytes is calculated.


9.12.2 Materials and reagents

G Microscope

G Microscope slides (grease-free)

G Glass spreader

G Test-tubes

G Test-tube rack

G Funnel

G Filter-paper

G Two Pasteur pipettes with teats

G Hand tally counter, if available

G Saturated solution of brilliant cresyl blue (reagent no. 13)."
C_0329_001,DOC_WHO_2003,P_0329,329,317,1,0,220,0,1307,220,1bd45a0571b2fac71dfb27f145724f5e288f5d9d2a9b039460233ec0e1f9dc4e,"9. Haematology 317





Fig. 9.108 Preparing the cresyl Fig. 9.109 Collecting a capillary blood sample
blue solution


9.12.3 Method

1. Filter a little of the cresyl blue solution into a test-tube. In the bottom of another
tube place two drops of filtered cresyl blue solution (Fig. 9.108).

2. Collect a few drops of blood from the patient’s finger with a Pasteur pipette (Fig.
9.109), or use venous blood collected in EDTA dipotassium salt solution and
mix well.

3. Add two drops of blood to the tube containing cresyl blue solution.

4. Mix by gently shaking the tube. Plug the tube with non-absorbent cotton wool.
Leave for 15 minutes.

5. Take the tube and shake it gently. Remove one drop of the mixture. Place it on
a slide ready for spreading.

6. Make a thin smear of the mixture with the spreader (see section 9.10.3).
Leave the smear to air-dry.


9.12.4 Microscopic examination

Examine the smear using the ¥ 100 oil-immersion objective (Fig. 9.110). Look at
the end of the smear, where the erythrocytes should be well separated from each
other. Erythrocytes stain pale blue.

Examine at least 100 erythrocytes. Keep a careful count of the total number
of erythrocytes examined and the number of these that are reticulocytes.
(Counting is easier if the size of the microscope field is reduced."
C_0329_002,DOC_WHO_2003,P_0329,329,317,2,180,394,1060,2396,214,e471bcbb458a397634579e35c54e81784b58c23928de673552b3140e8a1fff97,"Erythrocytes stain pale blue.

Examine at least 100 erythrocytes. Keep a careful count of the total number
of erythrocytes examined and the number of these that are reticulocytes.
(Counting is easier if the size of the microscope field is reduced. This can be
done by placing in the eyepiece a small circular piece of stiff black paper in which
a hole of about 5mm in diameter has been punched.)

Some haematologists prefer reticulocytes to be reported in terms of the number
concentration (number of reticulocytes per litre of blood), while others prefer
them to be reported in terms of the number fraction (the proportion of
erythrocytes that are reticulocytes). Depending on the practice in your
laboratory or the specification of the requesting physician, make the appropri-
ate calculation.1

1 Traditionally, reticulocytes have been reported in the form of percentages (i.e. the proportion,
expressed as a percentage, of the erythrocytes that are reticulocytes). If 500 erythrocytes are
observed on the blood film and n of them are reticulocytes, the percentage of erythrocytes is
calculated by multiplying n by 0.2.
Example:
Of 500 erythrocytes examined, 25 are reticulocytes. The percentage of reticulocytes is then
25 ¥ 0.2 = 5%. The normal range for newborn infants is 2.0–6.0%, and that for adults and chil-
dren is 0.2–2.0%."
C_0330_001,DOC_WHO_2003,P_0330,330,318,1,0,220,0,1388,220,75e7a55ff849633861051f88115e5209d04cf8b15e4a647f7604db4814e647a9,"318 Manual of basic techniques for a health laboratory




Calculation

To calculate the reticulocyte number concentration, you must
know the total erythrocyte number concentration. If C is the
total erythrocyte number concentration (omitting the “¥ 1012/l”)
b and n is the number of reticulocytes seen on observing 500
erythrocytes, the reticulocyte number concentration is C ¥ 2n ¥
109/l.
a
Example:

total erythrocyte number concentration = 4.5 ¥ 1012/l

number of reticulocytes seen in counting 500 erythrocytes = 6

reticulocyte number concentration = 4.5 ¥ (2 ¥ 6) ¥ 109/l
= 4.5 ¥ 12 ¥ 109/l
= 54 ¥ 109/l
c (report this result).

Fig. 9.110 Examining the smear under the To calculate the reticulocyte number fraction you do not need to
microscope
know the erythrocyte number concentration. If n is the number of
a: Typical reticulocytes, containing
fine, deep violet granules; reticulocytes seen in examining 500 erythrocytes, the reticulocyte
b: reticulocytes containing filaments; number fraction is 2n ¥ 10-3.
c: mature reticulocytes (containing
only a few granules). Example:

number of reticulocytes seen in counting 500 erythrocytes = 6

reticulocyte number fraction = (2 ¥ 6) ¥ 10-3 = 12 ¥ 10-3


Note: If more than 500 erythrocytes are examined on the blood film, the calculation
will have to be adjusted accordingly.


Reference range

Table 9.11 shows the reference ranges"
C_0330_002,DOC_WHO_2003,P_0330,330,318,2,180,358,1163,2322,178,54db500e7cd3706d02070dcf6652d96727b82ef8c8195cccb73334e5ca7cfe24,"number fraction = (2 ¥ 6) ¥ 10-3 = 12 ¥ 10-3


Note: If more than 500 erythrocytes are examined on the blood film, the calculation
will have to be adjusted accordingly.


Reference range

Table 9.11 shows the reference ranges for different age groups.


Other structures that can be seen in blood films stained with
brilliant cresyl blue

The blood film stained with brilliant cresyl blue that is used for determining the
reticulocyte number concentration and reticulocyte number fraction may also show
the following structures.


Haemoglobin H bodies

Haemoglobin H bodies appear as pale blue dots, variable in size. Unlike the reticu-
lum of the reticulocytes, they occur in most of the erythrocytes. They are found in
a-thalassaemia or haemoglobin H disease.





Table 9.11 Reticulocyte number concentrations and reticulocyte
number fractions, by age group

Age group Reticulocyte number concentrationa Reticulocyte number fraction

Infants (newborn) 100–300 ¥ 109/l 20–60 ¥ 10-3

Children 8–110 ¥ 109/l 2–20 ¥ 10-3

Adults 8–110 ¥ 109/l 2–20 ¥ 10-3

a Approximate values. The concentration depends on the erythrocyte number concentration (see Table
9.7)."
C_0331_001,DOC_WHO_2003,P_0331,331,319,1,0,220,0,1372,220,173a33204768a36e85297de5bf0a357823b441c0b62a8355eb29f21c56e71a42,"9. Haematology 319




Heinz bodies

Heinz bodies appear as blue granules, variable in size, lying to one side of the
erythrocyte near the cell membrane. They occur in glucose-6-phosphatase dehy-
drogenase deficiency following treatment with certain drugs.


9.13 Determination of the leukocyte type number fraction
9.13.1 Principle

A total of 100 leukocytes are counted and the number of each type seen is re-
corded. The proportion of each type of leukocyte is reported as a decimal fraction.1

Example: neutrophils 0.56, lymphocytes 0.25, eosinophils 0.12, monocytes 0.06
and basophils 0.01.

The total of all the fractions should be 1. If the total leukocyte count is known,
express the result in terms of the number concentration (i.e. number of cells per
litre) rather than as a decimal fraction.


9.13.2 Materials

G Microscope

G Immersion oil

G Well-spread thin blood films stained with a Romanowsky stain (see section 9.10.3)

G Paper

G Pencil.


9.13.3 Microscopic examination

Using the ¥ 100 oil-immersion objective, check that the leukocytes are evenly
distributed.

In a badly spread film, the neutrophils may have collected at the end of the film.

To record the different types of leukocytes as they are counted, proceed as follows:

Draw up a table with:

— five vertical columns (N, E, B, L and M), and

— 10 horizontal lines (see Fig. 9.111).

When"
C_0331_002,DOC_WHO_2003,P_0331,331,319,2,180,400,1158,2414,220,08b841c575d25cb16775ad1082e6f48a1227f6c0ed81ce7b058f4300f558e752,"the film.

To record the different types of leukocytes as they are counted, proceed as follows:

Draw up a table with:

— five vertical columns (N, E, B, L and M), and

— 10 horizontal lines (see Fig. 9.111).

When 10 strokes have been made in the first line, go on to the next. Thus, when the
10th line has been completed, you know that you have counted 100 leukocytes.
Then add up the total for each vertical column.

These totals give the percentage of each type of leukocyte. The totals are turned
into decimal fractions by placing a decimal point two digits to the left (in some
cases this may necessitate the insertion of a zero). Thus 59 becomes 0.59, 8 be-
comes 0.08, 1 becomes 0.01, 28 becomes 0.28, etc., as in the last line of the illus-
tration. These decimals are the number fractions of each type of leukocyte and are
the results that are reported when SI units are used.


Reference range

Table 9.12 shows the reference ranges for different age groups.





1 In the traditional system, the leukocyte type number fractions are called the “differential leukocyte
(or white cell) count”, and the proportion of each type is reported as a percentage (e.g. neutrophils
56%, lymphocytes 25%, eosinophils 12%, monocytes 6% and basophils 1% in the"
C_0331_003,DOC_WHO_2003,P_0331,331,319,3,360,403,2154,2436,43,50aad7aa5fc1082248f67af076c1c8061d9eea2584d61a019692d43e6c1753e9,"system, the leukocyte type number fractions are called the “differential leukocyte
(or white cell) count”, and the proportion of each type is reported as a percentage (e.g. neutrophils
56%, lymphocytes 25%, eosinophils 12%, monocytes 6% and basophils 1% in the example
given above)."
C_0332_001,DOC_WHO_2003,P_0332,332,320,1,0,220,0,1412,220,3aa0eb3b8841b677fad72b3f14ae0ab0c7fd402c7747e3086df4456d9d7d8114,"320 Manual of basic techniques for a health laboratory




There are two main patterns of distribution of different types of
leukocyte:

G One pattern shows a majority of lymphocytes (this type is seen in infants
and children under 10 years).

G The other pattern shows a majority of neutrophils (seen in newborn
infants, children over 10 years and adults).

Each type of leukocyte may be reported in terms of its number
concentration (i.e. number of cells per litre) instead of as a number frac-
tion. The number concentration is calculated by multiplying the number
fraction of a particular type of leukocyte by the total leukocyte number
concentration.

Example:

leukocyte number concentration = 5 ¥ 109/l
neutrophil number fraction = 0.42
neutrophil number concentration = 0.42 ¥ 5 ¥ 109 = 2.1 ¥ 108/l.


Abnormal findings

G Neutrophilia is an increased proportion of neutrophils (above 0.65). It
Fig. 9.111 Table for recording the is particularly common in infections.
different types of
leukocytes G Eosinophilia is an increased proportion of eosinophils (above 0.05).
N: neutrophils; E: eosino- It almost always suggests a parasitic infection localized in the tissues
phils; B: basophils; L: lympho-
cytes; M: monocytes. (e.g. schistosomiasis, filariasis, hookworm, ascariasis). It can also be
caused by allergies.



Table 9.12 Normal leukocyte type number fractions, by age group

Age group Cell typea"
C_0332_002,DOC_WHO_2003,P_0332,332,320,2,180,400,1132,2764,220,8fc80128e81ee2966199938ca37697bbed9b14ca21ce466ab445a2e8555dcf38,"parasitic infection localized in the tissues
phils; B: basophils; L: lympho-
cytes; M: monocytes. (e.g. schistosomiasis, filariasis, hookworm, ascariasis). It can also be
caused by allergies.



Table 9.12 Normal leukocyte type number fractions, by age group

Age group Cell typea

Neutrophils Eosinophils Basophils Lymphocytes Monocytes

Newborn infants 0.55–0.65 0.02–0.04 0.00–0.01 0.30–0.35 0.03–0.06

Infants (up to 0.40–0.48 0.02–0.05 0.00–0.01 0.40–0.48 0.05–0.10
1 year, excluding
newborns)

Infants (1–4 years) 0.36–0.48 0.02–0.05 0.00–0.01 0.44–0.54 0.03–0.06

Children (10 years) 0.45–0.55 0.02–0.05 0.00–0.01 0.38–0.45 0.03–0.06

Adults 0.55–0.65 0.02–0.04 0.00–0.01 0.25–0.35 0.03–0.06

a To obtain values in traditional units (i.e. as percentages), multiply each value by 100. The differential
leukocyte count is calculated by multiplying the percentage of a particular type of leukocyte (e.g.
neutrophils) by the total leukocyte count and dividing by 100.
Example:
total leukocyte count = 5000/mm3
percentage of neutrophils = 42%
“absolute” neutrophil count = (42 ¥ 5000)/100 = 2100/mm3.


G Lymphocytosis is an increased proportion of lymphocytes (above 0.35 in adults
and above 0.45 in children). It is found in certain virus infections (e.g. measles),
certain chronic infections (e.g. malaria, tuberculosis) and some toxic conditions.

G Monocytosis is an increased proportion of monocytes (above 0.06). It occurs in
certain bacterial infections (e.g. typhoid fever, infectious mononucleosis) and
certain parasitic infections (e.g. malaria, kala-azar (visceral leishmaniasis)).

G Neutropenia is a decreased number"
C_0332_003,DOC_WHO_2003,P_0332,332,320,3,360,428,2458,2931,68,66a5985679526b7a2655b14427114b8cc2acfcd9bc20eb3e344c4664b57d59fa,"and some toxic conditions.

G Monocytosis is an increased proportion of monocytes (above 0.06). It occurs in
certain bacterial infections (e.g. typhoid fever, infectious mononucleosis) and
certain parasitic infections (e.g. malaria, kala-azar (visceral leishmaniasis)).

G Neutropenia is a decreased number of neutrophils. It may occur in certain infec-
tions (e.g. sepsis) and some other diseases.

G Lymphopenia is a decreased number of lymphocytes and may occur in AIDS."
C_0333_001,DOC_WHO_2003,P_0333,333,321,1,0,155,0,1012,155,b51ad9d8c80c8e5331513a64a56e1eb67f63f7767d1f71c1c9b75590c268a631,"9. Haematology 321



9.14 Determination of the thrombocyte number
concentration
9.14.1 Materials

G Microscope

G Immersion oil

G Well-spread blood film stained with a Romanowsky stain (see section 9.10.3).


9.14.2 Microscopic examination

Using the ¥ 100 oil-immersion objective, count the number of thrombocytes in 20
fields and make a rough estimate of the number of erythrocytes per field.

Calculate the ratio of thrombocytes to erythrocytes. If the erythrocyte number con-
centration (see section 9.5) is known, the thrombocyte count can be estimated. If
not, a rough estimate of the thrombocyte count, either “normal”, “high” or “low”,
can be based on a ratio of approximately one thrombocyte per 500–1000 erythro-
cytes being normal.


Reference range

Table 9.13 shows the reference ranges for different age groups.


Table 9.13 Normal thrombocyte counts, by
age group

Age group Thrombocyte count (per mm3)

Infants (< 1 year) 3.5–6.6 ¥ 105

Children (1–15 years) 2.5–5.1 ¥ 105

Adults 1.7–4.0 ¥ 105"
C_0334_001,DOC_WHO_2003,P_0334,334,322,1,0,220,0,1424,220,2f53fbedacf63f47ab1dd5dba5f05180247e04fa69f7a92d0d5337b08b493d55,"10.Blood chemistry





10.1 Estimation of glucose concentration in blood:
o-toluidine method1

Estimates of the glucose (sugar) concentration in blood are required to help in the
diagnosis of diabetes mellitus or any other condition in which there is abnormal
carbohydrate metabolism in the body. In patients with diabetes glucose is usually
found in the urine (see section 7.2.4).


10.1.1 Principle

The proteins are first precipitated by trichloroacetic acid. The glucose in the filtrate
reacts with the o-toluidine reagent to give a green colour, which is measured using
a photoelectric colorimeter.


10.1.2 Materials and reagents

G Colorimeter

G Conical centrifuge tubes and large test-tubes (to hold 20ml)

G Test-tube racks

G Blood (Sahli) pipettes, 0.2ml

G Pipettes, 0.5ml, 5.0ml

G Water-bath at 100°C

G Glucose reagents (reagent no. 30)
— trichloroacetic acid, 3% solution
— o-toluidine reagent
— benzoic acid, 0.1% solution
— glucose stock reference solution (100mmol/l)
— glucose working reference solutions (2.5, 5.0, 10, 20 and 25mmol/l)

G Whole blood (capillary or venous), plasma or serum, taken from a fasting
patient2

G Control serum.

A control serum should be used with each batch of tests. If the result of the test
with the control serum is correct, it can be assumed that the patient’s results will
also be correct.


10.1.3 Method

1. Pipette 1.8ml of trichloroacetic acid solution into each"
C_0334_002,DOC_WHO_2003,P_0334,334,322,2,180,281,1194,1791,101,50a569a9ead992275ff9e1ce4da0dc42f61ac28f14d83b21817fe97de97593fd,"with each batch of tests. If the result of the test
with the control serum is correct, it can be assumed that the patient’s results will
also be correct.


10.1.3 Method

1. Pipette 1.8ml of trichloroacetic acid solution into each of three centrifuge tubes.

Note: Trichloroacetic acid is corrosive. Use it with care.





1 This method is also used for estimating the glucose concentration in CSF (see section 8.3.4).
2 If venous blood is used, it is advisable to use fluoride oxalate (reagent no. 26) as the anticoagu-
lant. This will prevent the glucose from being destroyed in the blood.


322"
C_0335_001,DOC_WHO_2003,P_0335,335,323,1,0,220,0,1380,220,6dc2dc41b9d5cf4da5775fc648b793d012c1128a12e7c8b2c4ee07e80102f157,"10. Blood chemistry 323





Fig. 10.1 Delivering blood Fig. 10.2 Rinsing the blood Fig. 10.3 Expelling
under trichloroacetic pipette with trichloroacetic acid
acid solution using a trichloroacetic acid solution into a
blood pipette solution centrifuge tube
A: trichloroacetic acid
solution; B: blood.


2. With a 0.2-ml blood pipette, deliver 0.2ml of the blood1 specimen to the bottom
of the first centrifuge tube (B in Fig. 10.1) — i.e. under the trichloroacetic acid
solution (A in Fig. 10.1). The trichloroacetic acid solution will become cloudy
where it makes contact with the blood specimen.

3. Raise the pipette and draw clear trichloroacetic acid solution into it in order to
wash out all traces of the blood specimen (Fig. 10.2).

4. Expel the trichloroacetic acid solution from the pipette into the centrifuge tube
(Fig. 10.3).

5. Mix well (the entire solution will become cloudy) and allow to stand for 5
minutes.

6. Using a clean 0.2ml blood pipette, deliver 0.2ml of distilled water and 0.2ml
of glucose working reference solution to the second and third centrifuge tubes,
respectively, as described in step 2. These tubes will be used to prepare the
reagent blank and the glucose working reference standard, respectively.

7. Centrifuge the three tubes at 3000g for 5 minutes. The precipitated proteins in
the tube containing the blood specimen will sediment and"
C_0335_002,DOC_WHO_2003,P_0335,335,323,2,180,373,1128,2245,193,75fa9e17625198345febc9fa58c02768d97ff89444d820542c722b2ca506f40c,"These tubes will be used to prepare the
reagent blank and the glucose working reference standard, respectively.

7. Centrifuge the three tubes at 3000g for 5 minutes. The precipitated proteins in
the tube containing the blood specimen will sediment and a clear supernatant
fluid will be obtained.

8. Take three (or more if needed) large test-tubes and label as shown in Fig.
10.4:
— blank tube (B)
— reference tube (R)
— patient tube (P).

Note: If more than one estimation is being carried out, label each of the P
tubes with the name or number of the patient.

9. Pipette into each tube as follows:
G Blank:
— 0.5ml of fluid from the second centrifuge tube Fig. 10.4 Labelling test-tubes for
— 3.5ml of o-toluidine reagent. the test
B: blank tube;
G Reference: R: reference tube;
— 0.5ml of from the third centrifuge tube P: patient tube.
— 3.5ml of o-toluidine reagent.
G Patient:
— 0.5ml of supernatant fluid from the first centrifuge tube
— 3.5ml of o-toluidine reagent.

Note: The o-toluidine reagent is corrosive.


1 When this test is performed using CSF, the volume required in this step is greater (0.8ml)."
C_0336_001,DOC_WHO_2003,P_0336,336,324,1,0,220,0,1274,220,62e661100d91f5ce9d58cfbc026287ca472db28bfcea167cf330926a62705771,"324 Manual of basic techniques for a health laboratory




10. Mix the contents of each tube. Place all the tubes in the water-bath at 100°C
for exactly 12 minutes (Fig. 10.5).

11. Remove the tubes and allow them to cool in a beaker of cold water for
5 minutes.

12. Measure the colour produced in a colorimeter at a wavelength of 630nm.
(a) Place the orange-red filter in the colorimeter.
(b) Fill the colorimeter tube or cuvette with the solution contained in the tube
marked B (blank) and place in the colorimeter.
Fig. 10.5 Heating the test- (c) Adjust the reading of the colorimeter to zero with the cuvette containing
tubes in a water- solution B in place.
bath
(d) Pour solution B out of the cuvette, rinse the cuvette with a small amount of
solution R (reference), pour this out, and fill the cuvette with solution R;
place the cuvette in the colorimeter and read the absorbance, AR.
(e) Pour solution R out of the cuvette, rinse the cuvette with a small amount of
solution P (patient), pour this out, and fill the cuvette with solution P;
place the cuvette in the colorimeter and read the absorbance, AP.


Calibration of the colorimeter

Before taking measurements, prepare a calibration graph using the different con-
centrations of the glucose working reference"
C_0336_002,DOC_WHO_2003,P_0336,336,324,2,180,400,1006,2363,220,7cc2f782d1bd44c3a2ff051be184f54286049851f291f8fb7324a41f2af0678c,"out, and fill the cuvette with solution P;
place the cuvette in the colorimeter and read the absorbance, AP.


Calibration of the colorimeter

Before taking measurements, prepare a calibration graph using the different con-
centrations of the glucose working reference solution treated as described in steps
6–9. The graph should be linear up to the highest concentration and should pass
through the origin. Prepare a new graph whenever the o-toluidine reagent is re-
newed, to confirm the linearity.


10.1.4 Results

Calculation

Calculate the concentration of glucose in the blood specimen using the following
formula:1

¥ C concentration of glucose in blood ( mmol l ) = ( A P A R )

where:

AP = absorbance reading of the patient’s specimen
AR = absorbance reading of the glucose working reference solution
C = concentration of the glucose working reference solution.

Note: If a control serum has been included, make the calculation for that serum in
exactly the same way, substituting Ac (absorbance of the control solution) for Ap in
the formula.


Reference range

The reference ranges of glucose concentrations in the blood of fasting patients are
shown in Table 10.1.


High and low values

If unusually high or low values are observed, the test should be repeated in order to
confirm the results, as described below.





1 The calculation given"
C_0336_003,DOC_WHO_2003,P_0336,336,324,3,360,433,2130,2558,73,5a0f536caa585d59df227c10b5d71c8fa42b7704e0a15b38240589b28833fee3,"the blood of fasting patients are
shown in Table 10.1.


High and low values

If unusually high or low values are observed, the test should be repeated in order to
confirm the results, as described below.





1 The calculation given is for SI units. The formula for calculating blood glucose concentrations
in traditional units is as follows:
concentration of glucose (mg 100ml ) = concentration of glucose (mmol l ) ¥ 1 0.0555"
C_0337_001,DOC_WHO_2003,P_0337,337,325,1,0,220,0,1407,220,e2e492b09387d183ce8f87f5f9649a71c50f6169ed9a00c38034f177fa2c1957,"10. Blood chemistry 325




Table 10.1 Blood glucose concentrations in fasting patients

Fluid Glucose concentration

SI units (mmol/l) Traditional units (mg/100ml)

Venous blood 3.3–5.5 60–100

Capillary blood 3.9–5.5 70–100

Serum 3.9–6.4 70–115

Plasma 3.9–6.4 70–115


Glucose concentrations higher than 16.5mmol/l

Dilute solutions B (blank) and P (patient) with an equal volume of glacial acetic
acid. Using diluted solution B in the cuvette, set the colorimeter reading to zero.
Then read the absorbance AP with diluted solution P in the cuvette. Recalculate the
glucose concentration, using the new value of AP and the value of AR that was
obtained previously. Multiply the result by two (because solution P has been
diluted 1 in 2) to obtain the true glucose concentration.


Glucose concentrations lower than 2.3mmol/l

Repeat the entire test. In step 1, use 1.6ml of trichloroacetic acid solution (instead
of 1.8ml), and in step 2 use 0.4ml of blood, serum or plasma (instead of 0.1ml).
Perform the test and calculate the result exactly as before. Divide the result by four
to obtain the true glucose concentration.


10.2 Estimation of urea concentration in blood: diacetyl
monoxime/thiosemicarbazide method

Urea is a waste product formed in the liver following the breakdown of protein. It
passes into the blood, is filtered out by the kidneys and excreted in the urine.

If the kidneys do not"
C_0337_002,DOC_WHO_2003,P_0337,337,325,2,180,358,1167,2297,178,c9cfe94b8f1ff68ba0c5515a47b501af40c4ae3e22b2311ed82bf7692823de6d,"in blood: diacetyl
monoxime/thiosemicarbazide method

Urea is a waste product formed in the liver following the breakdown of protein. It
passes into the blood, is filtered out by the kidneys and excreted in the urine.

If the kidneys do not remove urea, the concentration in the blood is increased. This
can happen if the kidney tubules become damaged or if the volume of blood flow-
ing through the kidneys is reduced.


10.2.1 Principle

The proteins are first precipitated by trichloroacetic acid. The urea in the filtrate
reacts with diacetyl monoxime in the presence of acid, oxidizing reagent and
thiosemicarbazide to give a red solution. The colour is measured using a photoelec-
tric colorimeter.


10.2.2 Materials and reagents

G Colorimeter

G Conical tubes and test-tubes (to hold 20ml)

G Pipettes, 50ml, 0.1ml, 0.5ml, 5ml

G Measuring cylinder, 50ml

G Water-bath at 100°C

G Urea reagents (reagent no. 62):
— trichloroacetic acid, 5% solution
— diacetyl monoxime stock solution
— colour reagent
— urea stock reference solution (125mmol/l)
— urea working reference solution (10mmol/l)

G Acid reagent (reagent no. 6)"
C_0338_001,DOC_WHO_2003,P_0338,338,326,1,0,220,0,1282,220,2d6bed539f666d97f66a486ab984356ea8e47b373e2db15a416ceec1d68d6f36,"326 Manual of basic techniques for a health laboratory




G Blank reagent (reagent no. 11)

G Patient’s blood (treated with EDTA dipotassium salt, 10% solution (reagent no.
22)), serum or plasma

G Control serum.

A control serum (of known concentration) should be used with each batch of
tests. If the result of the test with the control serum is correct, it can be assumed
that the patient’s results will also be correct.


10.2.3 Method

1. Prepare the colour reagent immediately before use, using a 1:1 mixture of the
diacetyl monoxime stock solution and acid reagent. Prepare at least 15ml of
colour reagent for each test.

Mix the colour reagent in a large test-tube or small flask.

2. Pipette into a conical centrifuge tube 50ml of whole blood (treated with EDTA
dipotassium salt solution), serum or plasma.

3. Add 1ml of trichloroacetic acid solution and mix.

Centrifuge at high speed (3000g) for 5 minutes to sediment the precipitated
proteins and obtain a clear supernatant fluid.

4. Take three (or more if needed) large test-tubes and label as shown in Fig. 10.4:
— blank tube (B)
— reference tube (R)
— patient tube (P).

Note: If more than one estimation is being carried out, label each of the P tubes
with the name or number of the patient.

5. Pipette into each"
C_0338_002,DOC_WHO_2003,P_0338,338,326,2,180,400,1080,2279,220,e4177b9b31fa3d75431b0103c834ef12422621526aeec0fd655d6044fdd04e0c,"— blank tube (B)
— reference tube (R)
— patient tube (P).

Note: If more than one estimation is being carried out, label each of the P tubes
with the name or number of the patient.

5. Pipette into each tube as follows:
G Blank:
— 0.1 ml of blank reagent
— 3.0 ml of freshly prepared colour reagent.
G Reference:
— 0.1 ml of working reference solution
— 3.0 ml of freshly prepared colour reagent.
G Patient:
— 0.1 ml of supernatant fluid
— 3.0 ml of freshly prepared colour reagent.

6. Mix the contents of each tube. Place all the tubes in the water-bath at 100°C for
15 minutes (see Fig. 10.5) to allow the red colour to develop.

7. Remove the tubes and place them in a beaker of cold water until they have
cooled to room temperature.

8. Measure the colour produced in a colorimeter at a wavelength of 520nm.
(a) Place the green filter in the colorimeter.
(b) Fill the colorimeter test-tube or cuvette with the solution contained in the
tube marked B (blank) and place in the colorimeter.
(c) Adjust the reading of the colorimeter to zero with the cuvette containing
solution B in place.
(d) Pour solution B out of the cuvette, rinse the cuvette with a small amount of
working reference solution"
C_0338_003,DOC_WHO_2003,P_0338,338,326,3,360,464,2047,2637,104,84f07050a6c60dae7425b127148c66e5847066805d1e4afe29af224d01045cda,"place in the colorimeter.
(c) Adjust the reading of the colorimeter to zero with the cuvette containing
solution B in place.
(d) Pour solution B out of the cuvette, rinse the cuvette with a small amount of
working reference solution R (reference), pour this out, and fill the cuvette
with solution R; place the cuvette in the colorimeter and read the absorb-
ance, AR.
(e) Pour solution R out of the cuvette, rinse the cuvette with a small amount of
solution P (patient), pour this out, and fill the cuvette with solution P; place
the cuvette in the colorimeter and read the absorbance, AP."
C_0339_001,DOC_WHO_2003,P_0339,339,327,1,0,158,0,990,158,536a3567f20e63ad7cad0b59d00950165ee346ae7b2296ae611d50b64c84085e,"10. Blood chemistry 327



10.2.4 Results

Calculation

Calculate the concentration of urea in the blood as follows:1

¥ C urea concentration ( mmol l ) = ( Ap AR )
where:

AP = absorbance reading of patient’s specimen
AR = absorbance reading of urea working reference standard
C = concentration of working reference standard (10mmol/l).


Reference range

The reference range of urea concentrations in blood is approximately 3–7mmol/l
(18–42mg/100ml).


High values

If a value greater than 25mmol/l (150mg/100ml) is obtained, repeat the entire
test, using 0.1ml of whole blood (treated with EDTA dipotassium salt solution),
serum or plasma in step 2. Perform the test and calculate the results exactly as
before, but divide the result by two to obtain the true urea concentration.





1 The calculation given is for SI units. The formula for calculating blood urea concentrations in
traditional units is as follows:
urea concentration (mg 100ml ) = urea concentration (mmol l ) ¥ 1 0.167"
C_0340_001,DOC_WHO_2003,P_0340,340,328,1,0,220,0,1477,220,622ef76f15daba56e88d017d7dee689f980baf8d0e2a34a2f22be692fe7ee125,"11. Immunological and
serological techniques





Many of the diagnostic techniques applied in immunology are based on the fact
that antigens and antibodies interact. Most infectious diseases are diagnosed by
isolating and identifying the infectious microorganism in a specimen from the pa-
tient. In some cases microorganisms are difficult to culture and isolate or may re-
quire special and often expensive techniques that are not available for routine
diagnosis. In other immunological disorders there is no microorganism per se to
identify or isolate. There are also some “naturally” occurring immune diseases,
often classified as autoimmune diseases, which are not caused by a microorganism
but can be detected by some of the diagnostic techniques applied in immunology.
Several of these techniques detect specific metabolic products or specific antibod-
ies and antigens. In those disease states where a microorganism is involved, these
immunology tests do not detect the microorganism directly, but provide evidence
of its presence.

A number of diagnostic techniques based on biological reactions using antigen–
antibody interactions are described. It is beyond the scope of this manual to go into
detail about the immune system. The aim here is to introduce some terminology
and general concepts of the immune system, which will help in understanding some
of the immunological techniques described. Note that various approaches are avail-
able for different diagnostic"
C_0340_002,DOC_WHO_2003,P_0340,340,328,2,180,400,1213,2690,220,f184680ac31adfe5ee3b55403046f06c3abf5efcd3788ac2ae58561b596fdb1d,"about the immune system. The aim here is to introduce some terminology
and general concepts of the immune system, which will help in understanding some
of the immunological techniques described. Note that various approaches are avail-
able for different diagnostic purposes; the choice should be based upon the ques-
tion asked and the availability of facilities. The diagnostic techniques described
here are those most frequently used as an aid in the diagnosis of certain diseases
that cause an immunological reaction.


11.1 Introduction to immunology

The role of the immune system is defence. The immune system has both non-
specific and specific mechanisms to recognize and respond accordingly to foreign
and potentially pathogenic microorganisms. The non-specific defences are physical
or mechanical barriers, for example, the skin and mucous membranes. These barri-
ers are there to prevent entry of pathogens into the body. These barriers usually
work very well, but some pathogens do manage to enter the body where they are
immediately destroyed by phagocytic cells such as macrophages.

When pathogenic microorganisms enter the body the specific defence mechanisms
are activated. The specific mechanisms are divided into the humoral (antibody-
mediated) and the cell-mediated systems. The humoral system is associated with
cells known as B-lymphocytes, which are the precursors of plasma cells. Plasma
cells produce and secrete protein substances known as antibodies"
C_0340_003,DOC_WHO_2003,P_0340,340,328,3,360,468,2408,3169,108,d65b265f52a0977082c4d06d186258c35a42333c15e4851ea22db88c3d83a01c,"specific mechanisms are divided into the humoral (antibody-
mediated) and the cell-mediated systems. The humoral system is associated with
cells known as B-lymphocytes, which are the precursors of plasma cells. Plasma
cells produce and secrete protein substances known as antibodies or imm-
unoglobulins. The cell-mediated system is associated with T-lymphocytes which
can process and destroy foreign bodies.


11.1.1 Antibodies

Antibodies are found in serum, milk, saliva, tears, urine and other body fluids. In
neonates, antibody production is virtually absent and protection is provided by
maternal antibodies mainly through breast milk and those that cross the placenta.
A growing infant is constantly exposed to various environmental antigens which



328"
C_0341_001,DOC_WHO_2003,P_0341,341,329,1,0,220,0,1467,220,ac8e14135a90734d5f5b063f953b7d237e6d19d69d1225542f87ac1cd764e6da,"11. Immunological and serological techniques 329




promote production of antibodies. In humans there are five major classes of H chain
antibodies or immunoglobulins: IgG, IgM, IgA, IgE and IgD.

These proteins differ in their electrophoretic mobility, relative molecular mass,
antigenic structure, sedimentation coefficient, shape and other properties. All
the immunoglobulins have a structure composed of four polypeptide chains
with two long or heavy (H) chains and two short or light (L) chains (Fig.
11.1). L chain

Within these H and L chains there are regions known as constant regions,
where amino acid sequences are very similar, and variable regions (usually at
Fig. 11.1 Structure of
the ends of the chains), where amino acid sequences are highly variable. The immunoglobulins
variable regions give the different antibodies their specificity.


11.1.2 Antigens

Antigens are molecules (usually proteins) that can elicit an immune response.
Antigens have sites on them known as antigenic determinants which can be recog-
nized by antibodies. Antigens may have several determinants of different
configuration or several of the same configuration such that antibodies of the same
kind or of several different kinds can bind to these sites.

Several properties can influence the immunogenicity of an antigen; these are briefly
discussed below.


Recognition of the antigen as a foreign substance

The most important property of an antigen is that which allows"
C_0341_002,DOC_WHO_2003,P_0341,341,329,2,180,400,1208,2655,220,60dc4f9be02f419e4a5a67a88ecfd85616b223525dd9cf1efe1cb7871f6ffcac,"different kinds can bind to these sites.

Several properties can influence the immunogenicity of an antigen; these are briefly
discussed below.


Recognition of the antigen as a foreign substance

The most important property of an antigen is that which allows the body to recog-
nize the substance as foreign. An individual’s immune system is normally capable
of distinguishing substances belonging to the body from those that do not (self
from non-self). Certain conditions incapacitate the self-tolerance mechanism and
the system starts to react against itself.


Relative molecular mass

The relative molecular mass or size of an antigen also affects its immunogenicity.
As a general rule, large molecules make good antigens (i.e. they are effective in
generating an immune response), provided they are foreign to the body. Small
molecules are usually poor antigens.


Complexity

The more complex the molecule, the better the immune response to the antigen.
Complex proteins make “better” antigens than repeating polymers of lipids, carbo-
hydrates and nucleic acids.


Stability

It is essential for the antigen to be stable for it to be recognized by the immune
system.


Degradability

The substance must be degradable. In order to initiate an immune response the
immune system must be able to process the substance.


Route of antigen administration and dosage

Antigens must be administered correctly. Some substances elicit an immune re-"
C_0341_003,DOC_WHO_2003,P_0341,341,329,3,360,410,2386,2737,50,ff70bff4f0057427738bc2b8eb6ed4b29a2ba6abd0c8b170637eecd4ce502938,"Degradability

The substance must be degradable. In order to initiate an immune response the
immune system must be able to process the substance.


Route of antigen administration and dosage

Antigens must be administered correctly. Some substances elicit an immune re-
sponse if administered subcutaneously, but not if administered intravenously. The"
C_0342_001,DOC_WHO_2003,P_0342,342,330,1,0,220,0,1482,220,010034763969f654e0e9b1226c8ed217208b8fbcd7d523419292e59d36c6d88c,"330 Manual of basic techniques for a health laboratory




right dose is also important since too much or too little antigen may not elicit the
desired immune response.


11.1.3 Antigen–antibody interactions

The binding between an antigen and an antibody can be compared with the exclu-
sive fit that exists between a lock and its key. The antigen determinant (the “lock”)
has a predetermined conformation and only a specific antibody (the “key”) with
the appropriate variable regions (grooves and contours) will give a perfect fit. How-
ever, the situation is not always so clear-cut. Sometimes an antigen will combine
(poorly) with an antibody that was produced against a different antigen, causing
cross-reactivity. To avoid these unwanted interactions, it is important to know and
define the analytical sensitivity and specificity of immunological tests based on
antibody–antigen reactions.

The analytical sensitivity of an immunological test refers to its ability to detect
small quantities of antigen or antibody. It is used as a synonym for the limit of
detection. The analytical specificity of an immunological test is its ability to mea-
sure only the substance it purports to measure.1 These are important considera-
tions, especially when choosing a new test. Others include: applicability in a given
laboratory environment, cost, availability, level of expertise required, speed and
simplicity.


11.2 Principle of immunochemical techniques

Antigen–antibody reactions"
C_0342_002,DOC_WHO_2003,P_0342,342,330,2,180,400,1163,2668,220,704e7f1824fa1531cb31c83963f3ad922974ebadf736d321c9dac2dcceddc43b,"substance it purports to measure.1 These are important considera-
tions, especially when choosing a new test. Others include: applicability in a given
laboratory environment, cost, availability, level of expertise required, speed and
simplicity.


11.2 Principle of immunochemical techniques

Antigen–antibody reactions can be classified into three groups: primary, secondary
and tertiary binding reactions. Only primary and secondary binding reactions
are described here. Tertiary reactions follow secondary reactions and usually occur
in vivo.


11.2.1 Primary binding tests

This group of tests provides a direct measure of the initial binding reaction
between an antigen and an antibody. This is a very sensitive approach for which a
label is needed to detect the binding reaction. Such tests include radioimmunoassays,
enzyme immunoassays and immunofluorescence assays.


Radioimmunoassay

In a radioimmunoassay, either an antigen or an antibody is conjugated with a ra-
dioactive tracer substance and the radioactivity is measured with a scintillation
counter (Fig. 11.2). This type of assay is becoming less common, partly because of
the need for radioactive substances and also because the measuring equipment
required is difficult to use.


Incubate Incubate
R then then
R R wash R R wash
R R
R
R R R R R

R R
R R



Adsorbed Antigen-containing Radiolabelled
antibody serum antibody

Fig. 11.2 Principle of radioimmunoassays


1 The analytical sensitivity and specificity of an immunological test"
C_0342_003,DOC_WHO_2003,P_0342,342,330,3,360,420,2438,2812,60,17d0e2c6795a61a7a0e39d31a3187227f87b1f001a19bda1d1a9331f7ed2f9ee,"then
R R wash R R wash
R R
R
R R R R R

R R
R R



Adsorbed Antigen-containing Radiolabelled
antibody serum antibody

Fig. 11.2 Principle of radioimmunoassays


1 The analytical sensitivity and specificity of an immunological test must not be confused with
the diagnostic sensitivity and specificity as defined to discriminate between diseased and non-
diseased populations."
C_0343_001,DOC_WHO_2003,P_0343,343,331,1,0,220,0,1424,220,f3050e66ccd7c6ec6e11168774b372303fb49236937df07e95acf94607c0be65,"11. Immunological and serological techniques 331




Enzyme immunoassay

In an enzyme immunoassay, an antigen or antibody is conjugated with a labelled
enzyme and a colour change is produced by the enzyme reacting with its substrate.
This change can be detected visually or with a spectrophotometer. The binding
event can be either competitive or non-competitive. Competitive binding depends
on competition between a labelled (known amount) and an unlabelled (unknown
amount) antigen for the same antibody (when measuring antigen) or between a
labelled (known amount) and an unlabelled (unknown amount) antibody for the
same antigen (when measuring antibody) (Fig. 11.3). The amount of binding of
the labelled antigen (or antibody) is related to the amount of unlabelled antigen (or
antibody) present.

In non-competitive binding (sandwich technique), the antigen or antibody
is adsorbed (or immobilized) to a solid phase, which may be an insoluble particle
(bead) or the sides of a test-tube or the bottom of a microtitre plate. The test sam-
ple containing the corresponding antibody or antigen is then added. A labelled
antibody or antigen (conjugate) is added last to form the top layer of the sandwich
(Fig. 11.4). When testing for an antibody, the conjugate would contain anti-immu-
noglobulin and when testing for an antigen, the conjugate would contain
an antibody specific for that antigen. The amount of binding of"
C_0343_002,DOC_WHO_2003,P_0343,343,331,2,180,364,1177,2472,184,0c8c4d880032205ce03f5d370c95f543697f8263e6f103cde5b88dd85b11e070,"the top layer of the sandwich
(Fig. 11.4). When testing for an antibody, the conjugate would contain anti-immu-
noglobulin and when testing for an antigen, the conjugate would contain
an antibody specific for that antigen. The amount of binding of the conjugate is
directly related to the amount of antigen or antibody in the test sample and only
the bound portion is measured in this assay.

An example of this technique is the enzyme-linked immunosorbent assay (ELISA).
The enzymes used in ELISAs include horseradish peroxidase, alkaline phosphatase,
lysozyme and b-galactosidase.

The enzyme immunoassays are replacing many radioimmunoassays because of their
advantages over the latter, which include longer reagent shelf-life, cheaper and sim-
pler equipment, no restrictive regulations for reagent disposal, and safer
reagents.



Incubate Incubate
then wash E then wash
E
E + Enzyme
substrate
E
E

E


Solid-phase Antibody-containing Enzyme-labelled
adsorbed serum anti-immunoglobulin
antigen
Colour

Fig. 11.3 Principle of competitive enzyme immunoassays



Incubate Incubate
then E then E
wash wash
+ Enzyme
substrate
E E
E

E E


Solid-phase Antibody-containing Enzyme-labelled
adsorbed serum anti-immunoglobulin
antigen
Colour
Fig. 11.4 Principle of non-competitive enzyme immunoassays"
C_0344_001,DOC_WHO_2003,P_0344,344,332,1,0,220,0,1510,220,4f18cb0b06002742036487f717217b39404067fb56eb2fe1696468fd445ae226,"332 Manual of basic techniques for a health laboratory




Immunofluorescence

Fluorescent dyes such as fluorescein isothiocyanate and tetra-methylrhodamine
isothiocyanate can be coupled to antibodies without destroying their specificity.
Fluorescence occurs when molecules that have been excited to a higher energy
state return to their normal energy state. The excess energy is released in the form
of light. A fluorescent microscope, which is a modified light microscope, is used to
visualize the light emitted.

Two types of immunofluorescence technique can be used.


Direct immunofluorescence

Direct immunofluorescence is used when testing for an antigen. In this technique a
fluorescent dye is linked to the isolated portion of an antiserum containing anti-
bodies directed against a specific component of cells or tissue. The antiserum is
applied directly to the tissue specimen. The antigen and antibody react, then the
tissue specimen is washed.

The tissue specimen is examined under the microscope and fluorescence is seen
where the antibody is attached to the antigen (Fig. 11.5).


Indirect immunofluorescence

Indirect immunofluorescence is used to determine whether antibodies are present
in a patient’s serum. The serum is applied directly to an appropriate tissue speci-
men containing an antigen directed against the specific antibody under investiga-
tion. The antigen and antibody react, then the tissue specimen is washed. An
anti-immunoglobulin with a fluorescent label is added and the"
C_0344_002,DOC_WHO_2003,P_0344,344,332,2,180,379,1241,2596,199,e90422f71b4c6168fd221eda643d656e231b5f2df8fe5c214a4a2f3244d97b57,"applied directly to an appropriate tissue speci-
men containing an antigen directed against the specific antibody under investiga-
tion. The antigen and antibody react, then the tissue specimen is washed. An
anti-immunoglobulin with a fluorescent label is added and the tissue specimen is
then incubated before being washed again.

The labelled anti-immunoglobulin will attach to any antibody already bound to the
antigen in the tissue specimen and shows up under the microscope as areas of
fluorescence (Fig. 11.6). The indirect method is more sensitive than the direct
method because it is amplified in the sense that each unlabelled antibody can be
bound by two labelled antibodies.


11.2.2 Secondary binding tests

The secondary binding tests enable visible manifestations following the primary
reaction to be observed. In these tests one can actually see the effects of the binding
event without the aid of an additional label. These tests include agglutination,
precipitation, complement-dependent reactions and neutralization methods. The
agglutination and precipitation methods are routinely employed for diagnostic pur-
poses. These methods are briefly described below.




F
F Incubate
then
F wash
F F F
F F


F
F

Antigen Fluorescence-labelled Fluorescence
(cell or tissue specimen) antibodies

Fig. 11.5 Principle of direct immunofluorescence"
C_0345_001,DOC_WHO_2003,P_0345,345,333,1,0,220,0,1627,220,b4ef7bd21a758ea01914cfd3e0f361cf1a708346a971ac79a1aae3878b576405,"11. Immunological and serological techniques 333





Incubate
then F
wash F
F
F F



F

Antigen Antibody Fluorescence-labelled
(cell or tissue specimen) anti-immunoglobulin




Incubate
then wash



F



F F





F


Fluorescence

Fig. 11.6 Principle of indirect immunofluorescence





Incubate
then
wash





Antigen Antibody-containing Precipitation
(insoluble) serum

Fig. 11.7 Principle of agglutination


Agglutination

Agglutination involves the reaction of an antibody with a particulate (insoluble)
antigen leading to visible clumping of these particles (Fig. 11.7). The interaction of
surface antigens and antibodies directed against them leads to cross-linking of
adjacent particles, e.g. bacteria, to form a lattice of agglutinated cells.


Active agglutination (direct)

Active agglutination involves antigenic determinants that are an intrinsic constitu-
ent of the particle, e.g. haemagglutination reactions used for blood grouping.


Passive agglutination (indirect)

Passive agglutination involves antigenic determinants that are not an intrinsic con-
stituent of the particle. A soluble antigen is combined with insoluble particles such
as erythrocytes. The erythrocytes are usually treated with tannic acid, which alters
their surface properties so that the antigen can bind firmly. Other insoluble parti-
cles include bacteria, charcoal, bentonite (clay) and polyvinyl latex where the anti-
gen is simply adsorbed.

Semi-quantitative titrations can be carried out to determine the amount of anti-
body present in a sample. A constant volume of suspended particles (antigen) is
added to a constant volume of"
C_0345_002,DOC_WHO_2003,P_0345,345,333,2,180,260,1380,1849,80,e9e9fdb5cb812dcdee26781f887553b6ee2a819966d915a5f7bb83bcd4f9e513,"polyvinyl latex where the anti-
gen is simply adsorbed.

Semi-quantitative titrations can be carried out to determine the amount of anti-
body present in a sample. A constant volume of suspended particles (antigen) is
added to a constant volume of serially diluted antiserum. The presence of antibody
in the serum causes agglutination of the particles (Fig. 11.8) and the reaction is
usually scored on a scale of 0 to 4 +. The antibody content is expressed as a titre —"
C_0346_001,DOC_WHO_2003,P_0346,346,334,1,0,220,0,1534,220,8244aea39ab01bd7867a6ed2b54d329e006de71e8d59c1e1574465a2574665a6,"334 Manual of basic techniques for a health laboratory





Incubate Incubate
then then
wash wash





Antigen Antigen (soluble) Absorbed Antibody-containing Agglutination
carrier antigen serum
particles

Fig. 11.8 Principle of passive agglutination





hCG antibody Adsorbed hCG hCG antigen No precipitation = positive result
antigen (urine specimen from
pregnant woman)
(a)





hCG antibody Adsorbed hCG Precipitation = negative result
antigen
(b)

Fig. 11.9 Principle of the agglutination inhibition test for hCG


the reciprocal of the final dilution of antiserum capable of producing visible
agglutination.


Agglutination inhibition

Agglutination inhibition is used for determining the presence of antigen. This assay
is based on competition between particulate and soluble antigen for antibody-binding
sites. The antibody and the test sample are allowed to react together. If soluble
antigen is present in the sample, the antibody reacts with it and is not free to react
further after the subsequent addition of indicator particles or cells. Thus, the ab-
sence of agglutination with a specimen under investigation indicates a positive test
result. An example of this kind of assay is the detection of human chorionic gona-
dotropin (hCG) used in the test for confirmation of pregnancy and also in other
pathological conditions where hCG levels are important (Fig. 11.9).


Precipitation

Unlike agglutination reactions in which the antigen is particulate (insoluble), in
precipitation reactions the interaction is between a"
C_0346_002,DOC_WHO_2003,P_0346,346,334,2,180,263,1249,1832,83,a6ec2b136735cf62712abe8a5d9f6ee42a344b20f7bd31d7d1264057a6bca8d4,"used in the test for confirmation of pregnancy and also in other
pathological conditions where hCG levels are important (Fig. 11.9).


Precipitation

Unlike agglutination reactions in which the antigen is particulate (insoluble), in
precipitation reactions the interaction is between a soluble antibody and a soluble
antigen. If a soluble antibody is incubated with a soluble antigen, antibody and
antigen complexes cross-link and form a precipitate. Precipitation methods can be
quantitative or qualitative and the interactions are dependent on ionic strength, pH
and concentration."
C_0347_001,DOC_WHO_2003,P_0347,347,335,1,0,220,0,1561,220,23e5f6ddc273c4827183d2918fd07239c8d120c283abb5fa233e6fd3ae331159,"11. Immunological and serological techniques 335



A quantitative precipitin curve can be drawn in which the Excess
proportion of antigen and antibody determines the extent of antibody
cross-linking and precipitation. The curve shows the follow-
ing features (Fig. 11.10): antibody Equivalence
G The equivalence zone in which the proportions of anti-
gen and antibody are equivalent. Excess
antigenG The excess antibody zone in which all available antigenic precipitated
determinants are bound by individual antibody molecules, of
leaving some antibody molecules unbound. Mass
G The excess antigen zone in which all the antigen binding
sites of an antibody are bound by individual antigen mol-
ecules, leaving some molecules of antigen unbound. Concentration of antigen
Several other immunological techniques employ the precipi- Fig. 11.10 A quantitative precipitin curve
tation reaction in one form or another. These include neph-
elometry, turbidimetry, radial immunodiffusion (Mancini technique), double dif-
fusion (Ouchterlony) and some immunoelectrophoresis techniques.


Nephelometry and turbidimetry

Nephelometry and turbidimetry involve the measurement of the light scattering
and light absorption properties, respectively, of antigen–antibody complexes. These
techniques are used to measure concentrations of proteins and drugs in serum or
CSF. The assays are rapid and sensitive. A constant, excessive amount of antibody
is incubated with an antigen in a cuvette.

In nephelometry light is passed through the cuvette and the scatter produced by
the"
C_0347_002,DOC_WHO_2003,P_0347,347,335,2,180,400,1330,2727,220,3235fbdae6eb8cd46d0f03ea842651859f8e939d9edf58517b9e06b1c15930ce,"and drugs in serum or
CSF. The assays are rapid and sensitive. A constant, excessive amount of antibody
is incubated with an antigen in a cuvette.

In nephelometry light is passed through the cuvette and the scatter produced by
the antigen–antibody complexes that have been formed is measured.

The antigen concentration is determined from a standard curve made by mea-
suring the light scatter produced by a series of antigen solutions of known con-
centrations. In some assays, polymers are added to accelerate the formation of
antigen–antibody complexes.

In turbidimetry light is passed through the cuvette and
the absorption produced by the antigen–antibody com-
plexes that have been formed is measured. A conven- Standard 1 Standard 2 Standard 3 Unknown
tional photometer can be used for this purpose.


Radial immunodiffusion (Mancini technique)

Radial immunodiffusion is based on the principle that a
quantitative relationship exists between the amount of
antigen placed in a well cut in an agarose gel containing
antibody and the diameter of the resulting ring of pre- precipitate
cipitate. The antigen concentration is proportional to of
the square of the diameter of the ring of precipitate. The ring
concentration of unknown samples is calculated with the of
aid of a standard curve which is prepared by plotting
the diameter2 of the resulting ring of precipitate producedby a series"
C_0347_003,DOC_WHO_2003,P_0347,347,335,3,360,434,2491,2983,74,2eb376b5e96825041b4e7ec46f025c8eaa3328f953e6693dafe2411294ab0fdb,"of the diameter of the ring of precipitate. The ring
concentration of unknown samples is calculated with the of
aid of a standard curve which is prepared by plotting
the diameter2 of the resulting ring of precipitate producedby a series of antigen solutions of known concentration Diameter2
(Fig. 11.11). This technique can be used for the quanti-
tative measurement of complement factors and Antigen (or antibody) concentration
immunoglobulins. Fig. 11.11 Principle of radial immunodiffusion"
C_0348_001,DOC_WHO_2003,P_0348,348,336,1,0,220,0,1321,220,cca7746825f77cddd61c59806eac7344bd52d38ae8e2df07a999d1834d3b7823,"336 Manual of basic techniques for a health laboratory



11.3 Determination of rheumatoid factors by the
latex-agglutination technique
11.3.1 Materials and reagents

G Test plates (preferably with a dark background)

G Stirring rods, wooden orange sticks or rotator

G Test-tubes, 5ml

G Test-tube rack

G Micropipettes

G Latex rheumatoid factor (RF) reagent (aqueous suspension of latex particles
coated with human IgG)

G Negative and positive control sera

G Sodium chloride, 0.85% solution (reagent no. 53).

The above-mentioned materials and reagents are usually supplied as part of a com-
mercial test kit.


11.3.2 Method

1. Bring the test and control sera and latex RF reagent to room temperature.

2. Dilute the test and control sera 1:5 with sodium chloride solution.

3. Apply one drop of each dilution to the test plates.

4. Shake the vial of latex RF reagent and add one drop to each of the samples on
the test plates.

5. Mix well with stirring rods or orange sticks (one for each sample) and rotate the
plates gently (about 10 times), or place on a rotator.

6. After 2 minutes, examine the plates and compare the reactions of the test sera
with those of the control sera (Fig. 11.12).

7. If any sera are positive, repeat steps 3–6, using a twofold dilution.

The highest dilution of serum that causes"
C_0348_002,DOC_WHO_2003,P_0348,348,336,2,180,319,1089,2031,139,3b2bb055965a8f19b4fcaee8d516001793f27c43d3dd24610483437696353193,"minutes, examine the plates and compare the reactions of the test sera
with those of the control sera (Fig. 11.12).

7. If any sera are positive, repeat steps 3–6, using a twofold dilution.

The highest dilution of serum that causes agglutination is the titre.





Fig. 11.12 Latex agglutination test
a: Positive result; b: negative result.


11.4 Tests for the determination of anti-streptolysin O
antibodies

11.4.1 Anti-streptolysin O test (ASOT)

Streptolysin O is a toxin produced by haemolytic streptococci. The anti-streptolysin
O test (ASOT) is the most commonly used laboratory test for following a strepto-
coccal infection and its sequelae (rheumatic fever and acute post-streptococcal
glomerulonephritis). Other approaches are now available, but the “standard” ASOT
is based on the fact that streptolysin O will lyse human or sheep erythrocytes unless
neutralized by anti-streptolysin O antibodies present in the patient’s serum."
C_0349_001,DOC_WHO_2003,P_0349,349,337,1,0,220,0,1427,220,1af0c3d8f95442f8d7fa4deee897e5884d3a69dce1d17d3ae3a949a912a7422e,"11. Immunological and serological techniques 337




One streptolysin O unit is the minimum amount of streptolysin O that will lyse
0.5ml of a freshly prepared 5% suspension of sheep erythrocytes when incubated
for 1 hour at 37°C. One Todd unit is defined as the amount of anti-streptolysin O
antibody that will neutralize 0.5 streptolysin O units.


Principle

The test is performed by incubating a constant amount of standardized streptolysin
O with serial dilutions of heat-inactivated patient’s serum (containing anti-
streptolysin O antibodies) at 37°C for 15 minutes. A freshly prepared suspension
of 5% sheep erythrocytes is then added to all the tubes and incubation is continued
for a further 45 minutes. After centrifugation at 500g, the highest dilution of pa-
tient’s serum that still has a clear supernatant (no haemolysis) is the end-point and
its Todd unit value (reciprocal of the dilution) is reported. This technique is rather
time-consuming and simpler and more rapid methods using latex agglutination are
now available (see section 11.4.2).


Materials and reagents

G Volumetric flask, 1000ml

G Test-tubes, 75mm ¥ 12mm

G Test-tube racks

G Serological pipettes

G Water-bath

G Centrifuge

G Phosphate-buffered water, pH 6.8 (reagent no. 43)

G Sodium chloride, 0.85% solution (reagent no. 53)

G 5% Suspension of washed sheep erythrocytes in sodium chloride, 0.85% solu-
tion (reagent no. 53)

G Reduced"
C_0349_002,DOC_WHO_2003,P_0349,349,337,2,180,400,1163,2453,220,df2a11524bf5b520cde603292faff94db69f60ff05f25232082de307946d0183,"Serological pipettes

G Water-bath

G Centrifuge

G Phosphate-buffered water, pH 6.8 (reagent no. 43)

G Sodium chloride, 0.85% solution (reagent no. 53)

G 5% Suspension of washed sheep erythrocytes in sodium chloride, 0.85% solu-
tion (reagent no. 53)

G Reduced streptolysin O (instructions for the preparation of reduced streptolysin
O from the unreduced form are usually provided by the manufacturer).


Method

1. Make three dilutions of the patient’s serum (inactivated by heating at 56°C for
30 minutes) as follows:

0.5ml of serum + 4.5ml of phosphate buffer = 1:10
0.5ml of 1:10 serum + 4.5ml of phosphate buffer = 1:100
1ml of 1:100 serum + 4ml of phosphate buffer = 1:500

2. From these master dilutions, make an extended series of dilutions as shown in
Table 11.1. For screening purposes, use only the first seven tubes and the con-
trol tubes (13 and 14).

3. Add 0.5ml (equivalent to 1 International Unit (IU)) of reduced streptolysin O
to all the tubes except tube 13. Mix and incubate in a water-bath at 37°C for 15
minutes.

4. Add 0.5ml of the 5% suspension of sheep erythrocytes to each tube. Mix and
incubate in a water-bath at 37°C for 45 minutes, mixing again after the first 15
minutes of incubation.

5. Centrifuge the tubes gently at 500g for 3 minutes and observe"
C_0349_003,DOC_WHO_2003,P_0349,349,337,3,360,441,2226,2709,81,3a49651b6d370617e2af25d2e5559bde193db7560afccb33d6d3c5981a828f60,"5% suspension of sheep erythrocytes to each tube. Mix and
incubate in a water-bath at 37°C for 45 minutes, mixing again after the first 15
minutes of incubation.

5. Centrifuge the tubes gently at 500g for 3 minutes and observe for haemolysis.

The end-point is the last tube (i.e. the highest dilution) showing no haemolysis.
Control tube 13 should show no haemolysis. If there is haemolysis in this tube
the test should be repeated. Control tube 14 should show complete haemolysis."
C_0350_001,DOC_WHO_2003,P_0350,350,338,1,0,220,0,1145,220,fc28a84b9e67576abd3c3db775683d8db23bb74680209afb5fed04bd46422934,"338 Manual of basic techniques for a health laboratory




Table 11.1 Preparation of dilution series for the anti-streptolysin O test

Tube number Volume of patient’s Volume of Resulting Volume of reduced Volume of 5%
serum (inactivated) streptolysin O serum dilution streptolysin O suspension of sheep
(ml), diluted: buffer (ml) buffer (ml) erythrocytes

1:10 1:100 1:500

1 0.8 — — 0.2 1:12.5 0.5 0.5

2 0.2 — — 0.8 1:50 0.5 0.5

3 — 1.0 — 0.0 1:100 0.5 0.5

4 — 0.8 — 0.2 1:125 0.5 0.5

5 — 0.6 — 0.4 1:167 0.5 0.5

6 — 0.4 — 0.6 1:250 0.5 0.5

7 — 0.3 — 0.7 1:333 0.5 0.5

8 — — 1.0 0.0 1:500 0.5 0.5

9 — — 0.8 0.2 1:625 0.5 0.5

10 — — 0.6 0.4 1:833 0.5 0.5

11 — — 0.4 0.6 1:1250 0.5 0.5

12 — — 0.2 0.8 1:2500 0.5 0.5

13 — — — 1.5 control 0.0 0.5

14 — — — 1.0 control 0.5 0.5


11.4.2 Latex agglutination

Materials and reagents

G Test plates

G Stirring rods, wooden sticks or rotator

G Test-tubes, 5ml

G Test-tube rack

G Micropipettes, 50ml

G Anti-streptolysin O latex reagent: suspension of latex particles coated with strep-
tolysin O

G Negative control serum

G Positive control sera (strongly and weakly positive)

G Sodium"
C_0350_002,DOC_WHO_2003,P_0350,350,338,2,180,390,879,2152,210,088ef320a1db359b65fafca756bbcc2471a6e0fd1fb755eed093a065096aa33c,"sticks or rotator

G Test-tubes, 5ml

G Test-tube rack

G Micropipettes, 50ml

G Anti-streptolysin O latex reagent: suspension of latex particles coated with strep-
tolysin O

G Negative control serum

G Positive control sera (strongly and weakly positive)

G Sodium chloride, 0.85% solution (reagent no. 53).


Method

1. Bring the reagents and test and control sera to room temperature.

2. Apply one drop of each of the test and control sera to the test plates.

3. Shake the anti-streptolysin O latex reagent to mix; add one drop to each of the
test and control sera.

4. Mix well with stirring rods or wooden sticks (one per sample) and rotate the
plates gently about 10 times, or place on a rotator.

5. After 2 minutes, examine the plates and compare the reactions of the test sera
with those of the controls. A positive reaction is indicated by the presence of
agglutination. A negative reaction is indicated by the absence of agglutination.

6. If any sera are positive, repeat steps 2–5, using a twofold dilution.

The highest dilution that causes agglutination is the titre. Most anti-streptolysin
O reagents have a detection limit (e.g. 200IU/ml) that is usually multiplied
by the dilution factor to give the serum concentration of anti-streptolysin O in
IU/ml."
C_0351_001,DOC_WHO_2003,P_0351,351,339,1,0,220,0,1412,220,da63cce1453e66e0d605c6b18f5298bdb1af3e5449d908086b635d0ebbfc61cf,"11. Immunological and serological techniques 339



11.5 Determination of b-human chorionic gonadotropin
(b-hCG) in urine by the agglutination inhibition
technique
11.5.1 Materials and reagents

G Test plates

G Stirring rods, wooden sticks or rotator

G Test-tubes, 75mm ¥ 12mm

G Test-tube rack

G Anti-b-human chorionic gonadotropin (anti-b-hCG) antibody

G Latex hCG reagent (suspension of latex particles coated with hCG)

G Negative control

G Positive controls (strongly and weakly positive).

The above-mentioned reagents are usually supplied as part of a commercial test
kit.


11.5.2 Method

1. Bring the urine samples and reagents to room temperature.

2. Add one drop of each of the urine samples and each of the controls to the test
plates.

3. Add one drop of anti-b-hCG antibody to each of the samples and each of the
controls. Mix carefully.

4. Mix the latex hCG reagent suspension well; apply one drop to the test
samples and rotate the plates or mix with stirring rods or wooden sticks (one per
sample).

5. After 3 minutes examine the plates and compare the reactions of the test sam-
ples with those of the controls.

A positive reaction (pregnant or b-hCG present) is indicated by the absence of
agglutination. A negative reaction (non-pregnant or b-hCG absent) is indicated
by the presence of agglutination.


Semi-quantitative analysis

Semi-quantitative analysis may be desirable in some"
C_0351_002,DOC_WHO_2003,P_0351,351,339,2,180,353,1121,2242,173,ca2e930fa9e10f8c0269c2f1f08ddaecaec1177f42df874cacda9f1e2f5c1e0c,"of the controls.

A positive reaction (pregnant or b-hCG present) is indicated by the absence of
agglutination. A negative reaction (non-pregnant or b-hCG absent) is indicated
by the presence of agglutination.


Semi-quantitative analysis

Semi-quantitative analysis may be desirable in some cases where the production of
b-hCG may have a pathological cause. This may occur in both pregnant and non-
pregnant patients.

Make a twofold dilution of the positive urine samples and examine as described in
steps 2–5 above. The highest dilution that does not cause agglutination is the titre.

The results for this semi-quantitative analysis are reported in IU/ml which can be
obtained by multiplying the dilution factor of the highest dilution that does not
cause agglutination by the sensitivity or limit of detection of the method, as stated
by the manufacturer.


11.6 Quantitative determination of IgA, IgG and IgM by
radial immunodiffusion
11.6.1 Materials and reagents

G Siliconized glass plates 8cm ¥ 12cm, or Petri dishes (glass or plastic)

G Boxes with tightly fitting lids

G Hole-punch with inner diameter of 2mm"
C_0352_001,DOC_WHO_2003,P_0352,352,340,1,0,220,0,1281,220,a0d1ca5d176b2ff94efe26e8353bc638a1b2fc820edfe50cea7303beaad390dd,"340 Manual of basic techniques for a health laboratory




G Pipettes, 5ml

G Water-bath

G Thermometer

G Test-tubes

G Test-tube racks

G Agar, 3% solution in distilled water

G Sodium chloride, 0.15mol/l with 0.1% sodium azide

G Agarose or agar

G Anti-human IgA antiserum

G Anti-human IgG antiserum

G Anti-human IgM antiserum

G Human standard serum containing:
— IgA 2.0mg/ml (123IU/ml)
— IgG 9.5mg/ml (110IU/ml)
— IgM 0.96mg/ml (111IU/ml).

The above-mentioned reagents are usually supplied as part of a commercial test
kit.


11.6.2 Method

1. Coat as many glass plates (or Petri dishes) as necessary (allowing one per pa-
tient) with agar, 3% solution.

2. Calculate the exact volume of 1% agarose gel that needs to be prepared to
cover all the plates with gel to a thickness of 1.5mm.The formula for calculat-
ing this is as follows:

pd 2
¥ 0.15
4

where d is the diameter of the plate (in cm).

3. Prepare 40ml of 1% agarose in 0.15mol/l sodium chloride with 0.1% sodium
azide. Dissolve the agarose by placing it in the water-bath at 100°C. When the
suspension is clear, allow it to cool to 56°C.

4. Warm the antisera to 56°C in the water-bath.

5. Add 0.1ml of anti-human IgA antiserum to each 10ml of the agarose solution.
Mix thoroughly.

6. Pour on to each glass"
C_0352_002,DOC_WHO_2003,P_0352,352,340,2,180,363,1064,2102,183,d4a7d51bf4964c2e215c1141841d2ea576354ac8acf2e53da49203bbb19c10fd,"suspension is clear, allow it to cool to 56°C.

4. Warm the antisera to 56°C in the water-bath.

5. Add 0.1ml of anti-human IgA antiserum to each 10ml of the agarose solution.
Mix thoroughly.

6. Pour on to each glass plate (or Petri dish) the exact volume of the agarose–
antiserum mixture needed to make a gel with a thickness of 1.5mm and allow
it to solidify at room temperature.

7. Prepare two more agarose gels in the same way: the first with 0.2ml of anti-
human IgG antiserum per 10ml of agarose solution and the second with 0.13ml
of anti-human IgM antiserum per 10ml of agarose solution.

8. Punch holes of 2-mm diameter in the gels.

9. Prepare twofold dilutions of the standard serum in 0.15mol/l sodium chloride,
as follows, for the determination of:
G IgA: 1:8, 1:16, 1:32, 1:64 and 1:128.
G IgG: 1:20, 1:40, 1:80, 1:160 and 1:320.
G IgM: undiluted, 1:2, 1:4, 1:8 and 1:16.

10. Prepare 1:2, 1:16 and 1:40 dilutions of the patients’ sera in 0.15mol/l sodium
chloride for the determination of IgM, IgA and IgG, respectively."
C_0353_001,DOC_WHO_2003,P_0353,353,341,1,0,220,0,1370,220,a36df1792d4b6db61fd39623c7e816b09f51f5266626d58af0a92655018f3423,"11. Immunological and serological techniques 341




11. Pipette 5ml of each of the dilutions of the standard serum and the patients’ sera
into different holes of the appropriate agarose gels (see steps 6 and 7).

12. Place the plates in tightly closed boxes in a humid atmosphere and incubate
them for 3 days at room temperature.

13. Measure the diameter of the rings of precipitate (in millimetres) using a ruler.

14. Make plots of the titrations of the standard serum. On the x-axis plot the square
of diameter of the rings of precipitate, and on the y-axis plot the concentrations
of the standard serum (see Fig. 11.11).

15. Use these curves to read the concentration of IgA, IgG and IgM in the patients’
sera.


11.7 Tests for the determination of HIV antibodies
11.7.1 ELISA

Materials and reagents

G Micropipettes

G Incubator or water-bath at 37°C

G Washer or vacuum pump

G Spectrophotometer (reader)

G Distilled or deionized water

G ELISA test kit (commercially available)

G Solid-phase support system, reagents and controls.


Method

Each kit comes with its own instructions which should be followed carefully. How-
ever, the general steps are as outlined below.

1. Add the test (serum) sample and controls to the antigen-precoated solid-phase
support system and incubate at the specified temperature for the appropriate
time.

2. Carefully aspirate"
C_0353_002,DOC_WHO_2003,P_0353,353,341,2,180,400,1101,2548,220,a7a97cc875ec9baa5ddc6f3521ac84cc6b00bbdb644a543668e3184b0de20073,"should be followed carefully. How-
ever, the general steps are as outlined below.

1. Add the test (serum) sample and controls to the antigen-precoated solid-phase
support system and incubate at the specified temperature for the appropriate
time.

2. Carefully aspirate the sample from the solid-phase system and wash to remove
excess sample and other proteins. The washing should not remove the HIV anti-
bodies that have attached to the solid phase during incubation.

3. Add the indicated amount of conjugate (enzyme-linked anti-human (usually goat)
IgG) and incubate according to the manufacturer’s instructions.

4. Carefully aspirate the liquid again to remove any unbound conjugate and wash
the solid-phase system.

5. Add the appropriate quantity of substrate and incubate according to the manu-
facturer’s instructions. This is the colour development stage and should be pro-
tected from light.

6. At the end of the incubation period, add the stopping solution. The stopping
solution inhibits any further reaction between the enzyme and the substrate.

7. Read the results in a spectrophotometer at the recommended wavelength.

8. Calculate the cut-off values for each test run according to the manufacturer’s
instructions.

9. If borderline results are obtained, repeat the test in case there have been techni-
cal errors. If borderline results are still obtained, examine the sample using a
western blot. Alternatively, repeat the test"
C_0353_003,DOC_WHO_2003,P_0353,353,341,3,360,412,2285,2621,52,2ff451d272a38df5140a53a2b9500cce8ad52bcc5a9659f71f5f8a156acedcd5,"run according to the manufacturer’s
instructions.

9. If borderline results are obtained, repeat the test in case there have been techni-
cal errors. If borderline results are still obtained, examine the sample using a
western blot. Alternatively, repeat the test using a different ELISA and/or a rapid
test system (see section 11.7.2)."
C_0354_001,DOC_WHO_2003,P_0354,354,342,1,0,220,0,1365,220,b5572d5020efce8439e5d5aa94aac5783f0f1b22599c36f8630109d38646d594,"342 Manual of basic techniques for a health laboratory




A test run is invalid if the positive control values are less than the calculated cut-
off values. In such cases, the test run must be repeated.

Note: Criteria for testing samples using a western blot vary from laboratory to labo-
ratory. Some laboratories test all samples that give a positive reaction in the ELISA.
In some cases a specific request may be made for a western blot even if the ELISA
was non-reactive.


11.7.2 Dipstick test

Principle

Dipstick tests were developed for the rapid detection of antigens and anti-
bodies in human serum. These tests are generally employed in situations where
Dipstick quick decisions may need to be taken and often require no equipment other
Test than that provided in the kits. sample
In the dipstick test for HIV antibody, which is commercially available, a poly-
Incubate styrene strip is coated with HIV antigen and allowed to react with serum. Any
HIV antibody present will then bind to the HIV antigen. After subsequent
incubation with a substrate solution, a coloured spot that indicates the pres-
ence of HIV antibody will develop (Fig. 11.13).


Materials and reagents
Wash
G Timer

G Absorbent towels or filter-paper

G Commercially available test kit containing dipsticks, reagents and positive
Enzyme-conjugated and negative controls antiserum
G"
C_0354_002,DOC_WHO_2003,P_0354,354,342,2,180,400,1083,2524,220,39ea874fddbea5d7eb34682d68835d8097ac535d6df83c27e6abad438111aa03,"spot that indicates the pres-
ence of HIV antibody will develop (Fig. 11.13).


Materials and reagents
Wash
G Timer

G Absorbent towels or filter-paper

G Commercially available test kit containing dipsticks, reagents and positive
Enzyme-conjugated and negative controls antiserum
G Weak-positive in-house control serum.
Incubate

Method

Follow the instructions provided in the kit.

A positive result is indicated by any colour development on the antibody-
coated spot. A spot should be visible on the positive control and no colour
Wash should be seen on the negative control. Weak-positive in-house controls should
be included to help in reading results. The test run is invalid if the results
obtained using the controls are not as described above.

Substrate
11.8 Tests for hepatitis virus infection

Routine tests for hepatitis include the use of markers for hepatitis A, B and C Incubate
viruses. Hepatitis A is most common in children, especially in nurseries; how-
ever, it is not routinely tested for, except in cases of epidemics.

Hepatitis B and C viruses are transmitted through blood products, body fluids,
contaminated needles and other contaminated materials.

Hepatitis B virus has several markers which include:
Wash, dry and
evaluate visually — surface antigen (HBsAg)
— antibody to surface antigen (anti-HBs)

— envelope antigen (HBeAg)

— antibody to envelope antigen (anti-HBe)

Spot = positive reaction — antibody to"
C_0354_003,DOC_WHO_2003,P_0354,354,342,3,360,440,2262,2772,80,6b330935803e9e72b223c366440e51c3b557a1457d36b385aa4f2984eefb3844,"Hepatitis B virus has several markers which include:
Wash, dry and
evaluate visually — surface antigen (HBsAg)
— antibody to surface antigen (anti-HBs)

— envelope antigen (HBeAg)

— antibody to envelope antigen (anti-HBe)

Spot = positive reaction — antibody to core antigen (anti-HBc).
No spot = negative reaction
Fig. 11.13 Dipstick assay for HIV The concentrations of these markers vary during the course of an infection.
antibody The antigen markers appear first or earlier on after exposure to the virus."
C_0355_001,DOC_WHO_2003,P_0355,355,343,1,0,220,0,1520,220,11d732993c109fb4a57736d26b818d6bfd9030126029e138aab343d78a6607a1,"11. Immunological and serological techniques 343




Seroconversion (antibody production) often occurs several weeks or months after
exposure.

Hepatitis testing is routinely done by solid-phase ELISA and radioimmunoassay
methods. Commercial kits for detection of hepatitis markers are available and specific
criteria and instructions are provided with each kit. The general principles of the
ELISA technique for one of the markers for hepatitis B virus are outlined below.


11.8.1 ELISA for hepatitis B surface antigen

Materials and reagents

G Micropipettes

G Incubator or water-bath

G Washer or vacuum pump

G Spectrophotometer (reader)

G Commercially available test kit containing solid-phase support system, reagents
and controls

G Distilled or deionized water.


Method

1. Add the test (serum) samples and controls to the anti-HBs precoated solid-
phase support system and incubate according to the manufacturer’s instructions.

2. Using a vacuum pump or automated washer, carefully aspirate the liquid from
the solid phase and wash the system.

3. Add the specified amount of conjugate (enzyme-linked anti-HBs) and incubate
according to the manufacturer’s instructions.

4. Aspirate the liquid and wash to remove any unbound conjugate.

5. Add the specified amount of substrate (usually o-phenylenediamine) and incu-
bate in the dark. (This is the colour development stage and should be protected
from light.)

6. Add the stopping solution as specified. The stopping solution (usually an acid)
inhibits any"
C_0355_002,DOC_WHO_2003,P_0355,355,343,2,180,392,1258,2594,212,d2f48b5bcdbc1f654ab0c6383aef50273a8ca3d1993c7348f317bf8a90a71b92,"the specified amount of substrate (usually o-phenylenediamine) and incu-
bate in the dark. (This is the colour development stage and should be protected
from light.)

6. Add the stopping solution as specified. The stopping solution (usually an acid)
inhibits any further reaction between the enzyme and the substrate.

7. Read the results in a spectrophotometer at the specified wavelength.

8. Calculate the cut-off value for the test run as instructed by the manufacturer.

The test run is invalid if the positive control values are less than the cut-off value.
In such cases the assay must be repeated.


Precautions

The ELISA method is fairly easy to perform, but pay attention to the following:

G Make sure that the reagents and samples are brought to room temperature.

G Make appropriate dilutions of reagents or specimens if required.

G Make sure that the pre-coated antigen or antibody (solid phase) is not disturbed
during the addition of the sample or of beads.

G Prepare only enough chromogen solution for a single test run. Store the solution
in a closed container, in the dark. If colour develops prior to application, a new
solution should be prepared.

G Avoid cross-contamination of samples.

G Adhere strictly to the incubation times, temperatures and other conditions
specified in the manufacturer’s instructions."
C_0356_001,DOC_WHO_2003,P_0356,356,344,1,0,220,0,1408,220,617c15eb3697f32c2b36434b0d980ec4d12bd9402e24cc7b708ff3158ba9bee0,"344 Manual of basic techniques for a health laboratory




G In addition to the controls in the kit, it is generally recommended to include an
in-house control of known optical density for quality control purposes.


11.8.2 Dipstick test for hepatitis B surface antigen

Principle
Name Thetakesdipstickadvantagetest forof thethe detectionformationof hepatitisof a visibleB surfacespot byantigenprecipitating(HBsAg)
immunocomplexes.

Conjugates of monoclonal antibodies against HBsAg coupled to colloidal
Zone B gold particles are adsorbed to one area of a nitrocellulose strip (zone A in
Fig. 11.14).

Polyclonal antibodies against HBsAg are chemically fixed to another area
Zone A
of the strip (zone B in Fig. 11.14). A drop of human serum is applied to
zone A (Fig. 11.15). The HBsAg antigen in the serum binds to the anti-
body conjugate and the gold–HBsAg immunocomplex migrates along the
Fig. 11.14 Dipstick for the detection strip until it reaches the fixed polyclonal antibodies in zone B. The polyclonal
of HBsAg
antibodies precipitate the gold–HBsAg immunocomplex, and form a vis-
ible red band in zone B (Fig. 11.16). No red band is formed if the serum
does not contain HBsAg.
Nameme Materials and reagents

G Commercially available test kit containing dipsticks, reagents and
controls.

Zone B
Method

1. Label the test strip with the patient’s name and/or number.
Zone A
2. Add a drop of serum to"
C_0356_002,DOC_WHO_2003,P_0356,356,344,2,180,400,1168,2529,220,3d1b8b66a57663786c9ac509e22deead57c02c2315746849c05799d866dd7f67,"not contain HBsAg.
Nameme Materials and reagents

G Commercially available test kit containing dipsticks, reagents and
controls.

Zone B
Method

1. Label the test strip with the patient’s name and/or number.
Zone A
2. Add a drop of serum to zone A as recommended by the manufacturer.

3. Allow the serum fluid to migrate to zone B on the test strip.
Fig. 11.15 Applying a test sample to
the dipstick 4. Inspect zone B after 10–20 minutes for the appearance of a spot indicat-
ing a positive reaction.


11.9 Dipstick test for falciparum malaria

Dipstick tests are also available for the detection of the malarial parasite Name
Plasmodium falciparum. The test described here is based on the detection
by monoclonal antibodies of the species-specific histidine-rich protein II
Zone B (HRP-II) which is expressed by the asexual blood stages and possibly early
gametocyte stages of the parasite.


11.9.1 Materials and reagents
Zone A
G Capillary tubes and rubber bulbs

G Test-tubes
Fig. 11.16 Dipstick test for HBsAg:
positive reaction G Test-tube rack

G Reaction stand

G Commercially available test kit containing dipsticks, test cards, reagents
and controls.

The dipstick is pretreated with a mouse monoclonal antibody against HRP-II which
is applied in a line across the stick about 1cm from its base. A second dotted line of
HRP-II antigen is incorporated"
C_0356_003,DOC_WHO_2003,P_0356,356,344,3,360,416,2284,2628,56,4319e10ca1637cc67304fb46bffec62667422dc38587171d2772b2ac1cc8c6db,"dipsticks, test cards, reagents
and controls.

The dipstick is pretreated with a mouse monoclonal antibody against HRP-II which
is applied in a line across the stick about 1cm from its base. A second dotted line of
HRP-II antigen is incorporated into the dipstick about 2–3mm above the line of
monoclonal antibody as a positive reagent control."
C_0357_001,DOC_WHO_2003,P_0357,357,345,1,0,195,0,1150,195,125854c51d686e7ced4583649c0ddd9d2579a2091f953389f319898733526f4f,"11. Immunological and serological techniques 345



11.9.2 Method

1. Collect a finger-prick sample of blood from the patient.

2. Place one drop of blood into a test-tube containing three drops of lysing reagent
(Fig. 11.17).

3. Place one drop of the lysed blood sample into one of the wells of the test card in
the reaction stand (Fig. 11.18).

4. Place the dipstick in the lysed blood until all the blood has been absorbed (Fig.
11.19).

5. Apply one drop of detection reagent to the base of the dipstick (Fig. 11.20).
This reagent consists of a suspension of micelles (phospholipid vesicles) con-
taining sulfo-rhodamine B as a marker coupled to rabbit antibody raised against
HRP-II.

6. When the reagent has been absorbed, apply two drops of washing reagent to
clear the lysed blood (Fig. 11.21).

If the result is positive a thin red line will be left across the dipstick with a broken
line (the reagent control) above it.





Fig. 11.17 Adding a blood sample to Fig. 11.18 Applying the blood sample to the
lysing reagent test card





Fig. 11.19 Placing the dipstick in the Fig. 11.20 Applying detection reagent to the
lysed blood dipstick"
C_0358_001,DOC_WHO_2003,P_0358,358,346,1,0,220,0,1446,220,d673fd0c814793a9fb0060160d5b130a2124d6da369f18c0ae7e496e61108d6a,"346 Manual of basic techniques for a health laboratory




If the result is negative only the broken line is seen.

The whole test takes less than 10 minutes.

Current studies indicate that the test has a sensitivity and a specificity
of 86–95% when compared with standard light microscopy carried
out by experienced technicians. A similar test for P. vivax is under
development.


11.10 Tests for syphilis infection

Syphilis is caused by Treponema pallidum. There are four stages of
syphilis infection: primary, secondary, latent and tertiary, and a
special condition of maternal–fetal transmission termed congenital
syphilis. Immune responses to syphilis can be grouped into two
categories: non-specific (or reaginic) and specific.

Fig. 11.21 Clearing the lysed blood with The non-specific reagin is of the IgM class and reacts with an
washing reagent
alcoholic extract of beef heart known as cardiolipin (a phospholipid).
Since the reaginic antibody lacks specificity, it shows up in many other conditions
and disease states unrelated to treponemal infection. In these cases false-positive
reactions can occur. Specific antibodies to treponemes (both to T. pallidum and to
nonpathogenic treponemes) of the normal bacterial flora of the oral or genital tract
can also develop. These antibodies are of the IgG class and remain detectable
throughout the life of the patient despite treatment. Routine tests for syphilis include
the rapid plasma"
C_0358_002,DOC_WHO_2003,P_0358,358,346,2,180,400,1204,2594,220,959d67681126cf4580a1b6096c8a1968794efa2ad97f081db0988b16cb224685,"of the normal bacterial flora of the oral or genital tract
can also develop. These antibodies are of the IgG class and remain detectable
throughout the life of the patient despite treatment. Routine tests for syphilis include
the rapid plasma reagin (RPR) test, the fluorescent treponemal antibody-absorbed
(FTA-Abs) test and the T. pallidum haemagglutination (TPHA) test.


Principle

RPR test

The RPR test has replaced the Venereal Disease Research Laboratory (VDRL)
test, as a rapid screening test for the following reasons:

G There is no need for daily preparation of reagents.

G No microscope is required.

G Heat inactivation of serum is not required.

The RPR test uses the VDRL antigen modified with choline chloride to inactivate
complement, and charcoal particles to allow the results of the reaction to be read
without a microscope. The RPR test can also be applied as a semi-quantitative test.


FTA-Abs test

The FTA-Abs test is used in the confirmation of syphilis. In the first step of the
test, serum is diluted in a concentrated culture filtrate of Reiter treponemes to
absorb any antibodies to nonpathogenic treponemes. The serum is then layered
over a glass slide on which killed T. pallidum organisms (Nichols strain) have been
affixed. The slide is incubated, washed and overlaid with a fluorescent-labelled anti-
human immunoglobulin antibody. If the test result is"
C_0358_003,DOC_WHO_2003,P_0358,358,346,3,360,501,2333,3210,141,125bb844cfd3d2c643efe989542ca72dba5e060309b095019b6a8951a5461118,"treponemes. The serum is then layered
over a glass slide on which killed T. pallidum organisms (Nichols strain) have been
affixed. The slide is incubated, washed and overlaid with a fluorescent-labelled anti-
human immunoglobulin antibody. If the test result is positive the treponemes will
fluoresce.

This indirect immunofluorescence technique is highly sensitive in all stages of syphi-
lis, especially in the very early and very late stages. Once positive this test remains
positive for the life of the patient. It is not used as a screening test for syphilis
because it does not detect reinfection and it is time-consuming and costly (a fluor-
escence microscope with a dark-field condenser is required).

The results of a test for syphilis must be interpreted according to the type(s) of test
employed and the stage of the disease the patient has reached. Remember that a"
C_0359_001,DOC_WHO_2003,P_0359,359,347,1,0,220,0,1435,220,dc0e17a1feef1d0538b8e6d4d7e4cd2db21aa9f1ffeeda28b3703ed90b224f62,"11. Immunological and serological techniques 347




positive result from a screening test for syphilis may be due to other heterophile
antibodies, faulty technique or to the presence of other treponemal antibodies. A
negative result may mean one of the following:

G The infection is too recent to have produced detectable levels of antibodies.

G The test is temporarily non-reactive because of treatment the patient is
receiving.

G The test has been rendered temporarily non-reactive because the patient has
consumed alcohol prior to testing.

G The disease is latent or inactive.

G The patient has not produced protective antibodies because of immunological
tolerance.

G The technique is faulty.

Weakly positive results may be due to:

— very early infection;

— lessening of the activity of the disease after treatment;

— nonspecific immunological reactions;

— incorrect technique.

The greatest value of the non-treponemal tests is in screening following therapy
and in the detection of reinfection.


TPHA test

The TPHA test is also used in the confirmation of syphilis. In the first step of the
test, diluted serum is mixed with absorbing diluent containing non-pathogenic Reiter
treponemes. The serum is then transferred to a microtitre plate and erythrocytes
sensitized with killed T. pallidum organisms (Nichols strain) are added. If the test
result is positive the erythrocytes will form a smooth mat of agglutinated"
C_0359_002,DOC_WHO_2003,P_0359,359,347,2,180,332,1162,2099,152,75bd73cdd5b2e69a30d8ed966ac3d6d173396f3df1e06ea9b7fb0f8582eee1ad,"containing non-pathogenic Reiter
treponemes. The serum is then transferred to a microtitre plate and erythrocytes
sensitized with killed T. pallidum organisms (Nichols strain) are added. If the test
result is positive the erythrocytes will form a smooth mat of agglutinated cells.


11.10.1 RPR test

Materials and reagents1

G Test plates

G Disposable Pasteur pipettes

G Serological pipette

G Test-tubes, 75mm ¥ 12mm

G Test-tube rack

G Rotator

G RPR antigen

G Negative, weak-positive and strongly positive controls

G Sodium chloride, 0.85% solution (reagent no. 53).

The above reagents are usually supplied as part of a test kit.


Method

1. Bring the test and control sera and RPR antigen to room temperature.

2. Dispense one drop of each of the test and control sera on to the test plates and
spread carefully in the individual wells.



1 Note: The reagents for the RPR test should be stored at 2–6 °C in the refrigerator."
C_0360_001,DOC_WHO_2003,P_0360,360,348,1,0,220,0,1370,220,a46d4499e9099cad6a64862e2a19e7642a63002bc2d4ac6205b8a0416735f7fb,"348 Manual of basic techniques for a health laboratory





Fig. 11.22 RPR test


3. Add one drop of RPR antigen to each well of the test plates.

4. Place the test plates on the rotator and rotate for 8 minutes at 100rpm. (The
recommended speed is between 95 and 105rpm and this should be checked
daily as part of quality control.)

If a mechanical rotator is not available, tilt the plates back and forth and rotate
the plates carefully for 8 minutes at 80–85rpm.

5. Examine the test plates for flocculation (Fig. 11.22) and compare the reactions
of the test sera with those of the controls.

6. Prepare a twofold dilution of any positive sera and examine the dilutions
as described in steps 2–5. The highest dilution of serum to give flocculation is
the titre.


11.10.2 TPHA test

Materials and reagents

G Test-tubes

G Test-tube rack

G Commercially available TPHA test kit containing microtitre plates, micropipettes
(with disposable tips), absorbing diluent, erythrocytes sensitized with T. pallidum,
unsensitized erythrocytes, positive and negative control sera

G Distilled water.

The reagents and controls should be reconstituted before use according to the
manufacturer’s instructions.


Method

1. Dilute the test and control sera 1:20 with absorbing diluent.

2. Using a micropipette, dispense 25ml of the negative control serum into wells 1
and 2 of the"
C_0360_002,DOC_WHO_2003,P_0360,360,348,2,180,332,1119,1964,152,b1896f162bb93809fd3e9ab55d4e079b7fec16fd5f6d5e967f45e40a00f2e789,"should be reconstituted before use according to the
manufacturer’s instructions.


Method

1. Dilute the test and control sera 1:20 with absorbing diluent.

2. Using a micropipette, dispense 25ml of the negative control serum into wells 1
and 2 of the first horizontal row of the microtitre plate (A in Fig. 11.23).

3. Dispense 25ml of the positive control serum into wells 1 and 2 of the second
horizontal row of the microtitre plate (B in Fig. 11.23).

4. Dispense 25ml of the first test serum into wells 1 and 2 of the third horizontal
row of the microtitre plate (C in Fig. 11.23). Repeat the procedure with the
remaining test sera. If necessary, use the adjacent wells (e.g. 3 and 4 in Fig.
11.23).

5. Add 75ml of the control erythrocytes to the wells in the first vertical row (1) and
every other row (3, 5, 7, 9 and 11), as appropriate."
C_0361_001,DOC_WHO_2003,P_0361,361,349,1,0,202,0,1169,202,73371cd19d69018cb3433905c3b9eef429a563657bae23438df438cb1c36fca3,"11. Immunological and serological techniques 349





Fig. 11.23 Test plate for the TPHA test


6. Add 75ml of the sensitized erythrocytes to the wells in the second vertical row
(2) and every other row (4, 6, 8, 10 and 12), as appropriate.

7. Rotate the plates carefully, cover and leave to stand at room temperature for the
time recommended by the manufacturer. The plates should be protected from
vibration, radiant heat and direct sunlight.

8. Place the plates carefully on a white background or a sintered glass plate illumi-
nated from below or a viewing device that allows the sedimentation pattern to be
seen from below through a mirror.

If the result is positive a smooth mat of agglutinated cells will be seen. The cells
may be surrounded by a red circle, or may even cover the entire base of the well. If
the result is negative a compact red button of non-agglutinated cells will be seen,
with or without a very small hole in its centre.

If the result is doubtful (borderline) a button of non-agglutinated cells with a small
hole in its centre will be seen.

Note: The results should be interpreted according to the criteria provided by the
manufacturer."
C_0362_001,DOC_WHO_2003,P_0362,362,350,1,0,220,0,1369,220,a9ec5a9152771a301772faeaa0775bcd63265182c99ded21ab3ecd200619a7b4,"350 Manual of basic techniques for a health laboratory

ANNEX Reagents and their
preparation





Order

Reagents are listed in alphabetical order. For example:

acetic acid is under A
brilliant cresyl blue is under B
carbol fuchsin is under C
hydrochloric acid is under H
sodium carbonate is under S

Each reagent has a number which appears after the name (the numbers are given in
the techniques).

q.s. = the quantity required to make up a certain volume

For example: sodium chloride 8.5g
distilled water q.s. 1000ml

This means:

Place 8.5g of sodium chloride in a volumetric flask. Add enough water (q.s.) to
obtain a total volume of 1000ml.


Chemical formulae

In most cases the chemical formulae of the compounds used are given immediately
after the English names:

— sodium chloride (NaCl)

— potassium hydroxide (KOH)

— sulfuric acid (H2SO4)
etc.

This can be useful when checking the label on the bottle.


Acetic acid, 50g/l (5%) solution (No. 1)
Glacial acetic acid (CH3COOH) 20ml
Distilled water q.s. 200ml

Label the bottle “ACETIC ACID 5% SOLUTION” and write the date.

Warning: Glacial acetic acid is highly corrosive.


Acetic acid, 100g/l (10%) solution (No. 2)
Glacial acetic acid (CH3COOH) 20ml
Distilled water q.s. 200ml

Label the bottle “ACETIC ACID 10% SOLUTION” and write the date.

Warning: Glacial acetic acid is highly corrosive.





350"
C_0363_001,DOC_WHO_2003,P_0363,363,351,1,0,220,0,1486,220,082be0c5cc9c7e0a51500d955b9c86ccee38f70c2836e44280967e859159c3d3,"Annex. Reagents and their preparation 351



Acetic acid, 500g/l (50%) solution (No. 3)
Glacial acetic acid (CH3COOH) 100ml
Distilled water q.s. 200ml

Label the bottle “ACETIC ACID 50% SOLUTION” and write the date.

Warning: Glacial acetic acid is highly corrosive.


Acetone–ethanol decolorizer for Gram stain (No. 4)

Acetone 200ml
Absolute ethanol 475ml
Distilled water 25ml

Mix the acetone, ethanol and distilled water and transfer to a clean glass-stoppered
bottle. Label the bottle “ACETONE–ETHANOL DECOLORIZER” and write
the date.


Acid–ethanol for Ziehl–Neelsen stain (No. 5)

Hydrochloric acid (HCl), concentrated 3ml
Ethanol (CH3CH2OH), 95% 97ml
Label the bottle “ACID–ETHANOL FOR ZIEHL–NEELSEN STAIN” and write
the date.

Warning: Hydrochloric acid is highly corrosive.


Acid reagent (No. 6)
Concentrated sulfuric acid (H2SO4) 44ml
Orthophosphoric acid (H3PO4), 85% 66ml
Cadmium sulfate 1.6g
Thiosemicarbazide 50mg
Distilled water q.s. 500ml

Half fill a 500-ml flask with distilled water, add the sulfuric acid very slowly, stir-
ring constantly, and follow with the orthophosphoric acid. Continue mixing the
solution and add the thiosemicarbazide and then the cadmium sulfate. Make up
the volume to 500ml with distilled water. Transfer the reagent to a brown bottle.
Label the bottle “ACID REAGENT” and write the date. Store at 2–8°C.

The reagent will keep for at least 6 months at 2–8 °C.

Warning: Sulfuric acid is highly corrosive.


Albert stain (No. 7)

Toluidine"
C_0363_002,DOC_WHO_2003,P_0363,363,351,2,180,298,1257,1962,118,064f432daeabaf59756957b214b417c99bef8ee62ac74e7d3eb41beaaec2a888,"reagent to a brown bottle.
Label the bottle “ACID REAGENT” and write the date. Store at 2–8°C.

The reagent will keep for at least 6 months at 2–8 °C.

Warning: Sulfuric acid is highly corrosive.


Albert stain (No. 7)

Toluidine blue 0.15g
Malachite green 0.20g
Glacial acetic acid (CH3COOH) 1ml
Ethanol (CH3CH2OH), 96% 2ml
Distilled water q.s. 100ml

Dissolve the glacial acetic acid in 30ml of distilled water in a clean 100-ml bottle.
Add the toluidine blue and malachite green and mix well. Add the ethanol and
make up the volume to 100ml with distilled water. Mix well. Label the bottle
“ALBERT STAIN” and write the date. Store at room temperature.

Warning: Glacial acetic acid is highly corrosive."
C_0364_001,DOC_WHO_2003,P_0364,364,352,1,0,220,0,1404,220,de862b4a0979aaf2dd407c5952dde55357c999601e488cefe1837f889850fbe7,"352 Manual of basic techniques for a health laboratory



Alkaline haematin D reagent (No. 8)

Sodium hydroxide (NaOH) 4g
Triton X-100 (or equivalent) 25g
Distilled water 1000ml

Dissolve the sodium hydroxide in the distilled water in a clean conical flask. Stir
using a glass rod until the crystals have completely dissolved. Add the Triton X-100
(or equivalent) and mix well. Filter the solution into a clean glass-stoppered rea-
gent bottle, using Whatman No. 1 (or equivalent) filter-paper. Label the bottle
“ALKALINE HAEMATIN D REAGENT” and write the date. Store at room tem-
perature (20–25°C).

Check the quality of the solution (see below).

Alkaline haematin D (AHD) reagent will keep for several months at 20–25°C. If a
precipitate forms during storage, the reagent should be filtered before use.

Note: Use filtered rainwater if distilled water is not available.


Quality control of alkaline haematin D reagent

An alkaline haematin D standard solution (AHD standard) supplied by the central
laboratory is used to test the quality of new batches of AHD reagent in peripheral-
level laboratories.

1. Fill a clean cuvette with distilled water. Place the cuvette in the cuvette chamber
and adjust the haemoglobinometer or colorimeter to read zero at 540nm
wavelength.

2. Replace the distilled water with AHD reagent. The haemoglobinometer or colo-
rimeter should read zero.

3. Pipette 20ml of"
C_0364_002,DOC_WHO_2003,P_0364,364,352,2,180,387,1148,2521,207,06179b60966d6339dfd5262e7db897c2651b7bb1a6837133427192398f8dcbb5,"water. Place the cuvette in the cuvette chamber
and adjust the haemoglobinometer or colorimeter to read zero at 540nm
wavelength.

2. Replace the distilled water with AHD reagent. The haemoglobinometer or colo-
rimeter should read zero.

3. Pipette 20ml of AHD standard into a test-tube containing 3ml of the freshly
prepared AHD reagent (1:150 dilution).

4. Measure the haemoglobin concentration of the AHD standard (see section 9.3.2).

5. Repeat the procedure using the previous batch of AHD reagent. Compare the
results.

6. If the haemoglobin values differ by more than 5g/l, discard the freshly prepared
AHD reagent and prepare a new batch, paying attention to accurate measure-
ment of the constituents and the cleanliness of the glassware.

The AHD standard stock solution will keep for 8 months at 4–8°C.


Amies transport medium (No. 9)

Charcoal, pharmaceutical grade 10.0g
Sodium chloride (NaCl) 3.0g
Disodium hydrogen phosphate (Na2HPO4·2H2O) 1.15g
Potassium dihydrogen phosphate (KH2PO4) 0.20g
Sodium thioglycollate 0.10g
Calcium chloride (CaCl2), anhydrous 0.10g
Magnesium chloride (MgCl2) 0.10g
Agar 4.00g
Distilled water 1000ml

Suspend the mixture of salts in the distilled water. Add the agar and heat until the
agar has completely dissolved. Add the charcoal. Dispense into small tubes or bot-
tles while stirring to keep the charcoal evenly suspended."
C_0365_001,DOC_WHO_2003,P_0365,365,353,1,0,220,0,1499,220,f6ff4136d9b024408b201dd4d49b9bb9a0460fc86e470b2319b023158989cad8,"Annex. Reagents and their preparation 353




Sterilize by autoclaving at 120°C for 15min. Cool immediately in cold water to
keep the charcoal evenly suspended. Label the tubes or bottles “AMIES TRANS-
PORT MEDIUM” and write the date.

Amies transport medium is also available commercially.


Benedict solution (No. 10)
Copper sulfate (CuSO4·5H2O) 17.3g
Trisodium citrate (Na3C6H5O7·2H2O) 173g
Sodium carbonate (Na2CO3), anhydrous 100g
Distilled water q.s. 1000ml

Dissolve the copper sulfate crystals by heating in 100ml of distilled water.

Dissolve the trisodium citrate and the sodium carbonate in about 800ml of
distilled water. Add the copper sulfate solution slowly to the sodium carbonate/
trisodium citrate solution, stirring constantly. Make up the volume to 1000ml with
distilled water. Transfer the solution to a glass-stoppered bottle. Label the bottle
“BENEDICT SOLUTION” and write the date.


Blank reagent (No. 11)
Trichloroacetic acid (CCl3COOH), 50g/l (5%) solution
(5g in 100ml of distilled water; see No. 62) 50ml
Distilled water q.s. 100ml

Mix. Transfer the solution to a glass-stoppered bottle. Label the bottle “BLANK
REAGENT” and write the date. Store at room temperature (20–25°C).

The reagent will keep for several months at 20–25°C.

Warning: Trichloroacetic acid is highly corrosive.


Boric acid, saturated solution (No. 12)

Boric acid 4.8g
Distilled water q.s. 1000ml

Store in a glass-stoppered bottle. Label the bottle “BORIC ACID SATURATED
SOLUTION” and write the"
C_0365_002,DOC_WHO_2003,P_0365,365,353,2,180,298,1226,2064,118,94045dd954533131606e828350dc2ea7fa0caccfc978f7cc2abc5513880cb91d,"keep for several months at 20–25°C.

Warning: Trichloroacetic acid is highly corrosive.


Boric acid, saturated solution (No. 12)

Boric acid 4.8g
Distilled water q.s. 1000ml

Store in a glass-stoppered bottle. Label the bottle “BORIC ACID SATURATED
SOLUTION” and write the date.


Brilliant cresyl blue (No. 13)

Brilliant cresyl blue 1.0g
Trisodium citrate (Na3C6H5O7·2H2O) 0.4g
Sodium chloride (NaCl), 8.5g/l (0.85%) solution
(No. 53) 100ml

Dissolve the dye and the trisodium citrate together in the sodium chloride solution.
Filter the solution obtained into a staining bottle. Label the bottle “BRILLIANT
CRESYL BLUE” and write the date.


Buffered glycerol saline (No. 14)

Sodium chloride (NaCl) 4.2g
Dipotassium hydrogen phosphate (K2HPO4),
anhydrous 3.1g
Potassium dihydrogen phosphate (KH2PO4),
anhydrous 1.0g
Phenol red 0.003g"
C_0366_001,DOC_WHO_2003,P_0366,366,354,1,0,220,0,1465,220,5994b4c1205ae5204ffd95957a558f0d1daafcbdd473accb6fc77c58db09aa37,"354 Manual of basic techniques for a health laboratory




Distilled water 700ml
Glycerol (C3H8O3) 300ml
Final pH = 7.2

Dispense the solution into bijou bottles so that there is only a 2-cm gap between
the top of the medium and the top of the bottles. Label the bottles “BUFFERED
GLYCEROL SALINE” and write the date.


Buffered water, pH 7.2 (No. 15)

Buffer solution for May–Grünwald, Giemsa and Leishman stains.

Disodium hydrogen phosphate (Na2HPO4·2H2O) 3.8g
Potassium dihydrogen phosphate (KH2PO4),
anhydrous 2.1g
Distilled water q.s. 1000ml

Dissolve the salts in the distilled water, stirring well. Check the pH using narrow-
range pH papers; it should be 7.0–7.2.

Transfer the solution to a glass-stoppered bottle. Label the bottle “BUFFERED
WATER” and write the date.


Carbol fuchsin solution for Ziehl–Neelsen stain (No. 16)

Solution A (saturated solution of basic fuchsin):

Basic fuchsin 3g
Ethanol (CH3CH2OH), 95% 100ml
Solution B (phenol aqueous solution, 50g/l (5%)):

Phenol (C6H5OH) 10g
Distilled water q.s. 200ml

Mix 10ml of solution A with 90ml of solution B. Transfer the resulting mixture to
a glass-stoppered bottle. Label the bottle “CARBOL FUCHSIN SOLUTION”
and write the date.

Warning: Phenol is highly corrosive and poisonous.


Cary–Blair transport medium (No. 17)

Sodium thioglycolate 1.5g
Disodium hydrogen phosphate (Na2HPO4),
anhydrous 1.1g
Sodium chloride (NaCl) 5.0g
Agar 5.0g
Distilled water 991.0ml

Add the salts, agar and"
C_0366_002,DOC_WHO_2003,P_0366,366,354,2,180,300,1177,1954,120,c739ae4051ab0989dab779c5e5caad566478228169d14c8e962235945da98fdf,"SOLUTION”
and write the date.

Warning: Phenol is highly corrosive and poisonous.


Cary–Blair transport medium (No. 17)

Sodium thioglycolate 1.5g
Disodium hydrogen phosphate (Na2HPO4),
anhydrous 1.1g
Sodium chloride (NaCl) 5.0g
Agar 5.0g
Distilled water 991.0ml

Add the salts, agar and distilled water to a clean 1000-ml beaker and mix. Heat
while mixing until the solution becomes clear. Cool to 50 °C, add 9 ml of freshly
prepared aqueous calcium chloride (CaCl2), 10 g/l (1%) solution, and adjust the
pH to about 8.4.

Dispense the solution in 7-ml volumes into previously rinsed and sterilized 9-ml
screw-capped vials. Autoclave the vials containing the media for 15 minutes, cool,
and tighten the caps.

Label the vials “CARY–BLAIR TRANSPORT MEDIUM” and write the date."
C_0367_001,DOC_WHO_2003,P_0367,367,355,1,0,220,0,1435,220,98ce7df23b118147cc5e765e80a5387c1897f9fddd9231ff2b365ea8aa2bb5c7,"Annex. Reagents and their preparation 355



Crystal violet, modified Hucker (No. 18)

Solution A

Crystal violet 2.0g
Ethanol (CH3CH2OH), 95% 20ml
Solution B

Ammonium oxylate ((NH4)2CO4·H2O) 0.8g
Distilled water 80ml

Mix solutions A and B. Store for 24 hours before use. Filter into a staining bottle.
Filter the stain solution into a staining bottle. Label the bottle “CRYSTAL VIO-
LET, MODIFIED HUCKER” and write the date.


Delafield’s haematoxylin stain (No. 19)

Haematoxylin 4.0g
Ammonium alum 8.0g
Potassium permanganate 0.2g
Absolute ethanol 125ml
Distilled water 410ml

Warm the ethanol by placing the beaker in a bowl of hot water. Add the haematoxy-
lin and stir until it has dissolved. Allow the solution to cool, then filter.

Add the ammonium alum to 400ml of distilled water (warmed to 40°C) and stir
until it has dissolved. Add the solution to the filtered haematoxylin solution and
mix well.

Dissolve the potassium permanganate in 10ml of distilled water and add this solu-
tion to the stain solution. Mix well. Transfer the stain solution to a staining bottle.
Label the bottle “DELAFIELD’S HAEMATOXYLIN STAIN” and write the date.
Store at room temperature (20–25°C).

The stain will keep for several months at 20–25°C.


Dichromate cleaning solution (No. 20)

For cleaning glassware.

Potassium dichromate (K2Cr2O7) 100g
Concentrated sulfuric acid (H2SO4) 100ml
Distilled water 1000ml

Dissolve the dichromate in"
C_0367_002,DOC_WHO_2003,P_0367,367,355,2,180,349,1143,2309,169,a32be5a387f9b97aa015722e159be0d33ba042051df7318841507bd577c6958f,"the date.
Store at room temperature (20–25°C).

The stain will keep for several months at 20–25°C.


Dichromate cleaning solution (No. 20)

For cleaning glassware.

Potassium dichromate (K2Cr2O7) 100g
Concentrated sulfuric acid (H2SO4) 100ml
Distilled water 1000ml

Dissolve the dichromate in the distilled water. Add the acid gradually, stirring con-
stantly. The acid must always be added to the water, not the water to the acid.
Transfer the solution to a glass-stoppered bottle. Label the bottle “DICHROMATE
CLEANING SOLUTION” and write the date.

Warning: Since potassium dichromate and sulfuric acid are both corrosive and the
mixture even more so, use the solution as seldom as possible.


Drabkin diluting fluid (No. 21)

Drabkin diluting fluid can be prepared from commercially available reagent tab-
lets. The instructions for its preparation are supplied by the manufacturer.

For laboratories equipped with an accurate balance, Drabkin diluting fluid can be
prepared as follows:

Potassium ferricyanide (K3Fe(CN)6) 0.40g
Potassium cyanide (KCN) 0.10g
Potassium dihydrogen phosphate (KH2PO4) 0.28g
Sterox SE (or equivalent) 1ml
Distilled water q.s. 2000ml"
C_0368_001,DOC_WHO_2003,P_0368,368,356,1,0,220,0,1357,220,ccd7b647bd164ef3b50e7e2bf59225bbcb7cc9c2456489216c326c71cc10c9f4,"356 Manual of basic techniques for a health laboratory




Dissolve the first three chemicals in the distilled water and mix. Add the detergent
and mix gently. The reagent should be clear and pale yellow in colour. When mea-
sured against water as blank in a spectrophotometer at a wavelength of 540nm, the
absorbance should be zero. Transfer the diluting fluid to a brown bottle. Label the
bottle “DRABKIN DILUTING FLUID” and write the date. If the reagent ap-
pears cloudy, discard.

Warning: Potassium cyanide is a highly poisonous chemical and should be used
only by experienced chemists. When not in use it should be kept in a locked cup-
board. After using the chemical, wash your hands thoroughly.


EDTA dipotassium salt, 100g/l (10%) solution (No. 22)

Dipotassium ethylenediaminetetraacetate
(potassium edetate) 20g
Distilled water q.s. 200ml

For use, pipette 0.04ml of this solution into small containers marked to hold 2.5ml
of blood. Allow the anticoagulant to dry by leaving the containers overnight on a
warm bench or in an incubator at 37°C.


Eosin, 10g/l (1%) solution (No. 23)

Eosin 1g
Distilled water q.s. 100ml

Label the bottle “EOSIN 1% SOLUTION” and write the date.


Eosin, 20g/l (2%) solution in saline (No. 24)

Eosin 2g
Sodium chloride (NaCl), 8.5g/l (0.85%)
solution (No. 53) q.s. 100ml

Label the bottle “EOSIN 2% SOLUTION IN"
C_0368_002,DOC_WHO_2003,P_0368,368,356,2,180,352,1117,2179,172,16d458f3e6c4e7076c21da13b8cb90008b0dff6914b0f77d6261af83366ae5dd,"water q.s. 100ml

Label the bottle “EOSIN 1% SOLUTION” and write the date.


Eosin, 20g/l (2%) solution in saline (No. 24)

Eosin 2g
Sodium chloride (NaCl), 8.5g/l (0.85%)
solution (No. 53) q.s. 100ml

Label the bottle “EOSIN 2% SOLUTION IN SALINE” and write the date.


Field stain (No. 25)
Field stain A

Preparation from prepared powders

Field stain A powder 5g
Distilled water, heated to 80°C q.s. 600ml

Mix until dissolved. Filter when cool into a 1000-ml bottle. Label the bottle “FIELD
STAIN A” and write the date.


Preparation from original stains and chemicals

Methylene blue (medicinal) 1.6g
Azur 1 1.0g
Disodium hydrogen phosphate (Na2HPO4),
anhydrous 10.0g
Potassium dihydrogen phosphate (KH2PO4),
anhydrous 12.5g
Distilled water q.s. 1000ml

Dissolve the two salts in the distilled water. Pour about half of the solution into a
1000-ml bottle containing a few glass beads. Add the stain powders and mix well.
Add the remainder of the solution. Mix well and filter into a clean 1000-ml bottle.
Label the bottle “FIELD STAIN A” and write the date."
C_0369_001,DOC_WHO_2003,P_0369,369,357,1,0,220,0,1466,220,c6add8dfa7fe83fa57266695fedf7728b22a647b2c747e000aaea0c0d9e96157,"Annex. Reagents and their preparation 357



Field stain B

Preparation from prepared powders

Field stain B powder 4.8g
Distilled water, heated to 80°C q.s. 600ml

Mix until dissolved. Filter when cool into a 1000-ml bottle. Label the bottle “FIELD
STAIN B” and write the date.


Preparation from original stain and chemicals

Eosin (yellow water-soluble) 2.0g
Disodium hydrogen phosphate (Na2HPO4),
anhydrous 10.0g
Potassium dihydrogen phosphate (KH2PO4),
anhydrous 12.5g
Distilled water q.s. 1000ml

Dissolve the two salts in the distilled water. Pour into a 1000-ml bottle. Add the
eosin. Mix until dissolved. Filter into a clean 1000-ml bottle. Label the bottle
“FIELD STAIN B” and write the date.

Undiluted, Field stains can be used for as long as they give good results. After
dilution, they should be filtered every 2–3 days.


Fluoride oxalate anticoagulant (No. 26)

Sodium fluoride (NaF) 1.2g
Potassium oxalate (KCOOH) 6.0g
Distilled water q.s. 100ml

For use, pipette 0.1ml of the anticoagulant into small containers, marked to hold
2ml of blood (or CSF).

Warning: Both sodium fluoride and potassium oxalate are poisonous.


Formaldehyde saline (No. 27)
Neutral commercial formaldehyde (CH2O) solution,
at least 37% (formalin) 10ml
Sodium chloride (NaCl), 8.5g/l (0.85%) solution (No. 53) 90ml

Commercial formaldehyde solution is neutralized by adding a few drops of sodium
carbonate, 50g/l (5%) solution (No. 52). Test with pH indicator paper.

Label"
C_0369_002,DOC_WHO_2003,P_0369,369,357,2,180,289,1200,1969,109,20326eb7ffbbd585995cccd48fb9f33f56f785847aa3cb791203b7c78144cc7e,"(CH2O) solution,
at least 37% (formalin) 10ml
Sodium chloride (NaCl), 8.5g/l (0.85%) solution (No. 53) 90ml

Commercial formaldehyde solution is neutralized by adding a few drops of sodium
carbonate, 50g/l (5%) solution (No. 52). Test with pH indicator paper.

Label the bottle “FORMALDEHYDE SALINE” and write the date.

Warning: Formaldehyde is corrosive and poisonous.


Formaldehyde, 10% solution (No. 28)
Commercial formaldehyde (CH2O) solution, at least 37%
(formalin) 100ml
Distilled water 300ml

Transfer the solution to a glass-stoppered bottle. Label the bottle “FORMALDE-
HYDE 10% SOLUTION” and write the date.

Warning: Formaldehyde is corrosive and poisonous.


Giemsa stain (No. 29)

Powdered Giemsa stain 0.75g
Methanol (CH3OH) 65ml
Glycerol (C3H8O3) 35ml"
C_0370_001,DOC_WHO_2003,P_0370,370,358,1,0,220,0,1387,220,def1934be65b1d0d9d9b633a40df306056d0ea776798ef64ecc80443f64ed65e,"358 Manual of basic techniques for a health laboratory




Put the ingredients in a bottle containing glass beads and shake. Shake the bottle
three times a day for 4 consecutive days. Filter into a staining bottle. Label the
bottle “GIEMSA STAIN” and write the date.


Glucose reagents (No. 30)
Trichloroacetic acid, 30g/l (3%) solution
Trichloroacetic acid (CCl3COOH) 15g
Distilled water q.s. 500ml

Weigh the acid out quickly, since it is highly deliquescent. Transfer to a beaker. Add
distilled water to dissolve the chemical. Transfer to a 500-ml flask and make up the
volume to 500ml with distilled water. Label the flask “TRICHLOROACETIC
ACID 3% SOLUTION” and write the date. Keep in the refrigerator.

Warning: Trichloroacetic acid is highly corrosive.


o-Toluidine reagent

Thiourea 0.75g
Glacial acetic acid (CH3COOH) 470ml
o-Toluidine 30ml

Dissolve the thiourea in the glacial acetic acid. (If it is difficult to dissolve, stand the
flask in a bowl of hot water.) Add the o-toluidine and mix well. Transfer the reagent
to a brown bottle. Label the bottle “O-TOLUIDINE REAGENT” and write the
date. Keep at room temperature. Allow to stand for at least 24 hours before use.

Warning: Glacial acetic acid is highly corrosive.


Benzoic acid, 1g/l (0.1%) solution

Benzoic acid 1g
Distilled water q.s. 1000ml

Measure 1000ml of distilled water and heat to just below boiling. Add"
C_0370_002,DOC_WHO_2003,P_0370,370,358,2,180,373,1141,2331,193,7bf863e61e71dbb640cdf7824b5eb1622953720bdd1ae698573f2d7d7906168e,"to stand for at least 24 hours before use.

Warning: Glacial acetic acid is highly corrosive.


Benzoic acid, 1g/l (0.1%) solution

Benzoic acid 1g
Distilled water q.s. 1000ml

Measure 1000ml of distilled water and heat to just below boiling. Add the benzoic
acid and mix well until it is dissolved. Allow to cool. Transfer the solution to a
1000-ml glass-stoppered bottle. Label the bottle “BENZOIC ACID 0.1% SOLU-
TION” and write the date.


Glucose stock reference solution (100mmol/l)

Glucose, pure, anhydrous 9g
Benzoic acid, 1g/l (0.1%) solution q.s. 500ml

Label the flask “GLUCOSE STOCK REFERENCE SOLUTION 100 MMOL/
L” and write the date.

Freeze in quantities of about 100ml. Use a new bottle of frozen stock reference
solution each time the working reference is prepared.


Glucose working reference solutions (2.5, 5, 10, 20 and
25mmol/l)

Allow the glucose stock reference solution to reach room temperature. Carefully
pipette 2.5, 5, 10, 20 and 25ml of the stock reference solution into each of five
100-ml volumetric flasks. Make up to the mark with the benzoic acid solution and
mix well. Label the flasks as above and write the date. Store in a refrigerator. Renew
monthly."
C_0371_001,DOC_WHO_2003,P_0371,371,359,1,0,220,0,1472,220,59be95633eac060520540d04009466aae56506e4497d9ec5d75075a5c5adc56d,"Annex. Reagents and their preparation 359



Glycerol–malachite green solution (No. 31)

1. Prepare a stock solution of malachite green, 1% solution:

Malachite green 1g
Distilled water 100ml

Using a pestle and mortar, grind the malachite green crystals to a powder. Dissolve
1g of the freshly prepared powder in 100ml of distilled water and pour the solution
into a dark bottle. Label the bottle “MALACHITE GREEN 1% SOLUTION”
and write the date. Close the bottle tightly and keep it in the dark.

2. Prepare a working solution of glycerol–malachite green:

Glycerol 100ml
Malachite green, 1% stock solution 1ml
Distilled water 100ml

Add the glycerol, malachite green stock solution and distilled water to a 250-ml
glass-stoppered bottle. Label the bottle “GLYCEROL–MALACHITE GREEN
SOLUTION” and write the date. Mix gently before use.


Hydrochloric acid, 0.01mol/l solution (No. 32)

Hydrochloric acid (HCl), concentrated 8.6ml
Distilled water q.s. 1000ml

Measure out 500ml of distilled water into a 1000-ml glass-stoppered bottle. Add
the acid, drop by drop. Make up to 1000ml with the rest of the distilled water.
Label the bottle “HYDROCHLORIC ACID 0.01 MOL/L SOLUTION” and write
the date. Renew monthly.

Warning: Hydrochloric acid is highly corrosive.


Isotonic saline

See Sodium chloride.


Lactophenol cotton blue mounting solution (No. 33)

Cotton blue (aniline blue) 50mg
Phenol (C6H5OH) crystals 20mg
Lactic acid (CH3CH(OH)COOH) 20ml
Glycerol (C3H8O3) 40ml"
C_0371_002,DOC_WHO_2003,P_0371,371,359,2,180,341,1177,2216,161,5e5f8409a33e31e056c5f03bd66263dba80e53632fbd1c21db59fd84bf7c6ca7,"and write
the date. Renew monthly.

Warning: Hydrochloric acid is highly corrosive.


Isotonic saline

See Sodium chloride.


Lactophenol cotton blue mounting solution (No. 33)

Cotton blue (aniline blue) 50mg
Phenol (C6H5OH) crystals 20mg
Lactic acid (CH3CH(OH)COOH) 20ml
Glycerol (C3H8O3) 40ml
Distilled water 20ml

Add the phenol, lactic acid and glycerol to the distilled water, mix and dissolve by
heating gently. Add the cotton blue and mix. Transfer the solution to a glass-
stoppered bottle. Label the bottle “LACTOPHENOL COTTON BLUE
MOUNTING SOLUTION” and write the date.

Warning: Phenol is highly corrosive and poisonous.


Leishman stain (No. 34)

Leishman powder 1.5g
Methanol (CH3OH) q.s. 1000ml
Rinse out a clean staining bottle with methanol. Add a few clean dry glass beads.
Add the staining powder and methanol and mix well. Label the bottle “LEISHMAN
STAIN” and write the date.

The stain is ready for use the following day. It is important to prevent moisture
from entering the stain during its preparation and storage."
C_0372_001,DOC_WHO_2003,P_0372,372,360,1,0,220,0,1371,220,507deab6a452b00a709a1c0ed693f2384061e238c3228e85e3e741da05c4a73e,"360 Manual of basic techniques for a health laboratory



Loeffler methylene blue (No. 35)

Methylene blue 0.5g
Absolute ethanol (CH3CH2OH) 30ml
Potassium hydroxide (KOH), 200g/l (20%) solution
(No. 45) 0.1ml
Distilled water q.s. 100ml

Dissolve the methylene blue in 30ml of distilled water and transfer the solution to
a clean brown bottle. Add the potassium hydroxide, ethanol and the remainder of
the distilled water and mix well. Label the bottle “LOEFFLER METHYLENE
BLUE” and write the date. Store in a dark place at room temperatures (20–25°C).


Lugol iodine, 1g/l (0.1%) solution (No. 36)

Iodine 1g
Potassium iodide (KI) 2g
Distilled water 300ml

Grind the dry iodine and potassium iodide in a mortar. Add distilled water, a few
millilitres at a time, and grind thoroughly after each addition until the iodine and
iodide dissolve. Rinse the solution into an amber glass bottle with the remainder of
the distilled water.

Alternatively, measure 300ml of distilled water in a cylinder. First dissolve the
potassium iodide in about 30ml of the distilled water. Add the iodine and mix until
dissolved. Add the remainder of the distilled water and mix well. Store in a brown
bottle.

Label the bottle “LUGOL IODINE 0.1% SOLUTION” and write the date.


Lugol iodine, 5g/l (0.5%) solution (No. 37)

Iodine 5g
Potassium iodide (KI) 10g
Distilled water q.s. 300ml

Grind"
C_0372_002,DOC_WHO_2003,P_0372,372,360,2,180,392,1129,2414,212,ee1b8d15959120328abae144eb4a57ad2f80a297672f2ba22442b8b241f01ad8,"the distilled water and mix well. Store in a brown
bottle.

Label the bottle “LUGOL IODINE 0.1% SOLUTION” and write the date.


Lugol iodine, 5g/l (0.5%) solution (No. 37)

Iodine 5g
Potassium iodide (KI) 10g
Distilled water q.s. 300ml

Grind the dry iodine and potassium iodide in a mortar. Add distilled water, a few
millilitres at a time, and grind thoroughly after each addition until the iodine and
iodide dissolve. Rinse the solution into an amber glass bottle with the remainder of
the distilled water.

Alternatively, measure 300ml of distilled water in a cylinder. First dissolve the
potassium iodide in about 30ml of the distilled water. Add the iodine and mix until
dissolved. Add the remainder of the distilled water and mix well. Store in a brown
bottle.

Label the bottle “LUGOL IODINE 0.5% SOLUTION” and write the date.


May–Grünwald stain (No. 38)

May–Grünwald powder 5g
Methanol q.s. 1000ml

Rinse out a clean 1000-ml bottle with methanol. Add a few clean dry glass beads.
Add the staining powder and methanol. Mix well to dissolve the stain. Label the
bottle “MAY-GRÜNWALD STAIN” and write the date.

The stain is improved by keeping for 1–2 weeks, mixing at intervals. It is important
to prevent moisture from entering the stain during its preparation and storage."
C_0373_001,DOC_WHO_2003,P_0373,373,361,1,0,220,0,1354,220,2fd37130e9e242a79ab5d488ce315d45269d2e36a6dbaab46e4fd89a1763a64c,"Annex. Reagents and their preparation 361



Methylene blue solution (No. 39)

Methylene blue 0.3g
Distilled water 100ml

Dissolve the methylene blue in the distilled water. Filter the solution into a clean
brown bottle. Label the bottle “METHYLENE BLUE SOLUTION” and write
the date.


Neutral red, 1g/l (0.1%) solution (No. 40)

Neutral red 1g
Distilled water q.s. 1000ml

Dissolve the neutral red in about 300ml of distilled water in a clean 1000-ml
bottle. Make up the volume to 1000ml with distilled water and mix well. Label
the bottle “NEUTRAL RED 0.1% SOLUTION” and write the date. Store at room
temperature.


Pandy reagent (No. 41)
Phenol (C6H5OH) 30g
Distilled water 500ml

Put the phenol in a 1000-ml bottle. Add the distilled water and shake vigorously.
Label the bottle “PANDY REAGENT” and write the date. Leave to stand for 1
day. Check whether any phenol remains undissolved. If so, filter. (If all the phenol
has dissolved, add a further 10g and wait another day before filtering.) (Pandy
reagent is a saturated solution of phenol.)

Warning: Phenol is highly corrosive and poisonous.


Phenol red, 10g/l (1%) solution (No. 42)

Phenol red crystals 0.1g
Distilled water 10ml
Weigh out the phenol red crystals in a 20-ml beaker. Add the distilled water and stir
until the crystals have dissolved. Transfer the solution to a plastic dropper"
C_0373_002,DOC_WHO_2003,P_0373,373,361,2,180,355,1115,2291,175,71f831a4941b849f932d1cc7ab03e3162a6050b4c14f966b028d323f6067aedd,"10g/l (1%) solution (No. 42)

Phenol red crystals 0.1g
Distilled water 10ml
Weigh out the phenol red crystals in a 20-ml beaker. Add the distilled water and stir
until the crystals have dissolved. Transfer the solution to a plastic dropper bottle.
Label the bottle “PHENOL RED 1% SOLUTION” and write the date. Store at
room temperature (20–25°C).


Phosphate-buffered water, 0.01mol/l, pH 6.8 (No. 43)

1. Prepare a stock solution of anhydrous sodium dihydrogen phosphate in a 1000-
ml volumetric flask:

Sodium dihydrogen phosphate, anhydrous (NaH2PO4) 13.6g
Distilled water q.s. 1000ml

Sterilize the stock solution by filtering it through a 0.2-mm pore size filter. If
anhydrous sodium dihydrogen phosphate is not available, the solution can be
prepared by dissolving 17.2g of sodium dihydrogen phosphate dihydrate
(NaH2PO4·2H2O) in 1000ml of distilled water. Label the volumetric flask “AN-
HYDROUS SODIUM DIHYDROGEN PHOSPHATE” and write the date.
Keep the stock solution in a refrigerator.

2. Prepare a stock solution of disodium hydrogen phosphate in a 1000-ml volu-
metric flask:

Disodium hydrogen phosphate, dihydrate
(Na2HPO4·2H2O) 17.8g
Distilled water q.s. 1000ml"
C_0374_001,DOC_WHO_2003,P_0374,374,362,1,0,220,0,1395,220,b9a7c0e1a4fed587d8a64ec6598c5436238d1fac2182b2aa65b6762677d5290c,"362 Manual of basic techniques for a health laboratory




Sterilize the stock solution by filtering it through a 0.2-mm pore size filter. If
disodium hydrogen phosphate dihydrate is not available, the solution can be
prepared by dissolving 26.8g of disodium hydrogen phosphate, heptahydrate
(Na2HPO4·7H2O) or 35.8g of disodium hydrogen phosphate, dodecahydrate
(Na2HPO4·12H2O). Label the volumetric flask “DISODIUM HYDROGEN
PHOSPHATE STOCK SOLUTION” and write the date. Keep the stock solu-
tion in a refrigerator.

3. Mix the two stock solutions in the amounts shown in the table below to obtain
100ml of buffered water. The pH should be as indicated in the table. If the pH is
too low, adjust it with sodium hydroxide (NaOH), 0.01mol/l solution (No. 54);
if it is too high, adjust it with hydrochloric acid (HCl), 0.01mol/l solution (No.
32).


pH of working solution Volume of stock solution (ml)

NaH2PO4 Na2HPO4·2H2O

6.4 83.2 16.8

6.5 75.0 25.0

6.8 50.8 49.2

6.9 43.9 56.1

7.0 39.0 61.0

7.2 28.0 72.0

7.4 19.9 81.0

7.6 13.0 87.0

7.8 8.5 91.5

8.0 5.3 94.7



Polyvinyl alcohol (PVA) fixative (No. 44)

Note: This should be prepared at an intermediate level laboratory, because of the
dangerous reagents involved.


Modified Schaudinn fixative
Mercuric chloride crystals (HgCl2) 1.5g
Ethanol, 95% 31.0ml
Glacial acetic acid 5.0ml

Dissolve the mercuric chloride in the ethanol in a"
C_0374_002,DOC_WHO_2003,P_0374,374,362,2,180,336,1117,2112,156,a80595da8ccd90cf4e10f50700bfd7d79ef03b00a90c1ec857bdbfe1e2e0b352,"Note: This should be prepared at an intermediate level laboratory, because of the
dangerous reagents involved.


Modified Schaudinn fixative
Mercuric chloride crystals (HgCl2) 1.5g
Ethanol, 95% 31.0ml
Glacial acetic acid 5.0ml

Dissolve the mercuric chloride in the ethanol in a stoppered flask (50 or 125ml) by
swirling at intervals. Add the acetic acid, stopper, and mix by swirling. Label the
flask “MODIFIED SCHAUDINN FIXATIVE” and write the date.

Warning: Mercuric acid is highly poisonous. Glacial acetic acid is highly corrosive.


PVA mixture

Glycerol 1.5ml
PVA powder (low viscosity) 5.0g
Distilled water 52.5ml

In a small beaker, add the glycerol to the PVA powder and mix thoroughly with a
glass rod until all particles appear coated with the glycerol. Scrape the mixture into
a 125-ml flask. Add the distilled water, stopper, and leave at room temperature
(20–25°C) for 3 hours or overnight. Label the flask “PVA MIXTURE” and write
the date. Swirl the mixture occasionally to mix."
C_0375_001,DOC_WHO_2003,P_0375,375,363,1,0,220,0,1407,220,fb02d41c024d8c03a1803bd183c6f27f49dd76a189b37f0fde7071092cdb06c9,"Annex. Reagents and their preparation 363




PVA powder and PVA fixative solutions are available from several commercial
sources. There are many grades of PVA powder on the market, but the grades with
high hydrolysis and low or medium viscosity are most satisfactory for preparing
PVA fixative.


PVA fixative working solution

1. Heat a water-bath (or large beaker of water) to 70–75°C. Adjust the heat to
maintain this temperature range.

2. Place the loosely stoppered flask containing the PVA mixture in the water-bath
for about 10 minutes, swirling frequently.

3. When the PVA powder appears to be mostly dissolved, pour in the modified
Schaudinn fixative solution, restopper and swirl to mix.

4. Continue to swirl the mixture in the water-bath for 2–3 minutes to dissolve the
remainder of the PVA, to allow bubbles to escape, and to clear the solution.

5. Remove the flask from the water-bath and allow it to cool. Store the PVA fixative
in a screw-cap or glass-stoppered bottle. Label the bottle “PVA FIXATIVE” and
write the date. The fixative will keep for 6–12 months.


Potassium hydroxide, 200 g/l (20%) solution (No. 45)

Potassium hydroxide (KOH) pellets 20g
Distilled water q.s. 100ml

Label the volumetric flask “POTASSIUM HYDROXIDE 20% SOLUTION” and
write the date.

Warning: Potassium hydroxide is corrosive.


Potassium permanganate, 40g/l (4%) solution (No. 46)
Potassium permanganate"
C_0375_002,DOC_WHO_2003,P_0375,375,363,2,180,348,1109,2251,168,9e7e12f5f2b284ad3f5c01747ddaedaabddf184811ff1e5a48b375745a8d531f,"g/l (20%) solution (No. 45)

Potassium hydroxide (KOH) pellets 20g
Distilled water q.s. 100ml

Label the volumetric flask “POTASSIUM HYDROXIDE 20% SOLUTION” and
write the date.

Warning: Potassium hydroxide is corrosive.


Potassium permanganate, 40g/l (4%) solution (No. 46)
Potassium permanganate (KMnO4) 40g
Distilled water q.s. 1000ml

Dissolve the potassium permanganate in 300ml of distilled water in a 1000-ml
volumetric flask. Make up the volume to 1000ml with distilled water. Label the
volumetric flask “POTASSIUM PERMANGANATE 4% SOLUTION” and write
the date.


Safranine solution (No. 47)

1. Prepare a stock solution:

Safranine O 2.5g
Ethanol (CH3CH2OH), 95% q.s. 100ml
Mix until all the safranine has dissolved. Transfer the solution to a glass-stoppered
bottle. Label the bottle “SAFRANINE STOCK SOLUTION” and write the date.

2. Prepare a working solution in a glass-stoppered bottle:

Stock solution 10ml
Distilled water 90ml

Label the bottle “SAFRANINE WORKING SOLUTION” and write the date.
Store in the dark.


Saponin, 10g/l (1%) solution (No. 48)

Saponin 1g
Sodium chloride (NaCl), 8.5g/l (8.5%) solution (No. 53) 100ml"
C_0376_001,DOC_WHO_2003,P_0376,376,364,1,0,220,0,1483,220,ae504a541eb33a11d084d36d7e7dae129cd227c50590245bec174a5aac89c3d8,"364 Manual of basic techniques for a health laboratory




Add the sodium chloride solution to a glass bottle. Add the saponin, mix, and heat
until it has completely dissolved.

Label the bottle “1% SAPONIN IN SALINE” and write the date.


Silver nitrate, 17g/l (1.7%) solution (No. 49)
Silver nitrate (AgNO3) 5.1g
Distilled water q.s. 300ml

Mix until all the silver nitrate has dissolved. Label the bottle “SILVER NITRATE
1.7% SOLUTION” and write the date.

Warning: Silver nitrate is caustic.


Sodium bicarbonate, 20g/l (2%) solution (No. 50)
Sodium bicarbonate (NaHCO3) 2g
Distilled water q.s. 100ml

Label the volumetric flask “SODIUM BICARBONATE 2% SOLUTION” and
write the date.


Sodium carbonate, 2gl/l (0.2%) solution (No. 51)
Sodium carbonate (Na2CO3), anhydrous 2g
(or an equivalent quantity of one of the hydrates)
Distilled water q.s. 100ml

Label the volumetric flask “SODIUM CARBONATE 0.2% SOLUTION” and
write the date.


Sodium carbonate, 50g/l (5%) solution (No. 52)
Sodium carbonate (Na2CO3), anhydrous 5g
(or an equivalent quantity of one of the hydrates)
Distilled water q.s. 100ml

Label the volumetric flask “SODIUM CARBONATE 5% SOLUTION” and write
the date.


Sodium chloride, 8.5g/l (0.85%) solution (isotonic saline)
(No. 53)

Sodium chloride (NaCl) 8.5g
Distilled water q.s. 1000ml

Label the volumetric flask “SODIUM CHLORIDE 0.85% SOLUTION” and write
the date.


Sodium citrate

See Trisodium citrate.


Sodium hydrogen carbonate

See Sodium bicarbonate."
C_0376_002,DOC_WHO_2003,P_0376,376,364,2,180,235,1184,1594,55,64116d320dfd62cb32f8b9c5311c7e3490b1830f898e1ad8c78bb7823367e19a,"Sodium chloride, 8.5g/l (0.85%) solution (isotonic saline)
(No. 53)

Sodium chloride (NaCl) 8.5g
Distilled water q.s. 1000ml

Label the volumetric flask “SODIUM CHLORIDE 0.85% SOLUTION” and write
the date.


Sodium citrate

See Trisodium citrate.


Sodium hydrogen carbonate

See Sodium bicarbonate.


Sodium hydroxide, 0.01mol/l solution (No. 54)

Sodium hydroxide (NaOH) pellets 3g
Distilled water q.s. 100ml"
C_0377_001,DOC_WHO_2003,P_0377,377,365,1,0,220,0,1558,220,6d669d83e8adbacf8562d03f25961029aa86154942faa27479d093f14bbe02a0,"Annex. Reagents and their preparation 365




Label the volumetric flask “SODIUM HYDROXIDE 0.01 MOL/L SOLUTION”
and write the date.

Warning: Sodium hydroxide is corrosive.


Sodium metabisulfite, 20g/l (2%) solution (No. 55)
Sodium metabisulfite (Na2S2O5) 0.5g
Distilled water q.s. 25ml

Make up freshly for use.

Label the volumetric flask “SODIUM METABISULFITE 2% SOLUTION” and
write the date.


Stuart transport medium, modified (No. 56)

Agar 4.00g
Distilled water 1000ml

Heat until dissolved and add while hot:

Sodium chloride (NaCl) 3.00g
Potassium chloride (KCl) 0.20g
Disodium hydrogen phosphate (Na2HPO4),
anhydrous 1.15g
Sodium dihydrogen phosphate (NaH2PO4),
anhydrous 0.20g
Sodium thioglycolate 1.00g
Calcium chloride (CaCl2), 10g/l (1%) aqueous
solution (freshly prepared) 10ml
Magnesium chloride (MgCl2), 10g/l (1%)
aqueous solution 10ml

Final pH: 7.3

1. Stir until dissolved and add 10g of neutral charcoal powder.

2. Dispense 5–6ml of medium per 13mm ¥ 10mm screw-capped tube (avoid
crushing).

3. Autoclave at 121°C for 20 minutes. Invert the tubes before the medium solidifies
in order to distribute the charcoal uniformly. Label the tubes “STUART
TRANSPORT MEDIUM, MODIFIED” and write the date. Store in the refrig-
erator.


Sulfosalicylic acid, 30g/l (3%) solution (No. 57)

Sulfosalicylic acid 3g
Distilled water q.s. 100ml

Label the volumetric flask “SULFOSALICYLIC ACID 3% SOLUTION” and write
the date.


TIF (thiomersal–iodine–formaldehyde) fixative (No. 58)

1. Prepare a stock solution:

Tincture of thiomersal, 1:1000 200ml"
C_0377_002,DOC_WHO_2003,P_0377,377,365,2,180,232,1266,1639,52,cdaaf670bb546858d930d9aad2d86c9a9bc4d029a20fca7e78abd471af3e4eeb,"acid, 30g/l (3%) solution (No. 57)

Sulfosalicylic acid 3g
Distilled water q.s. 100ml

Label the volumetric flask “SULFOSALICYLIC ACID 3% SOLUTION” and write
the date.


TIF (thiomersal–iodine–formaldehyde) fixative (No. 58)

1. Prepare a stock solution:

Tincture of thiomersal, 1:1000 200ml
Formaldehyde, 10% solution (No. 28) 25ml
Glycerol 5ml
Distilled water q.s. 250ml"
C_0378_001,DOC_WHO_2003,P_0378,378,366,1,0,220,0,1413,220,649a87e29ee625e2318a447a78db8867c4b5c615c637fb1b3515a3ee91220b8f,"366 Manual of basic techniques for a health laboratory




Transfer the stock solution to a brown bottle. Label the bottle “THIOMERSAL–
FORMALDEHYDE STOCK SOLUTION” and write the date. The stock solu-
tion will keep for up to 3 months.

Warning: Formaldehyde is corrosive and poisonous.

2. On the day of use, mix:

Stock thiomersal solution 9.4ml
Lugol iodine, 50g/l (5%) solution (No. 37) 0.6ml


Trisodium citrate, 20g/l (2%) solution in saline (No. 59)
Trisodium citrate, dihydrate (Na3C6H5O7·2H2O) 2g
Sodium chloride, 8.5g/l (0.85%) solution (No. 53) q.s. 100ml

Keep in the refrigerator.

Label the volumetric flask “TRISODIUM CITRATE 2% SOLUTION IN
SALINE” and write the date.


Trisodium citrate, 32g/l (3.2%) solution (No. 60)

This is used as an anticoagulant.

Trisodium citrate, anhydrous (Na3C6H5O7) 3.2g
(or an equivalent quantity of either the dihydrate
or the pentahydrate)
Distilled water q.s. 100ml

Keep in the refrigerator. Use 1ml of the solution per 4ml of blood.

Label the volumetric flask “TRISODIUM CITRATE 3.2% SOLUTION” and write
the date.


Türk solution (No. 61)
Glacial acetic acid (CH3COOH) 4ml
Methylene blue solution (No. 39) 10 drops
Distilled water q.s. 200ml

Dissolve the glacial acetic acid in 100ml of the distilled water. Add the methylene
blue solution and mix. Transfer the mixture to a 200-ml volumetric flask and make
up the volume to 200ml with distilled water. Label"
C_0378_002,DOC_WHO_2003,P_0378,378,366,2,180,313,1179,2031,133,be9eaf549ac3a95d95d7b4c8cfcdb5374d6856eb2da974c50d5552873b222cc2,"water q.s. 200ml

Dissolve the glacial acetic acid in 100ml of the distilled water. Add the methylene
blue solution and mix. Transfer the mixture to a 200-ml volumetric flask and make
up the volume to 200ml with distilled water. Label the volumetric flask “TURK
SOLUTION” and write the date.

Warning: Glacial acetic acid is highly corrosive.


Urea reagents (No. 62)
Trichloroacetic acid, 50g/l (5%) solution
Trichloroacetic acid (CCl3COOH) 10g
Distilled water q.s. 200ml

Weigh the acid out quickly; it is highly deliquescent. Transfer to a beaker. Add
100ml of distilled water and mix to dissolve the chemical. Transfer the solution to
a 200-ml volumetric flask and make up the volume to 200ml with distilled water.
Label the volumetric flask “TRICHLOROACETIC ACID 5% SOLUTION” and
write the date.

Warning: Trichloroacetic acid is highly corrosive."
C_0379_001,DOC_WHO_2003,P_0379,379,367,1,0,220,0,1406,220,a46b10ddd2fb9af7d848693a9fc44d30e09b0fa362ec718a1d7b9c658d03cbff,"Annex. Reagents and their preparation 367



Diacetyl monoxime stock solution

Diacetyl monoxime (also called 2,3-butanedione
monoxime) 2g
Distilled water q.s. 500ml

Label the volumetric flask “DIACETYL MONOXIME STOCK SOLUTION”
and write the date. The solution will keep for at least 6 months at 2–8 °C.


Colour reagent

Acid reagent (No. 6) 50ml
Diacetyl monoxime reagent 50ml

Mix the acid reagent and stock solution in a 100-ml stoppered flask. Label the flask
“COLOUR REAGENT”. The quantities shown above are sufficient for 33 meas-
urements. The reagent must be prepared daily.


Urea stock reference solution, 125mmol/l

Urea 750mg
Benzoic acid, 1g/l (0.1%) solution (see No. 30) q.s. 100ml

Dissolve the urea in about 20ml of the benzoic acid solution in a 100-ml volumet-
ric flask. Make up the volume to 100ml with benzoic acid solution. Label the flask
“UREA STOCK REFERENCE SOLUTION 125 MMOL/L” and write the date.
Store in a refrigerator. The solution will keep for several months at 2–8 °C.


Urea working reference solution, 10mmol/l

Urea stock reference solution 8ml
Benzoic acid (C7H6O2), 1g/l (0.1%) solution
(see No. 30) q.s. 100ml

Mix the solutions well in a 100-ml volumetric flask. Label the volumetric flask
“UREA WORKING REFERENCE SOLUTION 10 MMOL/L” and write the date.


Wayson stain (No. 63)
Solution A1:
Basic fuchsin 2g
Absolute methanol (CH3OH) 100ml
Solution A2:
Methylene"
C_0379_002,DOC_WHO_2003,P_0379,379,367,2,180,293,1147,1856,113,c48950f534b0972ad8f7dcc90151890c4bd09cce397a12225ecc3e71ec05de8c,"100ml

Mix the solutions well in a 100-ml volumetric flask. Label the volumetric flask
“UREA WORKING REFERENCE SOLUTION 10 MMOL/L” and write the date.


Wayson stain (No. 63)
Solution A1:
Basic fuchsin 2g
Absolute methanol (CH3OH) 100ml
Solution A2:
Methylene blue 7g
Absolute methanol (CH3OH) 100ml
Combine the two solutions to give solution A.

Solution B (phenol, 50g/l (5%) solution):

Phenol (C6H5OH) 100g
Distilled water 2000ml

Add solution A to solution B. The staining properties of Wayson stain improve with
age. Make the stain in large quantities and dispense it in small amounts in to dark
bottles for future use. Label the bottles “WAYSON STAIN” and write the date.

Warning: Phenol is corrosive."
C_0380_001,DOC_WHO_2003,P_0380,380,368,1,0,220,0,1366,220,a90acd9660affa22227e5db70fdfa856ce246365e534aa56a62b59bd1d001371,"368 Manual of basic techniques for a health laboratory



Willis solution (No. 64)

This is a saturated solution of sodium chloride.

Sodium chloride (NaCl) 125g
Distilled water 500ml

Dissolve the sodium chloride by heating the mixture to boiling point. Leave to cool
and stand. Check that some of the salt remains undissolved. If it has all dissolved
add a further 50g. Filter into a corked bottle. Label the bottle “WILLIS SOLU-
TION” and write the date.


Wintrobe solution (No. 65)
Ammonium oxalate (NH4)2C2O4·H2O) 1.2g
Potassium oxalate (K2C2O4·H2O) 0.8g
Distilled water q.s. 100ml

Dissolve the two salts in 50ml of distilled water in a 100-ml volumetric flask.
Make up the volume to 100ml with distilled water. Label the volumetric flask
“WINTROBE SOLUTION” and write the date.

Put 0.5ml of this mixture in each 5-ml bottle used for the collection of blood.
Leave the open bottles to dry at room temperature or, preferably, place them in an
incubator at 37°C.


Zenker fixative (No. 66)
Potassium dichromate (K2Cr2O7) 2.5g
Mercuric chloride (HgCl2) 5.0g
Sodium sulfate (Na2SO4) 1.0g
Distilled water q.s. 100ml

Just before use, add 5ml of glacial acetic acid to the solution.

Dissolve the three salts in 50ml of distilled water in a 100-ml volumetric flask.
Make up the volume to 100ml with distilled water. Label the volumetric flask
“ZENKER FIXATIVE” and"
C_0380_002,DOC_WHO_2003,P_0380,380,368,2,180,249,1132,1560,69,fb71ed594e916a542e3d702515e20ff576ac846bb004efd9143d7ee0ab6d0866,"use, add 5ml of glacial acetic acid to the solution.

Dissolve the three salts in 50ml of distilled water in a 100-ml volumetric flask.
Make up the volume to 100ml with distilled water. Label the volumetric flask
“ZENKER FIXATIVE” and write the date.

Warning: Glacial acetic acid is highly corrosive and mercuric chloride is highly
poisonous. This fixative should be made up by fully qualified and experienced
technicians only."
C_0381_001,DOC_WHO_2003,P_0381,381,369,1,0,220,0,1668,220,a93ca4c70e94c68adda4c521f596dd27d90a224cefcf7f9f60128675fe8d5e2d,"Index





Note: Page numbers in bold refer to main entries; italicized page numbers refer to
illustrations.

Acids Antigens 329–330
corrosive injuries from 98–99 antibody interactions 330
handling precautions 97 immunochemical techniques 330–335
Acquired immunodeficiency syndrome tests 331–336, 336–349, 344–346,
(AIDS) (see also Human 348–349
immunodeficiency virus) 313, Anti-streptolysin O test (ASOT)
320 336–338
“Actinomycetes”, identification 200, Applicators, wooden 36
201, 204 Ascaris lumbricoides (roundworm) 106
African trypanosomiasis 182–192, adults 146, 147
184–187, 259–260, 260, 263 eggs 126, 127–128, 133, 133, 152
Agglutination techniques 333–334, ASOT, see Anti-streptolysin O test
333–334, 336, 336, 339 Aspiration
CATT 188–192, 189–192 body cavity fluids 218–220
AHD, see Alkaline haematin D buboes 218, 219
AIDS, see Acquired immunodeficiency lymph nodes 183–185, 184–185
syndrome Assays, immunology 330–331, 330–331,
Albert stain 201, 201–202, 351 343–344
Albumin, urine 237 Autoclaves 33, 86–87, 86–88
Alcohols, disinfection 85
Alembics, distilled water 25, 25 Bacillus anthracis 204, 204, 219
Alkaline haematin D (AHD) 276–279, Bacteria 197–224
352 anthrax 220
Alkalis body cavity fluids 218–220
corrosive injuries from 99–100 diarrhoeal diseases 105
handling precautions 97 leprosy 220–224, 221–223
Allen & Ridley sedimentation smears 199–201
technique 153–154, 154 sputum/throat specimens 204–207,
Amies transport medium 352–353 205–207
Amoebae 105 staining techniques 199–201,
cysts 118–120, 119–121, 123 199–204, 204
motile forms 111–114, 113–115 stool specimens 216–218, 217
pathogenicity 111 urine specimens 240, 249–254,
Anaemias 284,"
C_0381_002,DOC_WHO_2003,P_0381,381,369,2,180,349,1356,2639,169,5eca6dd740258a15c075cb8bd04e4839c3075bb50e84099655329d8c963d3bef,"smears 199–201
technique 153–154, 154 sputum/throat specimens 204–207,
Amies transport medium 352–353 205–207
Amoebae 105 staining techniques 199–201,
cysts 118–120, 119–121, 123 199–204, 204
motile forms 111–114, 113–115 stool specimens 216–218, 217
pathogenicity 111 urine specimens 240, 249–254,
Anaemias 284, 287–288, 292, 293, 313 250–253
abnormal erythrocytes 305–310, urogenital specimens 209–211,
306–310 210–211, 215–216
sickle-cell 306, 307, 307, 308–310, Bacteriological index (BI) 223–224
314–316, 315 Bacteriological tests (see also Bacteria)
Analytical balances 32, 68–69, 69 equipment 37–38
Ancylostoma duodenale (hookworm) 106 laboratory registers 47, 50
adults 148, 150 Balances, laboratory 32, 66–69, 67–69
eggs 126, 127, 128, 133, 152 Balantidium coli 105, 116, 117, 121, 121
larvae 157, 158 Base units, SI 3
Anisocytosis 309, 309 Basophilic staining 305
Anthrax (Bacillus anthracis) 204, 204, Basophilic stippling, erythrocytes 309,
219 310
Antibodies 328–329, 329 Basophils, polymorphonuclear 310,
antigen interactions 330 311, 311
immunochemical techniques 330–335 Batteries, electrical supply 14–15
tests 331–336, 336–349, 344–346, Battery-operated centrifuges 71
348–349 Benedict solution 236, 236–237, 353
Anticoagulants 42–43, 266, 357 Benzoic acid 358

369"
C_0382_001,DOC_WHO_2003,P_0382,382,370,1,0,220,0,1699,220,1e7a46f14d0f0a58781992a2da8dc0a80affe75cdb1558c905cd4923b88f1057,"370 Index




BI, see Bacteriological index Calcium crystals, urine 245, 245, 246,
Bilirubin crystals, urine 248, 248 246, 247
Binding tests, immunology 330–335, Calcium hydroxide 85
330–335 Calcium hypochlorite 84–85
Biopsy specimens 93, 95–96, 160–163, Calculations (see also Measurement)
161–163 blood glucose concentration 7,
Blank reagent 353 324–325
Blastocystis hominis (yeast) 124–125, 127 blood urea concentration 327
Bleaches, household 84–85 erythrocyte number concentration 6,
Bleeding time, measurement 295–296, 287–288
295–296 erythrocyte sedimentation rate
Blood 292–295, 293–294
cells 265–266, 265–266 erythrocyte volume fraction 6,
clotting 266, 266, 297–298, 297–298 279–287, 280–283, 286–287
CSF specimens 256–259, 256–259 haemoglobin concentration 7,
disinfection 84–85 271–279, 272–273
stool specimens 157–159, 158 leukocyte number concentration 6,
urine specimens 234, 241–242, 258–259, 258–259, 288–290,
241–243, 244 288–292
Blood flukes (Schistosoma spp.) 106, leukocyte type number fraction 6,
150–151, 151 319–321, 320
Blood specimens malaria parasites 180–182
chemistry registers 47, 49 reticulocyte number concentration/
collection 102, 267–270, 267–270, fraction 6, 317–318
280–282, 281, 286 thrombocyte number concentration
dispatch 92 7, 321
equipment 42–43, 43 urine protein 238–239
glucose concentrations 322–325, Calibrated dropping pipettes 75, 75
323–324 Calibration
parasites 159–160, 166–196 colorimeters 277, 278, 279, 324
microfilariae 159, 163–172, 166, spectrophotometers 272–274,
167, 169, 171, 173 272–273, 276, 279
Plasmodium spp. 172–182, 178 Campylobacter spp. 216
protozoa 172–194, 178, 185, 187, Candida albicans
193–194 CSF 257, 261, 261
Trypanosoma"
C_0382_002,DOC_WHO_2003,P_0382,382,370,2,180,396,1413,2956,216,ff1c47e77599d8d5fb7860d05fd696b9a12e52e33bb2fcdd461c6c067c693bd2,"159–160, 166–196 colorimeters 277, 278, 279, 324
microfilariae 159, 163–172, 166, spectrophotometers 272–274,
167, 169, 171, 173 272–273, 276, 279
Plasmodium spp. 172–182, 178 Campylobacter spp. 216
protozoa 172–194, 178, 185, 187, Candida albicans
193–194 CSF 257, 261, 261
Trypanosoma spp. 159, 182–194, identification 200, 200
185–187 vaginal discharge 215
test-tube cleaning 82 Capillary blood
thick blood films 173–182, 175, 187, bleeding time 295–296, 295–296
187, 193–194, 193–194 collection 164, 164, 166, 280–281,
thin blood films 175, 299–314, 281
300–304, 306–314 glucose concentration 325
urea concentrations 7, 325–327 Carbol fuchsin solution 354
Boric acid 353 Card agglutination trypanosomiasis test
Bottles 36–37 (CATT) 188–192, 189–192
Brilliant cresyl blue 316–317, 318–319, Cary–Blair transport medium 216–217,
353 354
Broken glass injuries 101 Casts, urine 240, 243–244, 243–244
Brugia spp. 159–160, 165, 166, 171, Catheters 233
173 CATT, see Card agglutination
Bubonic plague (Yersinia pestis) trypanosomiasis test
203–204, 218, 219 Cavity body fluids, specimens 218–219
Buffered glycerol saline 217–218, 353– Cellophane faecal thick smear
354 technique 141–143, 142–143
Buffered water 29–31, 31, 354, 361–362 Cells
Bunsen burners 35 blood 125, 125, 265–266, 265–266
Burettes 77, 77 plasma 312, 312
Burns, laboratory accidents 100–101 polymorphonuclear 310–311, 311,
Butane gas burners 97 313, 313
target 306, 307
Cables, electrical 19 urine specimens 241–243, 241–243
Cabot ring bodies 309, 310 Centrifugation 69, 166–168"
C_0383_001,DOC_WHO_2003,P_0383,383,371,1,0,220,0,1708,220,bd4933f3d215f1721641ba3a5c14f3ad5a69a981a9f0d65d73bc8dfcde196e98,"Index 371




Centrifuges 32, 69–72, 69–73 Colour reagent 367
balancing 72, 72 Communicable diseases, reporting 52
cleaning and maintenance 83 Concentration techniques,
tubes 34, 37 parasites 152–156, 152–157
Cerebrospinal fluid (CSF) 255–264, Concentrations
255–264 blood glucose 322–325, 323–324
blood in 256–259, 256–259 blood urea 325–327
glucose concentration 7, 261–262 CSF glucose 26l–262
laboratory registers 47, 50 erythrocyte number 6, 263, 284,
leukocyte number concentration/ 287–288
fraction 6, 258–259 haemoglobin 7, 271–279, 284–285
meningitis 260–261, 260–261 leukocyte number 6, 265, 288–290,
protein concentration 262, 262 288–292
specimen containers 44, 82 measurement 4–6
specimen dispatch 92 reticulocyte number 6, 316–319
trypanosomes 259–260, 260 thrombocyte number 7, 266, 321
Chagas disease 192–194, 193–194 Condensers, microscopes 56, 56, 58,
Chancre, syphilitic 210, 210 60–61, 60
Chemical formulae, reagents 350 Confidentiality 2
Chemicals, storage 45 Containers
Children (see also Infants; Neonates) cleaning 81–82, 82
Chagas disease 192–194, 193–194 “sharps” 96
erythrocyte number concentration specimens 42–44, 42–44
287 Corrosive injuries, acids/alkalis 98–100
erythrocyte volume fraction 284 Corynebacterium diphtheriae (see also
Haemophilus influenzae 261, 261 Diphtheria)
leukocyte number concentration specimen dispatch 207, 207
291 staining techniques 201, 201–202
leukocyte type number fraction 320 Counters, differential 32
normal haemoglobin 275 Counting chambers 37
normal thrombocytes 321 Fuchs–Rosenthal 258–259, 258–259
reticulocyte number concentration Neubauer 259, 288, 288–291, 290
318 Counts (see also Number
venous blood collection 267 concentrations; Number"
C_0383_002,DOC_WHO_2003,P_0383,383,371,2,180,398,1394,2963,218,33f9cbee18c528e11296f8a12a85abab4b6f39aff8d8d3274b7e1dedb7830cc5,"201–202
leukocyte type number fraction 320 Counters, differential 32
normal haemoglobin 275 Counting chambers 37
normal thrombocytes 321 Fuchs–Rosenthal 258–259, 258–259
reticulocyte number concentration Neubauer 259, 288, 288–291, 290
318 Counts (see also Number
venous blood collection 267 concentrations; Number
Chilomastix mesnili 115–116, 117, 121, fractions)
121 parasite eggs 251
Chinese liver fluke (Clonorchis sperm 214–215
sinensis) 106, 130, 134, 134 Coverslips, slides 80, 80, 81
Chloramine 85 Cresols 83
Cholesterol crystals, urine 247, 248 Cresyl blue, see Brilliant cresyl blue
Chromatoid bodies 122 Cryptococcus neoformans, CSF 257, 261,
Ciliates 261
cysts 121, 121 Cryptosporidium spp. 123–124, 124,
motile forms 111, 116, 117 202–203
pathogenicity 111 Crystals, urine 236, 240, 245–248,
Cleaning 77–85, 78–82 245–248
centrifuges 83 Crystal violet, modified Hucker 355
glassware 77–81, 78–81 CSF, see Cerebrospinal fluid
incubators 83 Cultures
laboratory balances 66–67 dispatch 206–207, 207, 263–264, 264
microscopes 65, 64–65 Mycobacterium leprae 223
reusable syringes/needles 81 urine 254
specimen containers 81–82, 82 watery stools 216
Clonorchis sinensis (Chinese liver Cutaneous leishmaniasis 195–196
fluke) 106, 130, 134, 134 Cuts, laboratory accidents 101
Clotting Cystine crystals, urine 247, 247
blood 266, 266, 297–298, 297–298 Cysts
CSF 257 hyatid 151, 151
Coccidia 122, 122, 124 protozoa 118–125, 119–122, 124–
Colorimeters 32, 271–274 125
AHD method 276–277 stool examination 108, 109
calibration 277–278, 278, 279, 324 yeast 124–125, 125"
C_0384_001,DOC_WHO_2003,P_0384,384,372,1,0,220,0,1611,220,341dc78fe3d8a012a44b5a92692c3d08e3a100301327ac7312524ef27b4ade66,"372 Index




Dark-field microscopy 64, 211, 211, Direct examination
216 CSF 256–257, 256–257
Decontamination semen 212
blood spills 84 stools 107, 107
laboratory accidents 101 urine 234
microscopes 65 Dirofilaria spp. 159
Definitions Disinfectants (see also Cleaning;
mass 3 Sterilization) 85–90
mole 3 Disodium hydrogen phosphate
quantity 2 361–362
weight 3 Dispatch
Deionizers 33 specimens 91–96, 93–94
Delafield’s haematoxylin stain 355 CSF 263–264, 264
Demineralized water 27–29, 28–29, 33 sputum 205, 206
Derived units, SI 3–5 stool 109–110, 216–218
Dessicators 34, 37 throat 207, 207
Diabetes 236, 239, 322 urogenital 209, 209
Diacetyl monoxime Dispensary balances 69, 69
blood urea concentration 325–327 Dispensing, liquids 73–77, 73–77
stock solution 367 Disposable materials 90–91, 90–91
Diaphragms, microscopes 56, 57, 58, Disposal
61, 61 laboratory waste 90–91
Diarrhoeal diseases (see also Intestinal specimens 97
parasites) Distilled water 24–27, 25–26
common causes 105–106 Distributors, water 24, 24
dysentery amoebae 113, 113–114 Drabkin diluting fluid 271–275,
Dichromate cleaning solution 355 355–356
Dicrocoelium spp. (lancet fluke) 106, Drainage, plumbing 22–23, 22–23
131, 134, 134 Drinking-water, disinfection 84
Dientamoeba fragilis 114, 114–115, 120 Drop bottles 35, 37
Differential counters 32 Dropping pipettes, calibrated 75,
Differential diagnoses 75
Entamoeba histolytica/Escherichia Dry heat, sterilization 90, 89–90
coli 114 Dual-voltage electrical equipment 16,
larvae 157, 158 16
parasites and other matter 144–146, Duke method, bleeding time 295–296,
144–146 295–296
tapeworms"
C_0384_002,DOC_WHO_2003,P_0384,384,372,2,180,368,1295,2736,188,99df7555c92104b0f543c4a691c56a6c3ff08d8db66784ba29f7f284f3bf9136,"Differential counters 32 Dropping pipettes, calibrated 75,
Differential diagnoses 75
Entamoeba histolytica/Escherichia Dry heat, sterilization 90, 89–90
coli 114 Dual-voltage electrical equipment 16,
larvae 157, 158 16
parasites and other matter 144–146, Duke method, bleeding time 295–296,
144–146 295–296
tapeworms 148, 149 Dysentery amoebae (Entamoeba
Differential leukocyte counts, see histolytica) 113, 113–114
Leukocyte type number fraction
Digested meat fibres, identification 145, Ear lesions, leprosy 221, 221–223
145 Echinococcus granulosus (hydatid
Dilutions cyst) 151, 151
AHD reference solution 277 Ectothrix 226, 226
Drabkin fluid 271–275, 355–356 EDTA dipotassium salt 356
haemiglobincyanide reference Effusions, examination 218–219
solution 272–273, 272–275 Eggs
Diphtheria (see also Corynebacterium helminths 126–144, 129–144,
diphtheriae) 201, 201–202, 252, 152–153
253 sputum/throat specimens 206–207
Diphyllobothrium latum (fish tapeworm) urine specimens 248, 249–251
106, 152 Electric centrifuges 70–72, 70–72
adults 152 Electricity 12–20
eggs 130, 136, 136 equipment 15–17
Dipstick tests equipment failure 17–20
falciparum malaria 344–346, 345–346 meters 16
hepatitis B 344, 344 shocks from 101
HIV 342, 342 supply sources 12–15
urine 234, 253–254 Electronic charge regulators 14
Dipylidium caninum (tapeworm) 106 ELISA, see Enzyme-linked
adults 148, 149 immunosorbent assay
eggs 130, 135, 135 Elliptocytes 308, 308–309"
C_0385_001,DOC_WHO_2003,P_0385,385,373,1,0,220,0,1585,220,030b17cd90acff54d6b40a6fece7858362d2b8119373dca9559cb8c2a3d6c18c,"Index 373




Endolimax nanus 114, 114, 120, 120 Fasciola spp. 106, 128, 138, 138
Endothrix 226, 226 Fasciolopsis buski 106, 128, 138, 138
Entamoeba Fatty casts, urine 243, 244
coli 113, 113–114, 118, 120 Female patients, urogenital
hartmanni 114, 114, 120, 120 specimens 208, 209, 215
histolytica 106, 113, 113–114, 118, Fibrinogen, deficiency 298
120 Field stains 356–357
Enterobius vermicularis (pinworm) 106 faecal trophozoites 117
adults 146, 147 malaria parasites 177–178
eggs 126, 128, 135–137, 135–137 thin blood films 299, 304, 304–305
Enzyme immunoassay 331, 331 Filariae 159–172, 162–163
Enzyme-linked immunosorbent assay blood infection 163–172, 166–167,
(ELISA) 331, 341–342, 343–344 171–172
Eosinophils, polymorphonuclear 310, geographical distribution 160, 165,
311, 311 172
Eosin solution 117–118, 356 skin infection 160–163, 161–163
Epithelial casts, urine 243, 244 Filariasis, see Filariae
Equipment 1–2 Films (see also Slide preparation)
centrifuges 70–73, 70–73 thick blood 173–182, 175, 187, 187,
cleaning 77–90, 78–82 193–194, 193–194
electrical 15–20, 16–19 thin blood 173–179, 175–176,
first-aid 98 178–181, 299–314, 300–304,
laboratory 32–46, 34–35, 39–44 306–314
water demineralizers 27–29, 28–29 Filter funnels 34
Erlenmeyer flasks 34, 36–37, 45 Filters
Erythrocytes 265, 265, 306, 307 microscopes 57
abnormal 306–310, 306–310 water 24, 24
Cabot ring bodies 309, 310 Filtration, parasite detection 168–170,
CSF 257–258 169, 250–251, 250–251
haemoglobin relationship 284–285 Fire risk, electricity 17
immature (reticulocytes) 316–319, First aid 98–101, 99
318"
C_0385_002,DOC_WHO_2003,P_0385,385,373,2,180,400,1299,2921,220,bace580b8c5ae46f40e3e41ad0f2a413fa7ca69fab90ebfa147ac8a3e618bd9c,"265, 306, 307 microscopes 57
abnormal 306–310, 306–310 water 24, 24
Cabot ring bodies 309, 310 Filtration, parasite detection 168–170,
CSF 257–258 169, 250–251, 250–251
haemoglobin relationship 284–285 Fire risk, electricity 17
immature (reticulocytes) 316–319, First aid 98–101, 99
318 Fish tapeworm (Diphyllobothrium
malaria infected 179 latum) 106, 152
measurement 6–7 eggs 128, 134, 134
nucleated 292, 310, 310 Fixation
number concentration 6, 265, 284, biopsy specimens 95–96
287–288 smears 197, 199, 199
sedimentation rate (ESR) 292–295, Fixatives 95, 362–363, 368
293–294 Flagellates
sickle-cell anaemia 314–316, 315 cysts 121, 121, 123
thin blood films 305–310, 306–310 motile forms 111, 115–116, 115–116
urine 240, 241, 241–242 pathogenicity 111
volume fraction 6, 279–287, 280–283, Flaming, sterilization 90, 90
286–287 Flammable liquids, precautions 97
ESR, see Erythrocytes, sedimentation Flasks 34, 36–37
rate Flatworms, see Flukes
Estimation, see Calculation Flotation techniques, parasite
Evaporating dishes 34, 37 detection 152–153, 152–153
Expiry dates, reagents 46 Flukes (see also Schistosoma spp.)
Extension leads, electrical 19, 19 liver, transmission routes 106
Exudates, examination 218–220 stools 150–151, 150–151
Eyepieces, microscopes 56, 61, 61 Fluorescent treponemal antibody-
Eyes absorbed (FTA-Abs) test,
acid/alkali splashes in 99, 99, 100 syphilis 346–347
filarial infection 160 Fluoride oxalate anticoagulant 357
Forceps 35, 36, 38
Facial lesions, leprosy 221–223, 222 Foreign substances, urine
Faeces, see Stools specimens 244–245, 245
Failure, electrical equipment 17–20 Formaldehyde 357"
C_0385_003,DOC_WHO_2003,P_0385,385,373,3,360,420,2628,3092,60,6a4ad08dbc5942e7be609bedab9702f1fb9304bf8555b459a3041fc6ef4f095a,"test,
acid/alkali splashes in 99, 99, 100 syphilis 346–347
filarial infection 160 Fluoride oxalate anticoagulant 357
Forceps 35, 36, 38
Facial lesions, leprosy 221–223, 222 Foreign substances, urine
Faeces, see Stools specimens 244–245, 245
Failure, electrical equipment 17–20 Formaldehyde 357
False casts, urine 244, 244 stool preservation 109, 110, 110
False positives/negatives, smear Formaldehyde–detergent sedimentation
staining 201 technique 154–156, 155–156"
C_0386_001,DOC_WHO_2003,P_0386,386,374,1,0,220,0,1670,220,957855a66a7b53de908d38e0ab1260e4ab5fa9f12ca463b3b6da0f2a78af3cc5,"374 Index




Formaldehyde–ether sedimentation Haematology (continued)
technique 153–154, 154 blood clotting 297–298, 297–298
Formol gel test, leishmaniasis 196 erythrocytes 279–288, 280–283,
Formulae, reagents 350 286–287
FTA-Abs, see Fluorescent treponemal ESR 292–295, 293–294
antibody-absorbed test leukocytes 319–321, 320
Fuchs–Rosenthal counting microscopes 32
chamber 258, 258–259 registers 47, 49
Fungi 204, 224–228, 226, 228–229 reticulocytes 316–318, 317
CSF 257, 261, 261 specimen collection 267–270,
identification 124–125, 125, 146, 146 267–270
urine 240, 248, 248, 252, 253 test equipment 37, 42–43
Fuses, electrical 18, 18 thin blood films 299–314, 300–304,
306–314
Gas burners, precautions 97 thrombocytes 321
Generators, electrical supply 13 Haemoglobin
Genital specimens, see Urogenital erythrocyte relationship 284–285
specimens estimation 7, 271–279, 272–273, 275,
Geographical distribution 278, 284–285
filarial parasites 160, 165, 172 H bodies 319
malaria parasites 173 Haemoglobinometers, see
Giardia intestinalis 115, 115, 121, 121 Spectrophotometers
Giemsa stain 175–177, 299–300, 304, Haemophilia 298, 298
305, 357–358 Haemophilus influenzae 257, 259, 261,
Glassware 34–35, 36–37 261
autoclaving 87, 87 Hair
cleaning 77–81, 78–81 fungal infections 225–226, 227
disinfection 84 specimen dispatch 93
heating precautions 97 Hand-operated centrifuges 70, 70
injuries from 101 Hansen disease, see Leprosy
making in the laboratory 33, 39–42, Harada–Mori sedimentation
39–42 technique 156–157
stills 25, 26 b-hCG, see b-Human chorionic
storage 45 gonadotropin
tubing 37, 39–42, 39–42 Heads, centrifuge 70, 71
Globulins, CSF (Pandy test) 262–263, Heinz"
C_0386_002,DOC_WHO_2003,P_0386,386,374,2,180,384,1394,2919,204,305e585dbcf2c64271f1d5c2445c5fb5589db1861f09ad5a391747f9152ac89d,"101 Hansen disease, see Leprosy
making in the laboratory 33, 39–42, Harada–Mori sedimentation
39–42 technique 156–157
stills 25, 26 b-hCG, see b-Human chorionic
storage 45 gonadotropin
tubing 37, 39–42, 39–42 Heads, centrifuge 70, 71
Globulins, CSF (Pandy test) 262–263, Heinz bodies 319
263 Helminths
Glucose intestinal 105, 125–152, 129–151,
blood concentrations 322–325, 156–159
323–324 adults 146–152, 147–151
CSF specimens 261–262 eggs 125, 126–144, 129–144
substance concentration 7 larvae 156–159, 158
urine specimens 236, 236 transmission routes 106
Glucose reagents 358 Heparinized tubes 42
Glycerol–malachite green solution 359 Hepatitis, tests 342–344, 344
Gonococcal infection 197, 215 Heterophyes heterophyes 106, 128,
urogenital specimens 207–208, 208, 138–139, 139
253 HIV, see Human immunodeficiency
Gonorrhoea, see Gonococcal infection virus
Graduated conical glasses 77 Hookworm (Ancylostoma duodenale/
Graduated pipettes 73, 73 Necator americanus) 106
Gram staining 199–201, 199–201 adults 148, 150
acetone–ethanol decolorizer 351 eggs 126, 127, 128, 133, 152, 152
CSF specimens 260–261, 260–261 larvae 157, 158
urine specimens 252–253, 253 Hot-air ovens 33, 89–90
Granular casts, urine 243, 243–244 Household bleaches 84–85
Granulocytes, immature 313, 313 Howell–Jolly bodies, erythrocytes 309,
309
Habitat, common filarial parasites 165 b-Human chorionic gonadotropin
Haematology (see also (b-hCG) 339
Haemoglobin) 265–321 Human immunodeficiency virus
blood cell types 265–266, 265–266 (HIV) 341–342, 342"
C_0387_001,DOC_WHO_2003,P_0387,387,375,1,0,220,0,1727,220,f1270e893e229729ded7dc4933b1679101ab2f06ba3af48071e2c65553783082,"Index 375




Hyaline casts, urine 243, 243 Infants (continued)
Hydatid cysts (Echinococcus erythrocyte volume fraction 284
granulosus) 151, 151 leukocyte number concentration 291
Hydrochloric acid 359 leukocyte type number fraction 320
Hygiene, intestinal parasites 106 normal haemoglobin 275
Hymenolepis spp. (tapeworm) normal thrombocyte counts 321
adults 148, 149 pinworm egg collection 135–137,
eggs 128, 139, 139, 152 135–137
Hypersegmented polymorphonuclear reticulocyte number concentration
neutrophils 313, 313 318
Hypochlorite solutions 84–85 stool specimens 217
urine collection 234
Identification Infection sources
Bacillus anthracis 204, 204 African trypanosomiasis 183
Balantidium coli 116, 117, 121, 121 blood/skin parasites 160
Blastocystis hominis (yeast) 124–125, Chagas disease 193
125 intestinal parasites 106
blood parasites leishmaniasis 194
microfilariae 163–172, 166, 167, Infectious mononucleosis 313
169, 171–172 Injuries, laboratory accidents 98–101,
Plasmodium spp. 173–182, 174–176, 99
179–181 Inoculating loops 197–198, 198
Trypanosoma spp. 187, 185–194, Instruments 32
193–194 disinfection 84
Corynebacterium diphtheriae 201, 202 storage 45
filariae 159–172, 162–163, 166–167, Intestinal parasites 105–159
171–172 concentration techniques 152–156,
fungi 124–125, 125, 146 152–157
helminths helminths 125–152, 129–151
adults 146–152, 147–151 adults 146–152, 147–151
eggs 126–144, 129–144 eggs 125, 126–144, 129–144
larvae 156–158, 158 larvae 156–158, 158
tapeworms 149 protozoa 111–117, 111–124, 119–122,
intestinal protozoa 111–117, 111–125, 124–125
119–122, 124 amoebae 113–114, 113–115,
amoebae 113–114, 113–115, 118, 118–120, 120
120, 120 ciliates 116, 121, 121
ciliates 116, 121, 121 coccidia"
C_0387_002,DOC_WHO_2003,P_0387,387,375,2,180,361,1437,2812,181,881e14526063a07a0f272bf811a491cc01320db11044edb638f4e3b70d1d7be0,"129–144
larvae 156–158, 158 larvae 156–158, 158
tapeworms 149 protozoa 111–117, 111–124, 119–122,
intestinal protozoa 111–117, 111–125, 124–125
119–122, 124 amoebae 113–114, 113–115,
amoebae 113–114, 113–115, 118, 118–120, 120
120, 120 ciliates 116, 121, 121
ciliates 116, 121, 121 coccidia 122, 122
coccidia 122, 122 cysts 118–124, 119–122, 124–125
flagellates 115–116, 115–116, 121, flagellates 115–116, 115–116, 121,
121 121
Leishmania spp. 195–196, 196 sedimentation techniques 153–157,
leukocytes 125, 125 154–156
pollen grains 146, 146 stool specimens 107–110, 107–111,
pus 125, 125 159–161
starch granules 144, 144–145 transmission routes 106
Yersinia pestis 204 Inventories, supplies 46
Immunofluorescence 332–333, 332 Iodamoeba butschlii 114, 114, 120, 121
Immunoglobulins, see Antibodies Iodine 85, 123
Immunology 328–349, 329–336 Iron deficiency 288
antibodies 328–329, 329 Isospora belli 124
antigens 329–330 Isotonic saline, see Sodium chloride
immune system 328, 329
immunochemical techniques 330–335 Kahn tubes 34
tests 336–349 Kato–Katz technique, Schistosoma
Incineration, laboratory waste 90, 90–91 mansoni infection 141–143,
Incubators, cleaning and 142–143
maintenance 83 Ketone bodies, urine specimens
Infants (see also Children; Neonates) 239–240, 239–240
capillary blood collection 280
erythrocyte number concentration Labelling
287 biopsy specimens 96"
C_0388_001,DOC_WHO_2003,P_0388,388,376,1,0,220,0,1602,220,9b3a1d4d147b7331b9ba46e93fa88bfb706f6a3f459c2a69be834f9a1fdf6a59,"376 Index




Labelling (continued) Magnification, microscopes 53–56,
specific reagents 350–368 54–56
specimens for transport 94 Maintenance (see also Repairs)
Laboratory workers, responsibilities 2 batteries 15
Lactophenol cotton blue mounting burettes 77
solution 359 centrifuges 83
Lamps, microscopes 58–60, 59 incubators 83
Lancet flukes (Dicrocoelium spp.) 106, lead batteries 15
128, 134, 134 microscopes 64–66, 65
Lancets 36 water-baths 83
Larvae (see also Microfilariae) 156–157, Malaria (see also Plasmodium spp.) 159,
158 172–182, 178, 291, 309
stool specimens 109 blood cells 312, 313, 320
urine specimens 248 dipstick test 344–346, 345–346
Latex agglutination techniques 336, Male patients, urogenital
336, 338 specimens 197, 207–208,
Lead batteries 14–15 209–210
Lead poisoning 255, 309 Mammomonogamus laryngeus 205
Leishman stain 299, 303, 305, 354, 359 Mancini technique, see Radial
Leishmaniasis (Leishmania spp.) immunodiffusion
194–196, 196 Mansonella spp. 159–160, 163, 163, 165,
Lenses, microscopes 53–54, 54 172
Leprosy (Mycobacterium leprae) Markers, hepatitis B virus 342–343
220–224, 221–223 Mass, definition 3, 5
Leukaemia 285, 291, 313 May–Grünwald stain 299, 304, 305,
Leukocytes 125, 125, 265, 265, 310–314, 354, 360
311–314 Mean erythrocyte haemoglobin
CSF specimens 255–257, 255–257 concentration 285–286
malaria 180–182 Measles 312, 313, 320
number concentration 6, 265, 288– Measurement (see also Calculations;
290, 288–292 Number concentrations; Number
type number fraction 6, 259, 319–320, fractions) 2–7
320 balances 32, 66–69, 67–69
urine specimens 240, 242, 242–243"
C_0388_002,DOC_WHO_2003,P_0388,388,376,2,180,395,1313,2868,215,5ec65ac1b8de5474ac6f343306e94f27c059de1ae6e640f8f9f2eb6775fcf154,"concentration 285–286
malaria 180–182 Measles 312, 313, 320
number concentration 6, 265, 288– Measurement (see also Calculations;
290, 288–292 Number concentrations; Number
type number fraction 6, 259, 319–320, fractions) 2–7
320 balances 32, 66–69, 67–69
urine specimens 240, 242, 242–243 bleeding time 295–296, 295–296
Leukocytosis 291 blood clotting 297–298, 297–298
Leukopenia 291 ESR 292–295, 293–294
Liquids helminth eggs 126–127
heating precautions 97 liquids 73–77, 73–77
measurement/dispensing 73–77, lysis time 297–298, 297–298
73–77 metric system 2–7
Litre, measurement 4–5 ocular micrometers 63, 63–64
Liver diseases 306, 307 pH, urine 235, 235–236
Liver flukes, see Flukes protozoa cysts 123
Loa spp. 159–160, 163, 165, 172 quantities 2–3
Loeffler methylene blue 204, 360 traditional system 5–7
Lugol iodine 360 Megakaryocytes 266, 314, 314
Lutzomyia longipalpis 194 Meker burners 35
Lymphatic system, filarial worms 159 Meningitis 255, 259
Lymph nodes, aspiration 183–185, common causes 256
184–185 CSF examination 197, 260–261,
Lymphoblasts 313, 314 260–261, 263
Lymphocytes 311–313, 311–313 tuberculous 257, 259, 261, 263
Lymphocytosis 320 Meningonema spp. 159
Lymphopenia 320 Mercurothiolate, see Thiomersal
Lysis time, blood specimens 297–298, Metagonimus yokogawai 106, 128, 139,
297–298 139
Lysol 84–85 Meters, electricity 16, 16
Methylene blue solution 361
Macrocytes 307, 308 Metric system 2–7
Macroscopic examination, see Direct Microcytes 307, 307
examination Microfilariae 159–172, 163, 166,
Madura foot, see Mycetoma 171–172, 249"
C_0389_001,DOC_WHO_2003,P_0389,389,377,1,0,220,0,1596,220,bd745cd657ea53b9fb29a8ee0bcd895cce0dd5f1db43a4a009bc5ba556d9b596,"Index 377




Microhaematocrit equipment 37 Motility, spermatozoa 214
Micrometers, ocular 63, 63–64 Mott cells 259, 260
Micropipettes 38–39, 74, 74–75 Mycetoma, pus examination 226–227
Microscopes 32, 38, 53–57, 53–66, Mycobacterium
59–63, 65 leprae 202, 220–224, 221–223
adjustment system 57, 57–58 tuberculosis 197, 206
cleaning 64–65, 65 Mycology (see also Fungi) 225–229, 226,
focusing 61, 62–63 228–229
illumination system 56–57, 56–57, 59, Myelofibrosis 309
59 Myeloma 237, 312
maintenance 64–66, 65
mirrors 56, 56, 60, 60 Nail specimens, dispatch 93
precautions 65–66 Nasal specimens, leprosy 220, 222,
setting up 58–61, 59–61 223–224, 223
slides 37, 79–80, 80 Necator americanus (hookworm)
Microscopic examination adults 148, 150
acid-fast bacilli 203 eggs 126, 128, 140, 140, 152
Bacillus anthracis 204, 204, 220 larvae 157, 158
body cavity fluid 219–220 Needles
Corynebacterium diphtheriae 202 disposable 36
CSF 257–261, 258–261 reusable 81, 81, 87, 87
fungi 226, 226, 227, 229, 229 Neisseria meningitidis 260, 260, 264
gonorrhoea 208, 209–210 Neonates (see also Children; Infants)
Gram-stained organisms 200–201, erythrocyte number concentration
200–201, 253 287
Leishmania spp. 195–196, 196 erythrocyte volume fraction 284
leukocyte type number fraction immune system 328
319–320 leukocyte number concentration 291
malaria parasites 178, 178–182 leukocyte type number fraction 320
microfilariae in blood 164, 166–167, normal haemoglobin 275
166–172, 169, 171–172 Nephelometry, immunology 335
microfilariae, Onchocerca volvulus Nephrotic syndrome 247
162–163, 162–163 Neubauer counting"
C_0389_002,DOC_WHO_2003,P_0389,389,377,2,180,400,1273,2979,220,f908c0f47ffb38fcdc67d3f47c34389b2ab33bd4b7da7353ac013ad3d4a8a249,"system 328
319–320 leukocyte number concentration 291
malaria parasites 178, 178–182 leukocyte type number fraction 320
microfilariae in blood 164, 166–167, normal haemoglobin 275
166–172, 169, 171–172 Nephelometry, immunology 335
microfilariae, Onchocerca volvulus Nephrotic syndrome 247
162–163, 162–163 Neubauer counting chambers 259, 288,
mycetoma pus specimens 227 288–291, 290
Mycobacterium leprae 223, 223–224 Neutral red 361
pityriasis versicolor 229, 229 Neutropenia 320
protozoa cysts 124, 124–125 Neutrophilia 320
reticulocyte numbers 317, 317–318 Neutrophils, polymorphonuclear
semen specimens 212–214, 212–215 310–311, 311, 313, 313
sickle-cell anaemia 315, 315–316 New glassware, cleaning 77
sputum/throat specimens 206 Nickel–cadmium (Ni–Cd) batteries
stool specimens 107–109, 108–109 15
syphilis treponemes 211, 211 Normoblasts, see Nucleated erythrocytes
thin blood films 305–314, 306–314 Nucleated erythrocytes 292, 310, 310
thrombocyte number concentration Number concentrations 5–7
321 erythrocytes 265, 284, 287–288
Trypanosoma spp. 185–187, 185–188 leukocytes 265, 285, 288–290,
urine 241–248, 241–248, 250–253, 288–292
251–254 leukocytes in CSF 258–259, 258–259
vaginal discharge specimens 215 reticulocytes 316–319
watery stools 216, 217 thrombocytes 266, 321
Yersinia pestis 204 Number fractions 5–6
Mole leukocyte type 6, 259, 319, 319–321
definition 3 reticulocyte 6, 316–319, 317
substance concentration 5
Molecular weight 3 Occult blood, stools 157–159, 159
Monocytes 311–312, 312 Ocular micrometers 63, 63–64
Morphological index, Mycobacterium Oil droplets, identification 145, 145
leprae 224 Onchocerca volvulus 160–163, 161–163,
Mortars/pestles 35 165, 249
Motile forms (see"
C_0389_003,DOC_WHO_2003,P_0389,389,377,3,360,410,2677,3067,50,e0aece40f683efc8054032dcac90fe0908b21dd7434da4d066b12adc090543f8,"317
substance concentration 5
Molecular weight 3 Occult blood, stools 157–159, 159
Monocytes 311–312, 312 Ocular micrometers 63, 63–64
Morphological index, Mycobacterium Oil droplets, identification 145, 145
leprae 224 Onchocerca volvulus 160–163, 161–163,
Mortars/pestles 35 165, 249
Motile forms (see also Trophozoites) Oocysts, Cryptosporidium spp. 123–124,
protozoa 111–117, 111–118 124"
C_0390_001,DOC_WHO_2003,P_0390,390,378,1,0,220,0,1652,220,ea06b69596651451af937471f666527d6b026ba961a3cbfd537a41d13fa37cf4,"378 Index




Open two-pan balances 67–68, 67–68 Plasma (continued)
Opisthorchis felineus, eggs 128, 140, cells 312, 312, 328
140 erythrocyte volume fraction 279–
Ordering, supplies 46 280
Orthostatic proteinuria 237 glucose concentration 325
Ovens, hot-air 33, 89–90 serum comparison 266
Plasmodium spp. (see also Malaria) 124,
Packed cell volume, see Erythrocyte 159, 173–182, 175–176, 178
volume fraction dipstick test 344–346, 345–346
Packing, specimens for dispatch 91–94, Platelets, see Thrombocytes
93–94 Plugs, electrical 18–19, 18–19
Pandy reagent 361 Plumbing 20–23, 20–23
Pandy test, CSF globulin 262–263, 263 Poikilocytes 309, 309
Panels, solar 13–14 Poisoning
Paragonimus westermani 106, 128, 140, laboratory accidents 100
140 lead 255, 309
Parasites (see also Intestinal Pollen grains, identification 146, 146
parasites) 105–196, 320 Polycythaemia 287
blood 159–160, 163–194, 178, Polymorphonuclear cells 310–311, 311,
186–187, 189–194, 196 313, 313
malaria 172–182, 178 Polyvinyl alcohol (PVA) 110, 362–363
microfilariae 159–172, 163, 166, Potassium cyanide 274
171–172 Potassium hydroxide 363
protozoa 172–196, 178, 185, 187, Potassium permanganate 363
193–194 Power, electrical 17
trypanosomiasis 182–194, 184–187, Precautions (see also Safety)
189–192 accident prevention 97
concentration techniques 152–156, anthrax specimens 204, 220
152–156 anticoagulants 43
laboratory registers 47, 49–51 autoclaving 88
leishmaniasis 194–196 centrifuges 72
skin 159–163, 161–163, 195–196, 196 CSF specimens 255–256
sputum/throat 205 electricity 19–20
transmission routes 106 ELISA for hepatitis B 343–344
urine 240, 248, 248–251, 251 hypochlorite"
C_0390_002,DOC_WHO_2003,P_0390,390,378,2,180,393,1350,2947,213,3de310f2b754d93aec24b911873ca238b39633fabbdcdb1d261bcf024f7d0d05,"220
152–156 anticoagulants 43
laboratory registers 47, 49–51 autoclaving 88
leishmaniasis 194–196 centrifuges 72
skin 159–163, 161–163, 195–196, 196 CSF specimens 255–256
sputum/throat 205 electricity 19–20
transmission routes 106 ELISA for hepatitis B 343–344
urine 240, 248, 248–251, 251 hypochlorite solutions 85
Pasteur pipettes microscope care 65–66
how to make 33, 39–40, 39–40 pipette use 75
sterilization 87, 87 potassium cyanide 274, 356
urogenital specimens 209, 209 potassium hydroxide 225
Pathogenicity, intestinal protozoa 111 stool specimens 107, 116
Pelvic cells, urine 242, 242 thin blood films 303
Pestles/mortars 35 Precipitation, immunology 334–335,
Petri dishes 34, 37 335
Phenol red 361 Precipitin tubes 34
pH measurement, urine 235, 235–236 Prefixes, SI 4
Phosphate-buffered water 361–362 Preparation (see also Slide preparation)
Photometers 32 reagents 350–368
Photometric methods, haemoglobin smears 197–199, 198–199
estimation 271–279, 272–273 thin blood films 299–314, 300–304,
Pinworm (Enterobius vermicularis) 306–314
adults 146, 147 Preservation
eggs 126, 128, 135–138, 135–137 stool specimens 109–110, 110
Pipettes 37–39, 73–75, 73–75 urine specimens 234
cleaning 78–79, 79 Pressure cookers, equipment
Pasteur 33, 39–40, 39–40 sterilization 88–89, 89
precautions 97 Prevention
Pityriasis versicolor (Pityrosporum accidents 97
furfur) 227–229, 228–229 laboratory infections 96–97
Plans, laboratories 11–12, 11–12 Propane gas burners 97
Plant parts, identification 145–146, 146 Protein
Plasma CSF specimens 262–263, 262–263
abnormal proteins 298 urine specimens 236–239"
C_0391_001,DOC_WHO_2003,P_0391,391,379,1,0,220,0,1628,220,c5ae951950c6bc553400ec34e7f5c8f1f781e2400200a1570739b129a9c3f2b0,"Index 379




Protozoa Reagents (continued)
blood 173–194, 178, 185, 187, disodium hydrogen phosphate stock
193–194 solution 361–362
intestinal 105–106, 111–117, Drabkin diluting fluid 355–356
111–124, 119–122, 124 EDTA dipotassium salt 356
transmission routes 106 eosin 356
Public health, laboratory reports 47–48, expiry dates 46
52 Field stains 117, 356–357
Pus casts, urine 243, 244 fixatives 95, 362–363, 365–366, 368
Pus specimens fluoride oxalate anticoagulant 357
Bacillus anthracis 219–220 formaldehyde 357
containers 83 Giemsa stain 357–358
CSF 256, 256 glucose reagents 358
dispatch 92 glycerol–malachite green solution 359
gonorrhoea 210, 210 hydrochloric acid 359
identification 125, 125 lactophenol cotton blue mounting
mycetoma 227–228 solution 359
PVA, see Polyvinyl alcohol Leishman stain 359
Pyelonephritis 237 Loeffler methylene blue 204, 360
Lugol iodine 360
Quality assurance 101–102 May–Grünwald stain 360
Quality control methylene blue solution 361
AHD reagent 352 modified Schaudinn fixative 362
demineralized water 28–29 neutral red 361
distilled water 27 Pandy reagent 361
Quantities, measurement 2–7 phenol red 361
Quaternary ammonium compounds phosphate-buffered water 361–362
(QUATS) 85 polyvinyl alcohol (PVA) fixative
QUATS, see Quaternary ammonium 362–363
compounds potassium hydroxide 363
potassium permanganate 363
Radial immunodiffusion 335, 335, safranine solution 363
339–341 saponin 363–364
Radioimmunoassay 330, 330 silver nitrate 364
Rapid Field stain, trophozoites 117 sodium bicarbonate 364
Rapid plasma reagin (RPR) test, sodium carbonate 364
syphilis 346, 347–348, 348 sodium chloride"
C_0391_002,DOC_WHO_2003,P_0391,391,379,2,180,387,1332,2859,207,ea87df9d3cdabdb26ba6a37a671bc25b0e6c19ae4a7f37adb775d464d19460fa,"permanganate 363
Radial immunodiffusion 335, 335, safranine solution 363
339–341 saponin 363–364
Radioimmunoassay 330, 330 silver nitrate 364
Rapid Field stain, trophozoites 117 sodium bicarbonate 364
Rapid plasma reagin (RPR) test, sodium carbonate 364
syphilis 346, 347–348, 348 sodium chloride 364
Reagents 1, 350–368 sodium hydroxide 364–365
acetic acid 350–351 sodium metabisulfite 365
acetone–ethanol decolorizer 351 streptolysin O 336–338
acid–ethanol for Ziehl–Neelsen Stuart transport medium, modified
stain 351 365
acid reagent 351 sulfosalicylic acid 365
Albert stain 201, 351 thiomersal–iodine–formaldehyde
alkaline haematin D reagent 276, (TIF) 365–366
352 o-toluidine 322–325, 323–324, 358
Amies transport medium 352–353 trisodium citrate 366
Benedict solution 353 Türk solution 366
benzoic acid 358 urea reagents 325, 366–367
blank reagent 353 Wayson stain 203, 367
boric acid 353 Willis solution 152, 368
brilliant cresyl blue 353 Wintrobe solution 368
buffered glycerol saline 353–354 Zenker fixative 368
buffered water, pH 7.2 29–31, 354 Ziehl–Neelsen stain 202–203, 219,
Carbol fuchsin solution 354 221, 351, 354
Cary–Blair transport medium 354 Records, laboratory 38, 47–52, 223–224
chemical formulae 350 Red blood cells, see Erythrocytes
colour reagent 367 Reference laboratories, specimen
crystal violet, modified Hucker 355 dispatch 91–96, 93–94
Delafield’s haematoxylin stain 355 Reference ranges
diacetyl monoxime stock solution 367 blood glucose concentrations
dichromate cleaning solution 355 324–325"
C_0392_001,DOC_WHO_2003,P_0392,392,380,1,0,220,0,1618,220,fbe2724898e3169abcf0cb8c39c606a2364234cd0207bcc4fc6c181190397b6c,"380 Index




Reference ranges (continued) Sedimentation techniques 153–157,
blood urea concentrations 327 154–156, 250
erythrocytes 284, 287 Semen specimens 211–215, 212–214
ESR 293–294 Serological tests
leukocytes 291, 320 African trypanosomiasis 188–192,
normal haemoglobin 275 189–192
reticulocytes 318 registers 47, 51
thrombocytes 321 Serum
Reference solutions, haemoglobin glucose concentration 325
272–273, 272–273 plasma comparison 266
Refrigerators 32 Sharps containers 96
Registers (see also Records) Shocks, electric 101
specimens 47–51 SI units (International System of
Renal cells, urine 242–243, 242–243 Units) 2–7, 271
Renal disease 236 Sickle-cell anaemia 292, 307, 307–308,
Repairs (see also Maintenance) 310
electrical equipment 17–19, 17–20 test 314–316, 315
microscopes 65 Silver nitrate 364
plumbing 20–23, 20–23 Sink traps, plumbing 22–23, 22–23
Reports, laboratory 38, 47–48, 52, 251, Sizes, helminth eggs 132
253 Skin
Resolving power, microscopes 55 acid/alkali splashes on 98, 100
Responsibilities, laboratory workers 2 disinfection 84
Results, reporting 47–48, 52, 251, 253 Skin specimens (see also Slit skin
Reticulocytes 6, 310, 310, 316–319, 317 specimens)
Reusable needles 81, 87, 87 dispatch 93
Reusable syringes 81, 81, 87, 87 fungal infections 225–229, 226,
Rheumatoid factors, determination 336, 228–229
336 Mycobacterium leprae 220–224,
Ringworm 225–226, 226 221–223
Romanowsky stains 265, 299 parasites 159–163, 161–163, 195–196,
Roundworm (Ascaris lumbricoides) 106 196
adults 146, 147 Sleeping sickness, see African
eggs 126, 127–128, 133, 133, 152 trypanosomiasis
RPR, see Rapid"
C_0392_002,DOC_WHO_2003,P_0392,392,380,2,180,393,1326,2914,213,e073579804d93d6b57f40682c103550fd7a4b9deac1503cc31eee159f191ceba,"336, 228–229
336 Mycobacterium leprae 220–224,
Ringworm 225–226, 226 221–223
Romanowsky stains 265, 299 parasites 159–163, 161–163, 195–196,
Roundworm (Ascaris lumbricoides) 106 196
adults 146, 147 Sleeping sickness, see African
eggs 126, 127–128, 133, 133, 152 trypanosomiasis
RPR, see Rapid plasma reagin Slide preparation (see also Thick blood
films; Thin blood films) 198–201,
Safety (see also Precautions) 198–204, 204
electricity 19–20 anthrax diagnosis 220
in the laboratory 97 body cavity fluids 218–219
pressure cookers 89 erythrocytes 305–310, 306–310
Safety bulbs, rubber 35 fungal infections 225–226, 226,
Safranine solution 363 228–229, 229
Sand filters 24, 24 gonorrhoea diagnosis 208
Sanitation, plumbing 20–23, 20–23 leprosy diagnosis 222–224, 223
Saponin 363–364 malaria diagnosis 173–179, 175–176
Scale readers, erythrocyte volume semen specimens 212
fraction 280–281 sputum/throat specimens 206
Scalpels 36 syphilis diagnosis 210
Schaudinn fixative, modified 362 urine specimens 252, 252
Schistocytes 308, 308 vaginal discharge specimens 215
Schistosoma Slides
eggs 128, 140–141, 140–143 cleaning 79–80, 80
haematobium 248, 248, 249–251, supplies 37
250–251 Slit skin specimens
mansoni 141–143, 142–143 cutaneous leishmaniasis 195–196,
spp. (blood flukes) 108, 150–151, 151 196
Schistosomiasis (see also leprosy 221–222, 222
Schistosoma) 320 Onchocerca 161–162, 161–162
urine detection 234, 240, 248, 248, Smears
249–251, 250–251 CSF 259, 260–261, 260–261
Sedimentation rate, erythrocytes faecal 141–143, 142–143
(ESR) 292–295, 293–294 Mycobacterium leprae 220–225, 223"
C_0393_001,DOC_WHO_2003,P_0393,393,381,1,0,220,0,1670,220,071addaad64bab13066baac587a627f83a4cfe5d976828e8d7b5b555be6a92cc,"Index 381




Smears (continued) Sputum specimens (continued)
preparation/fixation 197–199, Corynebacterium diphtheriae 201,
198–199 201–202
staining techniques 199–201, dispatch 92
199–204, 204 Staining techniques 109
Soaps, identification 145, 145 blood films 175–176, 175–178,
Sodium bicarbonate 364 303–305, 304
Sodium carbonate 364 faecal cysts 123–124, 124
Sodium chloride 364 faecal trophozoites 117–118
flotation technique 152–153, 152–153 Leishmania spp. 195
Sodium citrate, see Trisodium citrate microfilariae 170–171, 171–172
Sodium dihydrogen phosphate, Onchocerca volvulus 163, 163
anhydrous 361–362 Plasmodium spp. 175, 177
Sodium hydrogen carbonate, see Sodium smears 199–201, 199–204, 204
bicarbonate Staining troughs 34
Sodium hydroxide 364–365 Stains (see also Staining techniques;
Sodium hypochlorite 84–85 Ziehl–Neelsen stain)
Sodium metabisulfite 365 Albert 201, 201–202, 351
Solar energy, electrical supply 13–15 brilliant cresyl blue 316–317, 317,
Solar stills 26, 26–27 318–319, 353
Specimen collection Delafield’s haematoxylin 355
appropriate 102 eosin 117–118, 356
blood 267–270, 267–270, 280–282, Field 117, 356–357
281, 286 Giemsa 299–300, 304, 305, 357–358
malaria parasites 174–175, 174 Gram 199–201
microfilariae 164, 164, 166 Leishman 359
thin blood films 300, 301 May–Grünwald 299, 304, 305, 354,
trypanosomes 186, 186, 189, 189 360
body cavity fluids 218 Romanowsky 265, 299
CSF 255, 255 Wayson 367
fungal infection 225, 227–228, 228 Standard curve, haemoglobin
leprosy 221–222, 221–223 concentration 273
lymph node aspirates Starch granules, identification 144,
184–185, 184–185 144–145
pinworm eggs 135–137, 135–137 Sterilization (see"
C_0393_002,DOC_WHO_2003,P_0393,393,381,2,180,397,1371,2904,217,e25570dbea80ca426f6026dd327f86a61322ab8ee7d0a8759d5732a2e4e37ed6,"cavity fluids 218 Romanowsky 265, 299
CSF 255, 255 Wayson 367
fungal infection 225, 227–228, 228 Standard curve, haemoglobin
leprosy 221–222, 221–223 concentration 273
lymph node aspirates Starch granules, identification 144,
184–185, 184–185 144–145
pinworm eggs 135–137, 135–137 Sterilization (see also Cleaning;
pus 220, 227 Disinfection) 85–90, 86–87,
semen 212 89–90
skin 161–163, 161–163, 195, 196 autoclaving 86–87, 86–88
sputum 205, 205–206 boiling 89
stools 107, 216–217, 217 dry heat 89–90, 91
syphilis chancre 210, 210 using a pressure cooker 89–90, 90
throat swabs 206, 206 Stills
urine 231–232, 238, 241, 249, 252 demineralized water 33
urogenital samples 207–208, 215 distilled water 24–27, 25–26
Specimen containers 34, 42–44, 42–44 Stirring rods, how to make 40–41, 40
cleaning 81–82, 82 Stocktaking, supplies 45–46
Specimens Stools, disinfection 85
dispatch 91–96, 93–94 Stool specimens
disposal 97 containers 42, 42, 82
registration 46–51 dispatch 92
Spectrophotometers (see also occult blood 157–159, 159
Colorimeters) 271–279 parasitology 107–110, 107–110
calibration 272–274, 273, 276–277 watery 216–218, 217
Sperm counts (see also Semen Stoppers, volumetric flasks 76
specimens) 214–215 Storage
Spherocytes 308, 308 supplies 45
Spherocytosis, hereditary 308 water 24
Spinal compression 257, 262, 263 Streptococcus pneumoniae 257, 260,
Spirit lamps 35 260–261
Sputum, disinfection 84 Streptolysin O 336–338
Sputum specimens 204–206, 205 Strongyloides stercoralis
containers 44, 44, 82, 82 eggs 109, 128, 143, 143"
C_0394_001,DOC_WHO_2003,P_0394,394,382,1,0,220,0,1720,220,824a904532287c642081f4cac6fe5bb86e97e5d6dfcf76ba1db470106968f5ff,"382 Index




Strongyloides stercoralis (continued) Techniques (continued)
larvae 156–157, 158 pinworm eggs examination 135–138,
Stuart transport medium 207, 209, 264, 135–137
264, 365 Plasmodium spp. detection 173–182,
Subarachnoid haemorrhage 256–257, 178
257, 262, 263 Schistosoma mansoni detection
Sulfosalicylic acid 365 141–143, 142–143
Sulfuric acid, handling 97 sedimentation 153–157, 154–156
Supplies semen examination 212, 212–214
electricity 12–20 smear staining 199–201, 199–204, 204
laboratory 33, 34–35, 36–39 sputum/throat swab examination
ordering procedures 46 205–206, 205–206
stocktaking 45–46 stools examination 107–109, 108–109
Supplies (continued) syphilis diagnosis 210–211, 211,
storage 45 346–349
water 24–31 tapeworm detection 147–149,
Switches, electrical 19, 19 147–148
Symptoms thin blood films 300–304, 300–314,
African trypanosomiasis 183 306–314
Chagas disease 192–193 trophozoites staining 117–118
leishmaniasis 194 Trypanosoma spp. detection 183–194,
malaria 172 184–187, 189–194
Syphilis (Treponema pallidum) 197, urine protein estimation 238–239
209–211, 211 Willis solution flotation 152–153,
tests 346–349, 348–349 153–154
Syringes 36, 81, 81, 87, 87 Tests (see also Techniques)
Système internationale, see Units, SI African trypanosomiasis 188–192,
189–192
Taenia spp. (tapeworm) 106 anthrax 204, 204, 220
adults 146–148, 147–149 antibody determination 339–341
eggs 128, 143–144, 144, 152 ASOT 336–338
identification 149 Chagas disease 193–194, 193–194
Tally counters 37 ELISA 341–342, 343–344
Tapeworm, fish (Diphyllobothrium falciparum malaria 344–346,
latum) 106, 128, 134, 134, 152 345–346
Tapeworm (Taenia spp.) hepatitis 342–344, 344
adults 146–148, 147, 149 HIV 341–342, 342"
C_0394_002,DOC_WHO_2003,P_0394,394,382,2,180,387,1428,3017,207,d7d40601c2255ed667c917785048182a67b22bbf73bd1df18f1d68e42dc5b8b8,"ASOT 336–338
identification 149 Chagas disease 193–194, 193–194
Tally counters 37 ELISA 341–342, 343–344
Tapeworm, fish (Diphyllobothrium falciparum malaria 344–346,
latum) 106, 128, 134, 134, 152 345–346
Tapeworm (Taenia spp.) hepatitis 342–344, 344
adults 146–148, 147, 149 HIV 341–342, 342
eggs 128, 143–144, 144, 152 immunology 330–335, 330–335
identification 149 latex agglutination 336, 336, 338
Taps, water supply 20–22, 20–22 leishmaniasis formol gel 196
Target cells, erythrocytes 306, 307 Onchocerca volvulus 160–163, 161–163
Techniques (see also Tests) rheumatoid factors determination
agglutination 188–192, 189–192, 336, 336
333–334, 333–336, 336, sickle-cell anaemia 314–316, 315
338–339 stools occult blood 157–159, 158
anthrax detection 204, 204, 219–220 syphilis infection 346–349, 348–349
biopsy fixation 95–96 Test-tubes 34, 37
blood sample staining 175–176, cleaning 82
175–177 heating precautions 97
cellophane faecal thick smear holders 35
141–143, 142–143 Thalassaemias 306–309
CSF examinations 256–264, 256–264 Thermometers 35
fungi detection 225–229, 226, Thick blood films
228–229, 261, 261 Chagas disease 193–194, 193–194
gonorrhoea diagnosis 207–209, 208 Plasmodium spp. 173–182, 175
leishmaniasis diagnosis 196, 195–196 Trypanosoma spp. 187, 187
leprosy diagnosis 221–223, 221–224 Thimerosal, see Thiomersal
microfilariae detection 164, 164–172, Thin blood films 299–314, 300–304,
166–167, 169, 171–172 306–314
oocyst detection 123–124, 124 Plasmodium spp. 173–182, 175
parasite concentration 152–156, preparation 300–303, 300–303
152–157 staining 303–305, 304"
C_0395_001,DOC_WHO_2003,P_0395,395,383,1,0,220,0,1647,220,091c258d7318a8c53afb0dfa6f3860158457988a1438fcd6b3d3ce591a6a2024,"Index 383




Thiomersal–iodine–formaldehyde Trypanosoma spp. 159, 182–194, 185,
(TIF) 109, 110, 365–366 187, 193
Thiosemicarbazide, blood urea CSF 259–260, 260
concentrations 325–327 Trypanosomiasis (see also Trypanosoma
Threadworm, see Pinworm spp.) 161, 295
Throat specimens 92, 206–209, African 183–192, 184–187
208–209 Chagas disease 192–194, 193
Thrombocytes 266, 266 Tubercle bacilli 253, 253
deficiency 298 Tuberculosis 197, 295
number concentration 7, 321 Tuberculous meningitis 257, 259
TIF, see Thiomersal–iodine– CSF examination 263
formaldehyde Ziehl–Neelsen staining 261
Timers 35 Tubes (see also Test-tubes)
Tinea infection 225–226, 226 centrifuge 72, 72
o-Toluidine reagent 322–325, 323–324, glass 33, 34, 37, 39–40, 39–42
358 Westergren 37
Tongue depressors 36 Turbidimetry, immunology 335
Tools Türk solution 366
electrical repairs 17, 17 Type number fraction, leukocyte 6, 259,
laboratory 38 319, 319–320
plumbing 20, 20 Typhoid fever 291, 320
Tourniquets, blood collection 268, 268
Toxoplasma gondii 124 Units, SI 2–7
Traditional system, measurement 5–7 Urates, urine 246, 246, 247, 247
Transformers, electrical 17 Urea 7, 325–327
Transmission Urea reagents 325, 366–367
African trypanosomiasis 183 Uric acid crystals, urine 245, 245
blood/skin parasites 160 Urine
Chagas disease 193 disinfection 84
intestinal parasites 106 neutral 245–246, 248
leishmaniasis 194 Urine specimens 231–254, 235–236,
Transport 239–248, 250–253
biological specimens 91–96, 93–94 abnormalities detection 241–248,
lead batteries 14 241–248
specimens, see Dispatch analysis register 47, 49
Transport media 263–264 bacteriological examination 251–254,"
C_0395_002,DOC_WHO_2003,P_0395,395,383,2,180,378,1317,2817,198,ebb64e5d7900899c3ec1682203be5b6a5dbf7ade3e0e8af0f141b562a1c378d1,"84
intestinal parasites 106 neutral 245–246, 248
leishmaniasis 194 Urine specimens 231–254, 235–236,
Transport 239–248, 250–253
biological specimens 91–96, 93–94 abnormalities detection 241–248,
lead batteries 14 241–248
specimens, see Dispatch analysis register 47, 49
Transport media 263–264 bacteriological examination 251–254,
Amies 352–353 252–253
buffered glycerol saline 218 blood 234, 241–242, 241–242
Cary–Blair 216–217, 354 casts 243–244, 243–244
Stuart 207, 209, 264, 264, 365 cells 241–243, 241–243
Treponema containers 44, 82
pallidum 209–210, 346–349 crystals 236, 245–248, 245–248
pertenue 210–211 dispatch 93
Trichloroacetic acid 322–323, 353, 358, foreign substances 244–245, 245
366 glucose detection 236, 236
Trichomonas b-hCG determination 339
hominis 115, 116 ketone bodies 239–240, 239–240
vaginalis 215, 249 pH measurement 235, 235–236
Trichostrongylus spp. 106, 128, 144, preservation 234
144 protein detection 236–239
Trichuris trichiura (whipworm) 106 Schistosoma haematobium 248, 248,
adults 150, 150 249–251, 250–251
eggs 126, 128, 144, 144, 152 Urogenital specimens
Triple phosphate crystals, urine 245, gonorrhoea 207–208, 208
246 syphilis 209–210, 210
Trisodium citrate 366 vaginal discharge 215–216
Trophozoites 111–117, 111–118
amoebae 113–114, 113–115 Vacuum pumps 79, 79
ciliates 116, 117 Vaginal discharge specimens
flagellates 115–116, 115–116 215–216
staining methods 117–118 Vectors (see also Transmission)
urine specimens 240, 249 common filarial parasites 165"
C_0396_001,DOC_WHO_2003,P_0396,396,384,1,0,200,0,1409,200,cb7ea9e4dfa86fbd5f8cccc26344e54a6651a59b8c83451af1fb985b3a5ffb58,"384 Index




Venous blood Weighing, laboratory balances 66–69,
collection 267–270, 267–270, 281, 67–69
286 Weight, definition 3
examination 166–170 Westergren tubes 37, 83
glucose concentration 325 Whipworm (Trichuris trichiura) 106
Vibrio cholerae 216, 217 adults 150, 150
Vincent’s bacilli 199, 201, 201 eggs 126, 128, 144, 144, 152
Virus infections 312, 313, 321 White blood cells, see Leukocytes
diarrhoeal disease 105 Willis solution 152–153, 152–153, 368
hepatitis 342–344, 344 Wintrobe solution 368
Visceral leishmaniasis 196 Work benches, disinfection 85
Voltage, electrical supply 16 Worms, see Filariae, Helminths
Volume fraction, erythrocyte 6, Wuchereria
279–287, 280–283, 286 bancrofti 248, 249
Volume, SI derived units of 4–5 spp. 159–160, 163, 165, 172
Volumetric flasks 34, 75–76, 76
Volumetric pipettes 73–74, 74 Xanthochromia, CSF 257, 257

Wall sockets, electrical 19 Yaws (Treponema pertenue) 210–211, 211
Wash bottles 35, 37, 42, 41–42 Yeasts 124–125, 125, 204
Waste disposal 90–91, 90–91 Yersinia pestis (bubonic plague) 218
Watch glasses 34, 37 staining techniques 203–204, 218,
Water 219
laboratory supplies 23–31, 354,
361–362 Zenker fixative 368
plumbing 20–23 Ziehl–Neelsen stain 123–124, 202–203
waste 22–23 acid–ethanol 351
Water-baths 32, 83 carbol fuchsin solution 354
Watery stool specimens 216–218, 217 smears 221, 222–223
Wayson stain 203–204, 367 tuberculous meningitis 261"
C_0397_001,DOC_WHO_2003,P_0397,397,385,1,0,135,0,987,135,ef68560e5cfc8647492f1501e42d72909008d3980b7abc47ca1931b742f8fba3,"Selected WHO publications of related interest



Basic laboratory methods in medical parasitology.
1991 (122 pages)


Basic laboratory methods in clinical bacteriology.
1991 (128 pages)


Laboratory diagnosis of sexually transmitted diseases.
Van Dyck E, Meheus AZ, Piot P.
1999 (146 pages)


Maintenance and repair of laboratory,
diagnostic imaging, and hospital equipment.
1994 (164 pages)


Safe management of wastes from health-care activities.
Prüss A, Giroult E, Rushbrook P, eds.
1999 (244 pages)


Safety in health-care laboratories.
(document WHO/LAB/97.1)
1997 (157 pages)


Laboratory biosafety manual, 2nd ed.
1993 (133 pages)


Basics of quality assurance for intermediate
and peripheral laboratories, 2nd ed.
El-Nageh MM et al.
WHO Regional Publications, Eastern Mediterranean Series, No. 2
2002 (256 pages)




Further information on these and other WHO publications can be obtained from
Marketing and Dissemination, World Health Organization,
1211 Geneva 27, Switzerland."
C_0398_001,DOC_WHO_2003,P_0398,398,,1,0,220,0,1538,220,96dda2e982610d66e9d39c5631a2345a4186d6f1dc5f5ae8c251326ac66d524e,"This manual provides a practical guide to the safe and accurate perfor-
mance of basic laboratory techniques. Intended for use by laboratory
technicians working in peripheral-level laboratories in developing coun-
tries, the book emphasizes simple, economical procedures that can
yield accurate results where resources, including equipment, are scarce
and the climate is hot and humid.


The book is divided into three parts. The first describes the setting-up
of a peripheral health laboratory and general laboratory procedures,
including use of a microscope and laboratory balances, centrifugation,
measurement and dispensing of liquids, and cleaning, disinfection and
sterilization of laboratory equipment. Methods of disposal of labora-
tory waste, dispatch of specimens to reference laboratories and labora-
tory safety are also discussed. The second part describes techniques for
the examination of different specimens for helminths, protozoa, bacte-
ria and fungi. Techniques for the preparation, fixation and staining of
smears are also discussed. The third and final part describes the
examination of urine, cerebrospinal fluid and blood, including tech-
niques based on immunological and serological principles. For each
technique, a list of materials and reagents is given, followed by a
detailed description of the method and the results of microscopic
examination.


Numerous illustrations are used throughout the book to clarify the
different steps involved. A summary of the reagents required for the
various techniques and"
C_0398_002,DOC_WHO_2003,P_0398,398,,2,180,232,1275,1625,52,83af4e17b608073596412edac03e51c3dbe5ad616d58e87d9f7276c61002d850,"is given, followed by a
detailed description of the method and the results of microscopic
examination.


Numerous illustrations are used throughout the book to clarify the
different steps involved. A summary of the reagents required for the
various techniques and their preparation is provided in the annex.





ISBN 92-4-154530-5



9 789241 545303"
